files_changed,lines_added,lines_deleted,previous_failures,previous_runs,historical_failure_rate,test_count,test_failures,build_duration,dependency_changes,commit_frequency,pipeline_status
6,61,32,1,26,0.038461538461538464,86,3,220.63921309423674,0,5.925417408856398,success
7,68,93,2,5,0.4,113,2,113.84939125336246,2,0.6602739829043185,success
6,16,29,1,38,0.02631578947368421,60,2,291.80081689355166,0,0.40399786667727067,success
7,91,9,2,41,0.04878048780487805,214,6,478.665378876938,0,8.396156829213936,success
7,138,43,2,15,0.13333333333333333,208,6,166.39122014592766,0,5.451281474473058,success
6,30,19,1,31,0.03225806451612903,264,7,162.70270076648492,0,0.26223883678895604,success
11,88,11,1,18,0.05555555555555555,196,2,253.22103894039543,1,2.7999165822753973,success
4,30,13,0,12,0.0,196,3,350.7994875839819,0,6.861077922928724,success
8,22,86,0,21,0.0,62,3,352.57007617335114,0,9.399635308556585,success
6,167,196,4,17,0.23529411764705882,251,9,96.45698791481455,0,8.456625317230245,failure
6,52,20,2,44,0.045454545454545456,164,6,159.08888437867165,2,4.506730471705618,success
12,198,72,6,11,0.5454545454545454,77,1,264.79314072441724,1,2.927144144305534,success
2,35,44,2,19,0.10526315789473684,220,3,245.93137575164062,1,3.1701851211502623,success
8,111,6,1,45,0.022222222222222223,39,0,81.35850416952715,1,7.362887743136797,failure
12,33,151,2,19,0.10526315789473684,73,2,242.65089173993985,2,8.063859448953217,success
5,64,112,3,47,0.06382978723404255,143,4,180.5283634936422,1,3.718151459049088,success
7,7,37,2,40,0.05,77,1,95.22408362033073,0,6.2663095408010125,success
8,115,40,1,18,0.05555555555555555,279,7,211.47437448198312,0,7.481588974372059,success
6,56,68,2,34,0.058823529411764705,110,3,129.50602523523202,1,8.472482482279432,failure
11,57,298,2,40,0.05,91,3,185.3856652376125,0,6.445110447096324,failure
6,51,52,1,18,0.05555555555555555,156,6,108.80124298774821,1,8.656533738580038,success
8,96,76,0,8,0.0,232,8,169.70310460919205,1,2.887340691719292,failure
9,49,6,4,13,0.3076923076923077,175,1,69.8870932220941,0,7.017910656903044,failure
11,81,107,2,37,0.05405405405405406,174,6,225.9378596689119,0,4.080358794368779,success
5,34,32,1,12,0.08333333333333333,218,3,393.96161459905613,0,9.293508582990082,failure
9,141,93,2,19,0.10526315789473684,197,6,314.9108454567984,2,2.265888181070067,success
8,44,80,1,42,0.023809523809523808,192,5,159.78792305036058,0,7.894870574878663,success
9,83,17,0,33,0.0,289,7,438.9337620294175,1,9.323406852448073,failure
8,199,32,0,5,0.0,48,1,124.35539429515983,0,6.856178240729712,success
12,90,27,0,42,0.0,129,3,257.7237549072388,1,7.911214292168642,success
15,120,19,1,31,0.03225806451612903,176,7,228.38915950713232,1,8.872955270845521,success
9,94,13,0,18,0.0,76,1,108.88086414197727,1,3.1643385441008727,failure
5,83,60,2,12,0.16666666666666666,265,5,107.34817089894673,0,1.3327345819862526,failure
7,68,15,2,11,0.18181818181818182,232,9,210.4997567473493,1,9.371356970246971,success
9,20,12,2,28,0.07142857142857142,207,4,309.9760699443735,3,0.47129118404207226,failure
6,47,37,0,20,0.0,132,1,168.0331843735061,1,4.897633810703433,success
9,32,20,2,5,0.4,70,2,117.4078731370285,0,3.292397594950209,success
5,59,30,1,46,0.021739130434782608,29,2,148.6635058870233,1,5.590476552381124,success
2,21,36,3,16,0.1875,110,3,211.35307941080913,0,9.894251385763138,failure
8,65,98,1,45,0.022222222222222223,70,2,532.7732790734918,0,0.5527120491979509,success
8,181,26,0,14,0.0,262,4,535.7262587209177,1,7.719196258394911,failure
6,182,103,0,46,0.0,195,7,143.81901245602646,0,0.3432017789176368,success
9,109,65,0,39,0.0,76,2,218.10270231796554,0,2.6862738925105054,success
3,47,82,0,38,0.0,255,9,186.95909475406978,0,7.084963107000298,success
5,65,0,2,13,0.15384615384615385,247,7,171.6895563755473,1,2.8207967790529653,failure
13,144,36,2,26,0.07692307692307693,234,7,152.7201302272081,0,6.146329240980632,success
12,81,28,2,41,0.04878048780487805,31,1,259.38857223082584,1,9.671376501334633,success
10,252,23,2,16,0.125,201,4,127.53344894311365,0,8.759861489045619,failure
7,112,51,4,40,0.1,296,7,275.32704250837116,0,8.37965965575755,failure
6,108,40,4,46,0.08695652173913043,282,9,171.39467616117435,1,2.0160618128803725,failure
5,100,130,4,36,0.1111111111111111,295,12,223.1119502242621,1,2.790646553414472,failure
9,79,82,1,21,0.047619047619047616,30,3,99.22888853851197,1,7.897070085257167,success
6,80,26,1,6,0.16666666666666666,281,8,431.1099872765677,0,7.331900953503668,failure
4,87,20,1,35,0.02857142857142857,261,4,123.4133134382994,1,2.984170198751211,success
8,89,11,1,24,0.041666666666666664,154,8,109.97442739925712,1,4.34625936209831,success
9,21,77,1,42,0.023809523809523808,64,1,353.43798602184734,1,6.5205021612114855,success
10,6,69,0,9,0.0,49,0,385.8341968204097,2,5.302739680720306,success
8,36,106,2,12,0.16666666666666666,47,4,293.75993046779575,1,4.615471550668115,failure
13,53,36,1,20,0.05,246,6,214.02539249038097,1,1.091110800278574,failure
6,175,82,2,36,0.05555555555555555,75,3,254.93356138397655,1,4.406104367267089,success
15,139,67,1,7,0.14285714285714285,148,2,365.81741463234226,2,9.92241868051934,success
8,36,34,1,13,0.07692307692307693,47,2,285.374158206948,1,3.485175870428474,failure
10,57,42,4,40,0.1,202,11,284.03014279504094,0,6.970568280847051,failure
5,59,8,2,37,0.05405405405405406,117,8,195.315286867107,0,5.107464572833517,failure
12,270,154,1,10,0.1,107,1,268.9173012218578,1,7.967754527339823,failure
9,89,39,1,36,0.027777777777777776,48,2,470.7183745620868,0,7.507922307243014,success
4,256,23,2,22,0.09090909090909091,211,7,321.2836678324616,1,9.449606298481799,failure
7,112,8,1,8,0.125,173,7,390.23807438142467,2,6.54230801464569,failure
4,89,126,2,48,0.041666666666666664,255,6,276.8543833985703,0,9.482889471267395,failure
7,8,27,3,32,0.09375,30,1,227.4923999223477,1,0.5113486495042712,failure
7,69,11,0,39,0.0,163,4,153.47611735757593,0,4.127432133149469,success
7,128,40,0,38,0.0,115,5,45.126249637571895,1,6.784951202261989,success
8,48,53,1,38,0.02631578947368421,286,11,214.29439045954092,2,4.854941022959078,failure
4,178,84,3,41,0.07317073170731707,192,4,275.7130983792469,0,9.328535718248169,success
8,175,4,1,37,0.02702702702702703,219,7,232.84434337945666,2,1.4909962288573775,success
8,15,18,1,20,0.05,196,3,125.27187420716889,0,4.854102429168053,success
6,14,39,4,42,0.09523809523809523,140,0,231.8849616208568,0,8.576147597304836,success
6,202,50,2,41,0.04878048780487805,223,7,281.6944356838079,1,7.598746615459902,failure
11,38,55,0,48,0.0,179,8,371.2053677113898,0,7.93297911058338,success
7,41,23,0,21,0.0,206,10,130.44671979376102,0,4.677973728832445,failure
6,17,16,1,27,0.037037037037037035,223,7,245.59934364872765,0,3.450440343846869,success
6,55,6,3,15,0.2,262,10,139.46106028804192,0,5.11277611135883,success
12,54,46,1,38,0.02631578947368421,211,6,250.01371894567956,1,2.09069151345264,success
7,44,9,2,29,0.06896551724137931,235,10,120.97806109690272,0,6.449375961683555,success
11,210,28,1,23,0.043478260869565216,103,4,55.26820133537692,1,7.885857805625792,success
11,201,12,1,12,0.08333333333333333,253,6,416.8990918317468,0,0.8108680793990353,success
8,67,29,2,8,0.25,26,1,186.72232849524642,0,6.0309104340766275,failure
7,158,34,2,10,0.2,134,1,126.15168302167613,0,5.796858015720315,success
9,89,53,0,28,0.0,25,0,165.6220412526477,0,2.714228188794467,success
9,161,7,1,24,0.041666666666666664,230,11,85.78657500575521,1,9.954074446892344,failure
10,225,59,2,7,0.2857142857142857,71,0,336.3445368030864,1,5.0479067926534045,success
13,78,62,2,45,0.044444444444444446,165,3,287.6787652988949,0,8.891208210290475,success
5,1,13,1,27,0.037037037037037035,287,6,178.91397256838343,1,1.9846141830483288,success
9,162,12,2,23,0.08695652173913043,254,9,279.338093942634,0,7.513594832360063,failure
8,44,20,2,5,0.4,130,2,209.35623955582523,0,0.8849954390874911,success
7,136,104,2,7,0.2857142857142857,184,1,231.94890287034903,2,0.7743951825152936,success
6,322,5,3,27,0.1111111111111111,285,13,308.79231806503026,0,2.0021442554743807,success
5,78,58,0,5,0.0,40,2,361.6174538760858,1,7.399067005095374,success
9,210,45,0,9,0.0,160,4,120.5708061378327,1,9.970041210438648,success
6,138,113,2,32,0.0625,273,5,146.2183521223975,1,8.128632278832006,success
4,197,66,1,9,0.1111111111111111,85,3,141.03722187679844,0,4.30444812931027,success
7,122,79,2,23,0.08695652173913043,165,8,273.28181730711054,0,6.471498979480756,success
6,113,19,0,48,0.0,117,7,196.28918913292216,0,4.798637863098162,failure
3,108,24,3,17,0.17647058823529413,252,5,200.7353938272,2,2.549359144011319,failure
10,77,9,1,34,0.029411764705882353,120,4,253.76067963284572,0,6.197153972616322,success
11,367,65,2,12,0.16666666666666666,171,5,130.52681246142956,0,5.343187634236064,success
8,93,4,1,21,0.047619047619047616,245,5,94.32249242217998,0,5.4239531765443765,success
4,150,31,0,29,0.0,45,2,572.8836769844135,1,0.7276702488740883,failure
5,24,116,3,16,0.1875,274,10,158.65161911363677,1,1.298431814671423,failure
11,298,68,3,33,0.09090909090909091,88,6,246.45803658271961,1,5.046976343678301,failure
6,188,49,1,47,0.02127659574468085,179,2,250.7036706753852,0,3.651293480187881,success
9,41,22,1,5,0.2,27,0,243.45922277444944,1,4.307501442753148,success
7,121,76,0,6,0.0,37,2,214.58059630288525,1,3.961413686088426,success
9,120,17,2,38,0.05263157894736842,205,5,314.9416980419415,3,7.143090754162376,failure
7,158,56,2,37,0.05405405405405406,148,4,290.53867904521184,0,1.8677489999432304,success
12,78,82,0,5,0.0,171,6,132.12365203606748,0,9.427187900179916,success
11,30,16,1,14,0.07142857142857142,194,5,96.12494734862113,0,4.757039583420339,success
7,102,38,0,22,0.0,82,0,205.01907969688665,1,3.4698079789893472,failure
5,37,37,1,26,0.038461538461538464,45,1,214.08262991239386,2,0.3096440640905307,failure
7,330,61,2,35,0.05714285714285714,133,2,158.13969963859944,1,3.6157334624225212,success
10,104,13,5,6,0.8333333333333334,241,13,245.29387107203212,1,6.2949750405667215,failure
10,18,45,0,27,0.0,120,4,183.75957917813912,1,7.992902166496309,failure
3,62,29,2,7,0.2857142857142857,42,2,104.17411858411955,0,7.346854254808631,failure
11,102,86,0,48,0.0,24,2,136.23573945056287,0,5.774876874128951,success
9,371,51,2,28,0.07142857142857142,33,0,166.41929081524088,0,4.417251699087867,success
9,31,54,1,29,0.034482758620689655,118,2,174.5943996050554,1,5.301942775321884,success
9,24,48,2,45,0.044444444444444446,275,11,234.7531517407433,1,9.621750753662257,success
10,90,19,3,17,0.17647058823529413,136,7,136.76939312496378,0,9.664388470641372,failure
6,90,15,2,14,0.14285714285714285,243,1,104.01228234409572,0,8.052577024779158,success
10,109,59,1,10,0.1,41,3,351.48328055253006,0,1.7516880801418575,success
14,117,3,0,9,0.0,132,4,216.8535057804975,2,9.348795645317052,success
8,96,18,1,43,0.023255813953488372,52,1,108.21247354884213,2,6.514089654346548,success
11,269,36,2,20,0.1,288,12,76.42126979636785,0,4.830215405211767,success
7,99,52,2,47,0.0425531914893617,121,2,626.8097991679487,0,5.658186982313097,success
5,43,8,1,25,0.04,220,7,522.8851447214034,1,4.816572809604403,failure
7,154,31,5,46,0.10869565217391304,127,3,489.46162121658386,0,4.834189022306554,success
9,146,38,0,44,0.0,148,2,147.8680875436637,1,4.368959650869486,failure
8,59,32,0,9,0.0,162,4,468.2638773339493,1,8.968886400954327,success
10,11,39,0,37,0.0,138,2,274.34284034501604,0,4.612831211528584,failure
9,57,21,2,7,0.2857142857142857,240,7,462.56059710466536,0,2.2794202106748935,success
9,92,73,1,19,0.05263157894736842,33,1,119.24535409903949,0,2.364666107047797,success
5,8,49,2,14,0.14285714285714285,96,2,177.66063121621343,1,1.4029524957787474,failure
5,43,30,1,5,0.2,136,2,178.3714731845011,2,5.587374107033926,success
8,24,3,5,14,0.35714285714285715,75,1,99.4437507987125,0,3.3157377959366983,failure
8,30,44,0,20,0.0,253,4,195.2684791306972,0,5.81630590321046,success
3,92,8,0,35,0.0,144,2,133.30688506226588,1,9.315504708469962,success
4,95,3,4,48,0.08333333333333333,44,1,374.6136247645595,1,9.560761273800082,success
8,41,13,0,32,0.0,110,0,333.95795850244644,0,3.127405279710507,success
9,141,50,3,41,0.07317073170731707,112,1,451.7079070412231,0,2.2800786177315056,success
8,155,50,0,31,0.0,177,5,174.9109287238772,0,0.6478590200331925,failure
8,20,0,0,15,0.0,238,5,98.27478336930312,0,2.801617950669376,success
9,205,49,1,25,0.04,26,0,129.78870973477441,1,5.112310919604875,success
7,93,4,2,41,0.04878048780487805,160,4,183.2765465720718,0,6.065815931306154,success
11,141,74,2,42,0.047619047619047616,154,1,362.3446500837879,1,1.0717847891184658,success
10,142,62,1,38,0.02631578947368421,118,2,362.54026227070915,1,2.5304106263400423,success
10,79,3,0,26,0.0,217,8,412.63612539553424,0,0.5153664505312749,failure
9,170,43,1,14,0.07142857142857142,41,1,208.74407290527418,0,7.784514605517123,success
6,95,21,1,8,0.125,40,0,69.83931722935316,0,2.7745950622210707,failure
5,186,73,6,48,0.125,37,0,170.32924202008053,0,5.734351537744534,success
9,18,17,1,9,0.1111111111111111,67,6,266.6175158149063,1,4.656150838295091,success
6,218,99,0,27,0.0,112,2,368.47396877025926,0,4.82589745922242,success
5,285,65,1,20,0.05,45,3,189.0837424347059,0,6.690318717889438,success
8,93,9,3,23,0.13043478260869565,58,0,150.78231348480517,1,4.163062384250045,success
9,138,109,2,19,0.10526315789473684,184,8,178.24635766590893,0,2.573443178691445,success
12,87,43,1,29,0.034482758620689655,209,6,255.21702463467628,3,4.1545740087291305,success
8,27,32,0,16,0.0,175,6,354.68726554133485,1,8.255253283991632,failure
14,106,15,2,37,0.05405405405405406,287,7,213.54066998778003,1,5.664696792181261,success
3,37,40,2,46,0.043478260869565216,47,3,286.7754461837621,0,9.768514949100044,success
6,324,75,2,12,0.16666666666666666,235,7,188.2555807148191,2,7.871563088206959,failure
8,151,49,1,7,0.14285714285714285,50,2,85.54600384337792,0,8.273460927441395,success
10,197,52,3,48,0.0625,275,8,320.9061902110142,0,7.848385759608132,failure
4,27,37,4,43,0.09302325581395349,203,3,644.2898718659866,0,4.478965888759608,success
6,70,87,1,42,0.023809523809523808,138,6,308.1036690669851,0,8.055317491676131,success
9,26,43,3,9,0.3333333333333333,160,3,290.29061951403816,2,6.345054645120816,success
7,180,15,2,43,0.046511627906976744,92,2,381.6813373402358,0,2.3341899933891916,failure
11,18,19,3,36,0.08333333333333333,163,6,361.38454375150155,1,1.0401594889646102,failure
11,114,34,0,27,0.0,264,4,256.939566027727,0,5.038621035595074,failure
8,17,28,3,23,0.13043478260869565,66,4,129.18598936801342,0,5.870815403051258,failure
10,59,79,3,31,0.0967741935483871,155,2,217.43736911785825,0,3.5591767710822304,failure
8,70,53,1,25,0.04,195,7,117.04924828118077,2,6.333447614145267,failure
5,215,35,0,38,0.0,228,8,155.64351564468154,0,1.5925430244360326,success
5,145,18,1,6,0.16666666666666666,211,7,362.68562825231464,0,8.082601304207435,success
12,99,26,0,13,0.0,166,4,198.27422822710741,0,4.067735269238536,success
7,33,23,2,35,0.05714285714285714,62,1,235.27206133259895,0,7.286837576750154,success
13,35,63,1,36,0.027777777777777776,110,7,257.3708218314215,1,8.544483458188626,success
6,49,1,0,14,0.0,107,5,227.8443970541043,0,2.4648685936041423,success
7,72,17,0,40,0.0,216,6,204.47761419354478,2,5.499737700881729,success
12,73,8,2,29,0.06896551724137931,200,4,416.18683633428816,0,1.3374352691612625,success
8,156,17,2,5,0.4,194,9,160.7192014701511,1,0.5215307119518016,failure
12,54,51,1,26,0.038461538461538464,76,3,618.9995478244149,1,0.4964854282400404,success
3,146,53,2,9,0.2222222222222222,284,5,64.10196009982067,1,9.5065537090218,success
9,103,48,2,37,0.05405405405405406,162,3,171.91565035240797,1,0.5434578617709077,success
6,37,7,0,21,0.0,255,8,263.90024342767856,1,6.071269791007833,failure
6,116,38,0,26,0.0,46,1,272.9267106628237,0,0.6681744744962936,success
8,82,91,0,23,0.0,192,5,123.29879006309838,1,7.1747378390562835,success
8,13,26,2,39,0.05128205128205128,25,0,171.91403491977496,0,4.944306880003757,failure
6,23,30,0,39,0.0,58,1,368.1949409070495,0,2.1627344316480883,success
5,126,19,2,48,0.041666666666666664,35,0,279.6857626640081,0,6.072757582043629,success
9,52,34,2,23,0.08695652173913043,275,8,250.99802028931157,1,3.4087157187106314,failure
11,94,37,0,31,0.0,244,3,121.63456748147921,0,1.599979054875525,success
7,168,34,3,15,0.2,101,2,168.66360311890887,1,7.423719878025218,failure
9,70,32,2,46,0.043478260869565216,276,6,220.31742352088995,0,3.8795627130714654,failure
4,177,1,2,32,0.0625,160,3,275.8491304168416,0,4.744869244826868,success
4,24,141,1,14,0.07142857142857142,39,0,172.11048258692708,2,0.4826365339611266,success
6,174,98,1,39,0.02564102564102564,121,2,159.86889790204268,1,5.680862229214665,success
4,38,58,1,22,0.045454545454545456,101,1,236.62012442821995,1,5.185943682762298,success
10,100,29,6,9,0.6666666666666666,145,4,271.406164993314,0,7.5099952502244784,success
10,141,74,2,10,0.2,56,0,134.5345536689101,0,4.83361188426748,failure
9,248,56,1,26,0.038461538461538464,161,8,117.65789604922278,1,8.455922555766078,success
15,354,86,5,34,0.14705882352941177,84,2,167.3272543380128,1,3.5453385336957752,failure
7,26,25,2,22,0.09090909090909091,219,6,331.26832259697807,0,7.496735724695906,success
13,277,25,3,49,0.061224489795918366,244,5,156.379779152045,2,2.493175791635127,failure
5,110,127,1,5,0.2,269,11,170.19695839203314,0,8.6459150170718,failure
10,48,78,0,8,0.0,28,2,111.56659529072522,0,3.5837237057886533,success
7,203,65,1,46,0.021739130434782608,74,0,165.3793622872472,0,7.390340006777037,success
11,124,11,3,28,0.10714285714285714,51,2,147.6064711806667,0,8.062047833319369,failure
7,94,17,2,21,0.09523809523809523,269,6,579.7159112793972,1,1.724843567759149,success
10,92,5,2,47,0.0425531914893617,37,1,250.83034042484823,1,8.032334581942788,failure
9,229,8,1,25,0.04,210,9,261.21454856222863,0,2.9672345254125037,failure
12,117,29,2,12,0.16666666666666666,294,13,389.50891211404803,1,5.992394180163148,failure
5,133,20,1,22,0.045454545454545456,152,3,157.55711749326204,0,5.263899755003655,success
6,160,33,1,37,0.02702702702702703,159,8,57.62708593883324,1,5.897561202693336,success
8,41,44,0,34,0.0,217,3,334.2845949581784,0,7.907023483834365,success
11,143,14,2,13,0.15384615384615385,228,10,140.2408046532851,0,8.330022426327384,failure
5,111,47,0,15,0.0,152,6,297.364720875992,1,2.582555678949392,failure
6,207,41,2,8,0.25,111,6,228.5494494274851,0,1.9733940135935766,success
7,139,18,0,6,0.0,109,3,404.208388149271,1,0.9287685528370077,success
10,23,74,1,31,0.03225806451612903,91,5,444.74864007907,0,7.0893289912271955,success
7,50,31,3,22,0.13636363636363635,99,4,217.05391988914698,0,4.814450845831857,success
8,149,7,2,41,0.04878048780487805,90,2,85.52130891975042,0,1.5789317228454807,failure
9,77,9,1,38,0.02631578947368421,36,1,165.39709961924913,1,4.884432279962763,success
7,53,63,1,15,0.06666666666666667,70,1,375.0813372730869,2,9.847152846840594,success
7,38,39,1,6,0.16666666666666666,118,4,159.05649371040195,0,5.621788269281694,success
8,67,30,3,35,0.08571428571428572,206,4,140.2479556906179,2,8.733569041254116,success
11,87,31,1,48,0.020833333333333332,90,2,352.80952252775353,1,0.9748778362759287,failure
12,73,13,0,29,0.0,70,0,172.64198194655572,0,9.030537041510598,success
8,122,31,0,46,0.0,37,1,430.0713602037293,0,5.625501028734356,failure
11,29,13,1,23,0.043478260869565216,136,5,43.094535193119704,0,5.445607435512537,success
5,73,34,0,36,0.0,174,6,233.7938917517135,1,1.4636699167764005,failure
10,93,40,2,40,0.05,228,5,406.553029458547,0,4.622911912664606,success
9,123,10,3,11,0.2727272727272727,179,4,54.02442172471183,0,4.896842273467249,failure
9,87,17,2,18,0.1111111111111111,94,2,420.36263494958683,2,1.485938533548491,failure
7,67,53,0,49,0.0,223,3,86.70649309295334,1,3.422228615325696,failure
9,43,69,3,5,0.6,193,4,171.9680502785222,1,8.800814988726307,success
12,113,68,3,37,0.08108108108108109,183,7,291.34866361013127,1,0.4302366313885143,success
7,86,30,2,38,0.05263157894736842,95,1,132.08543181436022,1,5.284221856699944,failure
10,72,84,1,20,0.05,159,2,251.2747759147347,0,7.838465577200392,success
7,75,17,2,35,0.05714285714285714,231,10,309.14854716896787,0,9.680630376661039,failure
4,34,5,2,6,0.3333333333333333,189,4,382.95120489173706,2,6.615170969127043,success
9,86,22,3,16,0.1875,280,6,332.7106104341628,2,0.4989620733492045,success
4,46,20,1,23,0.043478260869565216,103,3,339.53598723420606,2,7.219178815992044,success
7,75,16,3,19,0.15789473684210525,251,7,201.4631903047498,3,7.318481115991001,success
15,93,62,0,20,0.0,194,4,312.57279849847646,0,5.417538881981444,success
10,55,36,0,20,0.0,267,8,252.71659428302834,0,3.840322863766324,failure
5,13,84,0,32,0.0,189,7,139.93071816616705,2,4.452642620278014,success
7,213,21,2,15,0.13333333333333333,276,8,250.5791111263971,0,9.457572666584834,failure
3,37,27,1,10,0.1,203,9,172.0588718189362,1,8.885243937809545,failure
3,88,53,0,31,0.0,158,11,161.1292058902055,1,2.913033188480648,success
8,108,71,1,21,0.047619047619047616,256,8,171.5507243827435,1,0.8332855569720655,failure
9,143,120,0,43,0.0,188,11,34.23962616661365,1,7.475360641137765,success
8,13,28,2,15,0.13333333333333333,142,5,449.88374366571736,1,5.376692523666596,success
4,65,1,2,17,0.11764705882352941,107,3,167.76680812964753,0,6.438587427435156,failure
6,189,0,2,17,0.11764705882352941,60,3,86.57085027411338,1,9.444238869258154,failure
7,263,157,1,12,0.08333333333333333,270,14,186.67680605915567,0,9.434511908595645,failure
7,57,26,1,29,0.034482758620689655,158,13,296.8553043173859,0,8.319007099702334,success
4,102,120,1,45,0.022222222222222223,267,10,252.1109151806905,2,2.7228649059688728,failure
5,45,38,1,41,0.024390243902439025,114,3,188.70564189994343,1,8.033422611432304,failure
13,87,91,1,18,0.05555555555555555,226,5,321.7911701354459,0,8.486604533510043,success
11,153,69,1,25,0.04,118,4,294.9453478317376,1,0.10881087143146785,success
4,45,10,4,47,0.0851063829787234,151,6,91.50567565239065,1,4.144730859955153,success
8,96,112,4,48,0.08333333333333333,263,3,421.7269348175854,0,3.198749375403104,success
6,135,13,1,24,0.041666666666666664,50,1,164.26944935759406,0,8.454961018089529,success
4,113,75,1,24,0.041666666666666664,240,6,135.10617493272966,0,1.1672066947346664,success
5,21,61,0,46,0.0,112,5,338.4169659132964,2,6.259369875819089,success
12,108,82,0,31,0.0,39,1,187.96207848921628,1,5.140921781812881,success
9,24,35,2,37,0.05405405405405406,264,7,107.77587249843089,2,9.25823654535538,success
7,10,73,3,35,0.08571428571428572,289,13,148.55173048727363,1,4.795073418109686,failure
11,30,14,1,20,0.05,138,4,359.59448397407283,1,0.8612594464259969,success
10,39,32,2,11,0.18181818181818182,63,3,150.80595445513072,0,8.904544134740968,success
11,32,70,1,20,0.05,37,1,271.0508287699418,1,6.051710349628121,success
13,86,87,1,8,0.125,228,10,66.13395368275769,1,6.716286053247033,success
9,273,14,5,7,0.7142857142857143,100,4,383.82467871262594,0,7.228387091281554,failure
7,71,71,1,34,0.029411764705882353,272,15,438.9057030844715,2,8.295176236256442,failure
5,102,67,1,23,0.043478260869565216,296,8,224.9298141724444,1,7.413674763361799,failure
8,155,61,0,31,0.0,268,5,164.9902952444624,1,2.646939204310731,success
9,240,27,1,33,0.030303030303030304,201,8,317.71162447868556,1,9.585016886213273,success
6,85,0,0,48,0.0,285,12,204.34033577445322,0,1.5392953911552247,success
7,32,66,0,21,0.0,120,1,192.2958929585775,0,4.202349685706247,success
7,208,87,2,5,0.4,202,5,52.74848235548892,1,5.371082553054108,success
10,58,98,1,25,0.04,40,2,172.26313200648357,1,0.6327464532036379,success
10,192,2,2,37,0.05405405405405406,87,3,175.11442297382723,0,1.3342685043751883,success
6,135,23,5,29,0.1724137931034483,248,9,220.4223694607348,0,1.9702011395567298,failure
4,149,54,2,15,0.13333333333333333,256,8,524.7750220496133,0,8.7149805095431,success
4,172,64,0,39,0.0,131,3,197.69555256202656,1,6.05396645410694,success
4,117,24,0,40,0.0,153,6,411.81916597383383,0,1.09729907285966,success
9,57,29,3,43,0.06976744186046512,44,1,162.81033901017966,1,7.355039528487916,success
7,149,32,2,32,0.0625,84,2,118.76737359764009,0,4.6172567693994555,success
11,31,10,2,24,0.08333333333333333,247,9,199.02145139284806,1,1.6754139656356317,success
8,178,53,3,43,0.06976744186046512,273,6,436.5089077496739,0,5.658886167090478,failure
12,287,136,2,47,0.0425531914893617,253,8,417.707568262504,0,3.908134335910198,failure
10,31,48,2,29,0.06896551724137931,278,7,183.1625836808711,0,6.518917248922992,success
4,14,77,2,12,0.16666666666666666,127,1,357.58029148289177,0,9.805132012336438,success
3,142,22,2,36,0.05555555555555555,83,3,151.67899725493783,2,7.303084988184101,failure
5,93,24,1,24,0.041666666666666664,235,7,402.5775817507389,0,5.1736446671211285,success
10,19,35,3,48,0.0625,106,6,426.0907954707737,0,6.16549351693164,success
5,20,24,1,45,0.022222222222222223,109,3,122.3780167903838,1,7.761276514824986,success
4,123,13,0,24,0.0,53,0,239.39552924322388,0,2.376713236677578,success
10,105,50,2,13,0.15384615384615385,264,7,233.55517470380616,1,1.4392639705367483,success
6,22,14,0,17,0.0,225,4,142.81288905901786,1,5.802120872315379,success
10,206,18,3,42,0.07142857142857142,299,13,170.74478239857638,0,7.481373500649386,failure
11,140,69,3,26,0.11538461538461539,185,5,51.771018615007286,0,4.281028503775867,success
5,73,65,2,34,0.058823529411764705,200,6,316.002428064246,1,2.018527848627881,success
8,56,25,1,41,0.024390243902439025,36,1,411.7484037575165,1,6.417040860653053,success
6,60,47,1,46,0.021739130434782608,255,8,273.53891684803165,0,6.799952150351334,success
9,39,190,1,27,0.037037037037037035,255,4,171.61448194603372,1,7.9077177225593775,failure
11,316,1,1,15,0.06666666666666667,162,4,244.36476199403108,0,5.903936823372469,success
13,67,21,0,18,0.0,33,1,282.2519974475161,1,3.7227363914480343,success
4,116,67,0,20,0.0,208,5,164.22539735738266,0,2.269283019634433,success
8,29,18,1,43,0.023255813953488372,33,1,382.74051333763254,0,0.5207079736581034,success
5,63,19,0,32,0.0,256,10,211.57081269654213,1,4.068155714281376,failure
11,94,6,0,44,0.0,184,6,286.39667632440865,0,7.72486257823074,success
8,90,27,0,31,0.0,95,3,177.62126467660326,0,7.5535059845571055,failure
3,3,16,1,14,0.07142857142857142,246,6,180.66163397102832,1,9.425772207828327,success
10,68,29,1,24,0.041666666666666664,51,1,243.8573170612105,1,0.27898787792907376,failure
12,167,25,2,31,0.06451612903225806,21,0,128.94923627593133,1,1.8485687496803207,success
7,21,35,4,26,0.15384615384615385,130,3,283.36629877162267,1,6.646164865651499,failure
8,346,35,0,49,0.0,269,10,336.1483178406774,0,5.463678180962047,success
2,97,68,3,36,0.08333333333333333,163,3,430.44619145695174,1,7.209220943762345,success
6,110,36,2,36,0.05555555555555555,280,10,359.75940350888936,0,3.948217681818986,success
2,20,18,1,42,0.023809523809523808,163,4,387.8336716216326,0,3.592193015374169,failure
11,97,81,3,44,0.06818181818181818,127,1,119.39782685234435,1,7.017924513548524,success
11,92,15,0,9,0.0,30,3,209.5445643842945,1,4.1456942167431166,failure
8,22,70,2,44,0.045454545454545456,27,0,142.63273951027318,1,2.665327580611213,success
14,183,15,1,13,0.07692307692307693,227,6,211.7910166218723,1,3.0859247960775056,success
13,40,194,3,11,0.2727272727272727,26,1,527.5341317276807,0,2.2732290179791232,failure
2,73,18,2,22,0.09090909090909091,239,12,422.8346713146728,1,0.21087068583157426,failure
12,190,83,0,44,0.0,149,5,238.0394904170303,1,6.950408087404129,failure
7,26,7,0,5,0.0,50,3,386.52439004418295,1,7.374461747161011,success
9,39,230,1,10,0.1,286,9,279.355255986374,1,7.938675990711283,success
6,81,25,4,18,0.2222222222222222,252,5,180.2680776021921,1,1.8752287876551805,failure
8,88,12,2,28,0.07142857142857142,84,3,249.8376107795869,1,9.148400344227264,failure
9,122,50,0,21,0.0,80,1,405.74967443074553,0,3.3794814003920575,success
7,285,53,4,21,0.19047619047619047,204,3,198.12841113620314,1,8.955393448176268,success
8,205,38,1,48,0.020833333333333332,113,1,250.78815420409592,2,2.7956292767477677,failure
6,140,21,2,25,0.08,113,0,348.1312434097051,0,0.5169678786785072,success
7,117,23,1,39,0.02564102564102564,159,3,257.8706215687989,1,5.2295678655615,success
10,56,17,1,38,0.02631578947368421,202,5,200.64590547174083,3,5.349813997223633,success
9,11,47,0,17,0.0,257,4,204.3967703574767,1,9.019220727343857,success
9,469,21,1,18,0.05555555555555555,125,0,152.53654704309045,0,6.733350587951964,success
2,54,79,1,8,0.125,139,2,147.31298730884313,0,8.280602427455808,failure
6,55,63,3,28,0.10714285714285714,121,7,135.8347267284206,1,8.545093632477911,success
9,25,58,2,10,0.2,242,7,343.0243921175168,0,4.929423830421438,failure
4,123,16,2,24,0.08333333333333333,280,8,100.00483829400467,0,9.091996007751069,failure
13,58,11,1,36,0.027777777777777776,37,1,290.0212799527845,0,7.264868493065919,success
8,219,57,1,27,0.037037037037037035,151,5,329.33991911447555,0,1.181936113068195,success
11,231,45,1,45,0.022222222222222223,295,5,127.64610039952773,0,2.5678439834037627,failure
6,63,52,2,18,0.1111111111111111,72,2,133.2583409045803,1,1.1168928888330272,success
8,195,25,0,26,0.0,167,7,172.81356373151246,0,5.877304662759132,success
7,80,20,1,21,0.047619047619047616,259,8,292.314937004746,0,2.310299572665745,success
11,38,61,0,44,0.0,73,4,148.06383205487143,1,9.428739916411597,success
8,36,17,2,6,0.3333333333333333,47,0,171.97585589291822,1,8.944301555724397,success
11,116,68,1,11,0.09090909090909091,258,10,196.1578255020141,0,7.97163516198741,success
2,57,49,2,39,0.05128205128205128,96,3,165.6954855423992,1,8.787267273890684,failure
5,108,19,0,40,0.0,182,6,217.97165499331967,0,8.441434760589315,success
5,125,48,2,18,0.1111111111111111,247,8,292.37889914443934,0,1.8360409321641695,success
6,73,58,4,24,0.16666666666666666,156,2,391.81808432398725,1,1.002943522208114,success
12,54,79,1,32,0.03125,45,2,183.14849284427362,1,7.013222152344554,success
5,62,18,4,17,0.23529411764705882,20,0,304.62707992519086,0,3.4879501316100803,success
7,188,25,1,48,0.020833333333333332,172,2,261.34620763633455,1,6.298483642948725,success
7,29,90,0,11,0.0,107,2,160.12260756768188,1,6.377880133827587,success
13,29,49,2,7,0.2857142857142857,177,5,271.96271589750995,2,8.59254677975777,success
9,53,19,3,9,0.3333333333333333,61,6,579.7436915031798,0,1.700786245953057,success
8,191,73,4,37,0.10810810810810811,95,2,125.97589597870137,0,8.862383235925355,failure
8,198,92,4,13,0.3076923076923077,255,5,222.89418227950492,1,3.3132326015884717,failure
4,121,40,1,31,0.03225806451612903,270,12,152.1934536842412,1,8.918822002467675,failure
10,172,73,0,19,0.0,231,3,355.5274534956264,0,2.1157637905978564,success
13,49,29,2,38,0.05263157894736842,238,4,167.7549875146126,0,1.6849806427078637,failure
6,30,45,3,22,0.13636363636363635,112,3,336.14491112931063,1,6.196132426012585,success
9,96,49,3,8,0.375,34,0,45.6903097145065,0,9.04827973719425,failure
9,130,15,3,38,0.07894736842105263,118,4,357.42059896633924,2,4.91958232323277,success
9,220,20,0,49,0.0,285,6,250.10265334146536,1,0.9164265913120844,success
3,22,49,2,25,0.08,204,7,86.83675355661472,1,8.71583058164911,failure
8,78,127,0,22,0.0,173,3,263.0136765489085,1,5.025677255179413,success
9,40,18,1,40,0.025,27,2,158.30312555415549,0,5.1028372637053945,failure
7,6,32,1,39,0.02564102564102564,205,8,237.06290750342978,0,2.2385294471831694,success
6,84,66,5,11,0.45454545454545453,84,5,561.7023110468064,1,2.066096415816087,failure
4,119,52,2,38,0.05263157894736842,275,4,164.70850816633697,0,6.13756132701125,success
16,65,20,1,41,0.024390243902439025,162,5,372.8956431285909,0,4.363205402316086,success
11,71,131,1,6,0.16666666666666666,215,8,220.2079087353377,0,1.5632159042448224,failure
9,70,44,0,45,0.0,61,4,164.73846033312574,1,9.774759153993926,failure
7,21,41,2,20,0.1,149,4,223.84959270928894,0,0.5626718530501483,failure
13,68,42,0,32,0.0,268,13,130.5897335817755,0,0.5296450578317486,success
4,13,29,1,34,0.029411764705882353,103,1,116.09242496183428,0,9.788253172756148,failure
10,127,131,2,35,0.05714285714285714,196,5,232.16892173793715,1,2.2920611577603722,success
8,41,5,0,12,0.0,267,6,247.9986223359373,1,0.23933788813846274,success
8,192,29,1,42,0.023809523809523808,205,4,226.6589350731593,0,4.035461904241925,success
5,4,12,1,39,0.02564102564102564,223,5,218.58300998577712,1,2.26439132010401,success
9,189,28,3,11,0.2727272727272727,257,9,193.76860548786405,0,8.077616924218466,failure
5,38,95,1,22,0.045454545454545456,159,5,377.2322533500714,0,2.609304513409907,success
6,235,144,0,40,0.0,195,4,203.1120202885986,0,8.190062503605184,success
8,125,17,1,25,0.04,129,1,227.04037398230807,0,5.354762754322482,failure
5,216,42,1,8,0.125,136,7,345.45829732927297,2,8.069886098317927,success
13,76,45,0,36,0.0,161,4,175.48773250457984,1,6.1778102471828165,success
11,156,19,3,20,0.15,173,3,99.8891371364773,0,7.58247934209189,success
9,90,44,0,22,0.0,239,4,294.2817845758155,1,4.644182296438341,failure
6,20,121,2,38,0.05263157894736842,20,0,231.2275561988887,1,4.26894262812805,success
9,36,9,1,26,0.038461538461538464,157,3,159.66509343176725,0,4.597882271027669,success
9,226,47,1,31,0.03225806451612903,234,5,307.1049193014095,0,7.458276113824634,failure
3,72,56,0,16,0.0,72,1,447.4680877520342,1,4.479368049752931,success
7,82,104,0,45,0.0,155,4,106.41809607552189,0,2.9890198859194244,success
8,61,19,0,36,0.0,21,1,280.36628403640316,2,8.125148825204846,success
8,44,10,1,11,0.09090909090909091,188,2,191.63068369109118,0,4.206733990699009,success
7,53,19,1,44,0.022727272727272728,48,0,172.58761054252884,0,4.525855307215562,success
6,75,30,1,42,0.023809523809523808,59,2,643.7227762596893,1,0.9145306996410483,success
5,60,52,0,48,0.0,147,2,193.95583980258888,0,3.7281421537507615,success
10,190,90,1,44,0.022727272727272728,72,3,225.52240649479523,0,8.243208208341068,success
5,56,57,0,14,0.0,288,9,225.65952160119238,0,6.711611456751082,success
8,207,16,1,40,0.025,269,11,95.4759724838693,0,1.4040181298333394,failure
8,51,35,3,14,0.21428571428571427,175,1,83.3873099158674,0,4.743830518712871,success
8,75,37,3,11,0.2727272727272727,126,5,194.58116569521005,1,9.262204413066582,failure
6,45,46,0,7,0.0,248,8,83.97590925608546,1,2.387628123161361,failure
8,78,33,2,16,0.125,168,5,127.30516790797148,0,8.268489413983739,success
7,69,52,2,36,0.05555555555555555,200,3,157.22393607905587,1,5.685768039230407,success
10,142,23,2,34,0.058823529411764705,260,6,99.76788982951176,2,3.6326369671327217,success
7,72,101,1,14,0.07142857142857142,223,9,546.1484909514694,0,9.718055621762064,failure
8,227,69,0,25,0.0,215,4,139.28444739669314,1,7.2388905647033015,success
9,43,53,3,42,0.07142857142857142,58,2,400.6014443018702,0,3.241029821114347,success
8,108,27,0,24,0.0,158,3,116.73083542828697,0,2.028675273159554,success
6,123,39,2,19,0.10526315789473684,127,4,347.84157253132156,0,8.795820326106218,success
9,174,21,0,25,0.0,162,3,136.01890778132986,0,5.955248263695704,success
7,42,77,3,35,0.08571428571428572,68,1,530.9918738438367,2,0.46233391052138395,failure
8,162,103,2,23,0.08695652173913043,234,9,355.1012307815588,0,4.335329530884248,failure
11,302,85,2,47,0.0425531914893617,216,2,408.06256360545564,0,4.492469054865034,failure
7,149,7,1,12,0.08333333333333333,237,11,593.9009811069933,0,7.776885953632879,success
9,36,41,1,46,0.021739130434782608,157,4,706.5007581943189,0,2.4599026287672787,success
8,62,6,1,26,0.038461538461538464,98,3,223.544889453889,0,4.632567745299393,success
6,87,83,2,16,0.125,64,1,180.62783148382232,0,0.8884055113867363,success
6,50,32,3,21,0.14285714285714285,29,0,227.906250747292,0,1.324694935273244,success
14,193,2,1,46,0.021739130434782608,216,6,156.03130796508424,0,7.960291209783016,success
12,22,34,1,16,0.0625,37,1,299.7264821809678,0,5.284593361190273,success
5,40,110,3,35,0.08571428571428572,283,12,235.67011244168953,0,3.9216108472597053,failure
12,54,122,2,12,0.16666666666666666,127,6,129.20770608342585,0,2.7358792929196376,success
8,153,28,0,22,0.0,79,2,128.42394179695523,0,9.639942003694406,success
7,85,52,0,31,0.0,160,2,243.97534989000854,0,4.735048664749046,success
4,137,31,2,46,0.043478260869565216,248,11,261.5926284587467,1,5.678719113685026,failure
5,84,97,2,47,0.0425531914893617,158,1,404.98517240035443,0,9.845267909710737,failure
5,99,45,1,10,0.1,278,12,321.87704682815274,0,7.553676324615141,success
4,57,22,4,32,0.125,91,0,200.78584369162476,1,3.839601565389588,success
7,116,55,3,33,0.09090909090909091,228,12,170.086856544659,2,5.609131527461019,success
9,149,55,1,22,0.045454545454545456,249,2,186.47803055113536,0,4.013012882647956,success
7,35,35,5,49,0.10204081632653061,32,0,102.48786295585859,0,5.581943441563732,failure
6,59,33,2,47,0.0425531914893617,68,2,477.6682090886025,0,6.503674180054223,failure
7,100,98,3,27,0.1111111111111111,155,5,114.25536891764125,0,9.7558920252466,failure
4,113,42,1,40,0.025,189,5,183.07913483318063,0,7.3433602607580974,failure
9,33,9,3,14,0.21428571428571427,139,5,214.8163098918118,1,7.0014652950951035,success
10,217,14,0,31,0.0,98,5,78.51605185685673,0,1.0576257007427907,success
11,75,44,1,22,0.045454545454545456,265,10,181.46942693480594,1,3.261266090507231,success
11,63,34,0,45,0.0,78,4,229.40312553369913,0,2.8790929414343966,failure
8,329,33,2,17,0.11764705882352941,96,1,228.06940034393168,1,1.0959603894872534,success
10,112,10,1,27,0.037037037037037035,273,6,203.89849116760752,1,8.731177352998458,success
9,127,62,1,44,0.022727272727272728,294,9,442.58304492487554,0,8.151009389889879,failure
8,93,48,0,47,0.0,76,3,194.1643577648489,1,7.923187921825262,failure
3,79,38,0,27,0.0,82,1,149.50662615273458,0,1.8480482201335289,success
5,119,7,1,44,0.022727272727272728,27,0,176.02347312388392,0,6.037107165325412,success
7,27,17,1,33,0.030303030303030304,62,4,268.98625049734903,0,5.3208461931439714,success
7,85,9,4,14,0.2857142857142857,172,1,283.6635614029878,0,6.164165038533178,success
8,44,11,2,34,0.058823529411764705,278,7,221.23874950839723,1,7.893949301591352,success
5,47,13,5,26,0.19230769230769232,296,6,223.60046402186325,1,1.0297637252905527,failure
7,23,12,3,35,0.08571428571428572,159,6,172.00174004912273,1,1.9919649690123413,failure
7,46,16,2,46,0.043478260869565216,46,3,170.14029189376635,1,2.884524114958855,success
7,49,133,0,27,0.0,267,6,187.3093206469362,1,4.758793927328726,success
7,8,41,2,8,0.25,190,6,295.70665377321694,1,5.898678212636735,failure
10,208,29,1,44,0.022727272727272728,201,8,333.2387550731067,0,3.1214015734232934,success
7,134,55,1,6,0.16666666666666666,73,2,268.5194665363094,1,1.186334025798126,success
9,30,3,1,18,0.05555555555555555,136,4,503.52110824444827,0,5.1220312244242425,failure
7,39,34,1,44,0.022727272727272728,288,8,38.67987210959257,0,0.6886832483335453,success
5,30,59,1,30,0.03333333333333333,294,10,525.7252701948827,1,3.700120935820932,success
8,57,123,1,26,0.038461538461538464,135,8,403.28807584133807,0,0.5370521150373039,failure
12,55,35,3,44,0.06818181818181818,113,2,361.2295465418318,0,2.2661416029162793,success
4,315,21,1,22,0.045454545454545456,225,5,145.0585580588808,1,1.190464544416844,success
9,57,10,3,12,0.25,77,5,235.1943382737117,0,4.518926021189056,success
7,106,36,0,46,0.0,51,0,262.44899854418446,0,2.430116365185178,success
9,39,21,1,40,0.025,68,3,228.10986050533833,1,0.6417000887883506,failure
10,143,24,0,15,0.0,121,6,358.54176781699306,0,3.05167089421211,success
6,56,38,1,20,0.05,161,3,336.50435932814946,0,8.937485578771874,success
11,22,19,0,46,0.0,65,2,382.9936977086142,2,8.439736325891703,success
6,48,7,0,19,0.0,111,1,109.06061976016656,1,8.839996781169049,success
9,45,45,3,44,0.06818181818181818,208,5,228.088717710313,1,3.97683878825838,failure
9,115,17,2,23,0.08695652173913043,39,1,311.7873192456584,1,8.800344635617819,success
7,80,66,4,12,0.3333333333333333,172,5,344.6288111348067,1,9.5199058038649,failure
7,97,12,1,21,0.047619047619047616,208,3,430.5679806995839,0,9.584640007647323,success
8,158,85,2,22,0.09090909090909091,46,1,147.00832977269675,0,1.3298003353829277,success
12,15,21,1,6,0.16666666666666666,268,9,367.25965927718585,0,8.252916656019472,success
7,66,112,4,41,0.0975609756097561,262,8,219.2336638331369,1,3.4315705500448916,failure
4,54,6,1,28,0.03571428571428571,258,10,88.67517939033668,1,4.552525449561717,success
7,114,78,0,21,0.0,68,5,114.02083370682436,1,6.59031488358771,success
7,106,18,2,19,0.10526315789473684,36,2,182.63311463541305,0,7.600756375133871,success
7,13,5,2,28,0.07142857142857142,150,1,168.4546241984,1,9.008060323689708,success
5,108,14,0,27,0.0,201,4,208.16173756669363,1,9.582314175938727,success
7,44,115,3,31,0.0967741935483871,155,2,67.72934964746521,1,7.722867072421532,success
6,185,24,0,26,0.0,74,2,219.26085544748005,2,2.478358099038105,failure
7,72,48,1,17,0.058823529411764705,244,9,158.40331255668139,0,5.133201465973687,failure
7,42,24,4,16,0.25,178,2,274.61638581473727,0,3.5222915305144773,success
11,187,36,3,39,0.07692307692307693,283,7,191.89026549908823,0,8.6643412239149,success
10,38,24,1,32,0.03125,24,0,308.2082367766056,0,5.0033888579154935,failure
8,155,16,1,14,0.07142857142857142,152,4,149.43024268000443,0,8.579822482386135,failure
11,117,50,2,14,0.14285714285714285,53,3,42.11712043877837,0,9.744999742310108,success
7,191,5,1,49,0.02040816326530612,258,7,182.88690488627404,0,2.947554356215612,success
11,119,10,0,28,0.0,20,1,84.51075963985107,0,0.38933622606878837,failure
4,166,56,1,32,0.03125,29,0,307.03526320883185,0,2.2217909801574836,success
6,90,32,1,43,0.023255813953488372,27,1,117.92597330074975,0,6.433487337476901,success
8,227,71,4,41,0.0975609756097561,172,7,139.13917617179072,0,8.110020439860815,success
12,75,127,3,13,0.23076923076923078,112,1,302.04153753912055,1,7.509220264523736,success
6,23,57,1,40,0.025,56,2,148.13035669415814,1,8.04935214389359,failure
6,24,127,1,39,0.02564102564102564,232,6,163.41926821192067,0,9.253725371970138,success
8,15,76,2,47,0.0425531914893617,50,3,215.72547857908543,1,2.321392125081082,success
10,268,24,2,6,0.3333333333333333,129,2,203.6777312010772,0,0.5954662411290371,success
9,81,65,1,45,0.022222222222222223,171,8,231.36590687006927,0,3.350848825620428,success
13,13,107,1,42,0.023809523809523808,209,6,161.71677624519953,0,8.55256981680572,success
8,120,49,3,27,0.1111111111111111,153,3,341.5020101617702,1,7.305435069565027,failure
11,59,55,2,16,0.125,70,1,231.50366330898188,1,0.4268936406438858,success
10,192,14,0,25,0.0,257,2,175.18004719627066,1,1.6312150040704143,success
11,130,57,3,33,0.09090909090909091,95,6,181.35482064186337,0,9.30409591650101,failure
13,117,36,3,40,0.075,272,6,138.71365855256502,1,5.012185424767918,success
6,49,24,4,47,0.0851063829787234,229,10,188.73731358992146,1,6.4370067057372005,success
12,280,82,1,41,0.024390243902439025,172,8,112.7618345373152,1,1.0331720431337208,success
7,96,6,2,31,0.06451612903225806,209,5,95.08009421073103,1,5.810248926232922,success
9,129,50,0,10,0.0,85,1,285.1860195638444,1,8.47677619487991,success
5,41,66,1,24,0.041666666666666664,42,1,268.49468610576383,1,9.034122316294262,success
8,66,31,0,47,0.0,46,3,419.5846912130977,2,4.560633491754047,success
10,20,119,2,45,0.044444444444444446,139,6,249.89652778458097,1,5.910040042230972,failure
9,65,35,2,26,0.07692307692307693,176,5,62.000468163755954,0,7.324996578873289,success
2,111,14,2,27,0.07407407407407407,66,2,206.3645871056261,0,4.049918127211711,failure
8,13,13,2,38,0.05263157894736842,91,2,472.0613902728797,0,2.9929283194654803,success
7,24,37,3,8,0.375,80,5,154.79079037171667,1,0.9812485895615816,failure
4,40,11,1,36,0.027777777777777776,40,4,221.06629490649843,0,2.0347198923349774,success
8,35,145,2,20,0.1,298,7,181.6029486731191,0,9.828521205061152,failure
13,29,22,2,8,0.25,199,10,358.399734918179,0,8.724516209098642,success
5,50,102,1,32,0.03125,165,9,179.83304737954805,0,3.529681924175821,success
4,107,89,4,32,0.125,63,2,142.20499214169644,0,8.319709180903759,success
9,20,47,1,45,0.022222222222222223,91,2,103.19603004081233,1,7.671365373975873,success
4,26,30,1,26,0.038461538461538464,199,9,305.2819486853334,0,9.67842431320088,failure
6,96,36,1,12,0.08333333333333333,28,2,299.58694519119086,0,0.4902031289375359,success
8,165,75,1,30,0.03333333333333333,64,1,295.58463298517927,0,5.83215761002854,success
11,264,43,3,43,0.06976744186046512,215,6,257.87495477339934,1,7.03774905303613,failure
8,27,82,1,34,0.029411764705882353,107,2,155.64086810471932,0,8.3112874531629,failure
4,37,16,1,13,0.07692307692307693,149,3,282.72682488457303,1,8.04649997255851,success
6,34,48,5,30,0.16666666666666666,95,8,90.07601203759067,0,2.8388685051454754,failure
9,367,23,1,46,0.021739130434782608,223,4,512.5580294287979,0,7.065230571594055,success
9,57,20,2,15,0.13333333333333333,79,4,166.446253797751,1,8.115968106496632,failure
6,326,24,4,29,0.13793103448275862,44,1,57.178180533464925,1,5.207279440401838,success
10,107,61,3,38,0.07894736842105263,273,4,323.453238698536,2,5.060315961705863,failure
6,163,53,0,31,0.0,272,7,296.5576810794416,0,4.467613489749509,success
4,106,2,1,14,0.07142857142857142,251,4,173.2161875684119,0,2.157256650625152,success
4,68,116,3,19,0.15789473684210525,139,9,107.48202927932992,0,8.351551599493442,success
8,64,48,2,9,0.2222222222222222,181,4,253.90561215601957,2,5.072283139678933,success
9,10,18,2,16,0.125,197,7,278.55895452606126,1,1.4330359534420136,success
10,132,68,1,12,0.08333333333333333,234,6,465.10876822980555,0,9.150864757548314,failure
13,197,87,1,10,0.1,111,4,164.09828403122532,0,8.463694245325453,failure
11,15,41,1,28,0.03571428571428571,71,1,160.95298130142604,1,4.285661737438299,success
8,48,34,3,5,0.6,101,1,143.59535385450212,1,7.8397227968432155,success
11,30,24,5,29,0.1724137931034483,115,5,391.5046772913443,0,1.7453748236057693,success
1,171,60,4,49,0.08163265306122448,81,3,238.0519149293433,1,9.721563753553006,failure
14,22,57,0,15,0.0,203,3,235.50466661256766,0,0.943522601699577,failure
10,83,76,1,27,0.037037037037037035,58,2,166.78475422578705,0,8.82912054520364,success
9,218,65,1,40,0.025,58,2,333.6085391050556,1,9.979183062901601,success
10,62,52,3,44,0.06818181818181818,184,3,97.6386642384016,0,2.9700180207346953,success
6,89,43,3,11,0.2727272727272727,238,10,301.85103950627087,0,8.137333562163247,success
12,26,47,1,31,0.03225806451612903,210,7,320.36707181050934,0,9.147670028049662,success
6,77,73,0,49,0.0,268,8,139.4440601597573,0,9.530217119066476,success
11,43,69,2,25,0.08,64,1,47.405885223759945,2,7.235256772784187,failure
7,73,34,2,9,0.2222222222222222,105,3,193.40986408100173,1,6.238632977455259,failure
7,306,29,2,37,0.05405405405405406,170,3,72.7812438868761,2,1.135135500220548,success
7,257,130,2,20,0.1,82,1,159.45364941304922,1,4.74520978940253,success
3,212,7,1,15,0.06666666666666667,121,2,293.06207255047514,2,4.003531213471022,success
5,81,20,1,36,0.027777777777777776,219,7,336.0843928689231,2,0.3172910893522982,failure
7,70,45,1,28,0.03571428571428571,186,7,175.45959709015938,1,2.926785557727976,failure
14,32,97,1,13,0.07692307692307693,81,0,76.04960038566733,1,7.458594269369451,failure
9,103,85,1,40,0.025,274,9,186.97587251684402,1,3.111852276034496,failure
4,17,40,2,11,0.18181818181818182,201,2,344.81406172936653,2,0.43215994134474467,success
12,78,8,2,32,0.0625,252,11,104.95229405951292,2,7.726640319304427,failure
9,96,22,1,27,0.037037037037037035,149,6,97.94392050643934,2,8.102948694538984,success
5,27,48,2,43,0.046511627906976744,268,10,149.46638526787848,0,0.3690787988860815,success
5,116,62,3,17,0.17647058823529413,22,0,212.08039119322515,1,8.376281795032174,success
7,83,91,1,11,0.09090909090909091,230,13,166.57335287996452,0,7.989224364548343,success
13,71,36,1,25,0.04,256,12,231.56844569100423,1,6.247619818213011,success
10,111,11,1,43,0.023255813953488372,282,8,94.62368708176615,1,0.5405796756298955,success
10,59,7,2,17,0.11764705882352941,22,0,314.235125920298,1,9.445541565437784,failure
5,62,29,1,40,0.025,80,2,119.24233587190653,1,1.0926303607982526,success
7,64,69,2,16,0.125,80,1,270.21547979426134,1,7.221943594919691,failure
5,58,36,0,12,0.0,29,1,71.84920600316151,0,7.66214613862028,success
11,76,6,0,47,0.0,246,14,56.64929100918451,1,9.476199122111522,failure
7,135,27,1,40,0.025,288,11,163.00163386332292,0,9.48083759742708,success
9,61,89,2,48,0.041666666666666664,245,6,270.89548582699064,0,2.860417649193838,success
7,61,3,2,27,0.07407407407407407,264,7,276.7658174248174,2,2.3968223516784715,failure
8,24,28,1,38,0.02631578947368421,38,3,270.9341732534797,1,4.168842073586466,success
6,30,84,1,27,0.037037037037037035,231,4,174.8253968798232,0,9.360465386798458,success
2,99,18,1,42,0.023809523809523808,81,4,104.08696407825322,1,7.267449591952591,success
6,56,40,2,33,0.06060606060606061,214,3,176.36193852884747,0,9.128660520848884,failure
6,128,66,2,28,0.07142857142857142,102,3,351.7186014066178,0,2.2545764723109243,success
12,82,155,2,26,0.07692307692307693,50,2,124.81815393672173,0,0.7733049603444448,failure
5,115,70,0,16,0.0,61,1,152.0713067973548,0,0.3452591123067287,success
5,44,11,4,20,0.2,238,7,415.85063269097117,1,0.8054506333902082,failure
6,105,102,3,5,0.6,286,8,248.5836722220407,0,8.426812174055698,failure
6,22,44,2,34,0.058823529411764705,258,8,160.37537019823648,0,8.73412460720871,success
9,139,9,2,40,0.05,220,4,242.66703485154392,1,9.179661617517164,failure
12,90,3,1,46,0.021739130434782608,181,6,179.15966459505478,1,4.144401261764523,success
10,432,7,3,46,0.06521739130434782,270,15,501.941086321265,1,4.712475568279411,failure
5,87,22,4,28,0.14285714285714285,228,5,282.260913866636,1,1.9859679603429088,failure
10,75,34,5,43,0.11627906976744186,195,3,249.35304611915817,0,4.467175594641741,success
12,80,45,3,42,0.07142857142857142,127,3,77.62894009166266,1,1.6472110818537258,success
4,116,66,2,36,0.05555555555555555,121,3,121.63407823786791,2,6.21619208067016,success
8,54,8,0,36,0.0,66,0,261.3513278240841,1,0.26074378302335816,success
8,98,18,0,16,0.0,67,2,212.38309406550934,0,4.340074415024897,success
7,88,38,0,14,0.0,197,5,180.93541949535663,1,9.848894762989877,failure
6,162,35,1,16,0.0625,55,3,337.8192215645692,0,9.944874825410801,success
6,64,46,4,17,0.23529411764705882,237,6,57.39980602071815,0,7.75761228596454,failure
8,111,28,1,19,0.05263157894736842,146,9,111.53151112188814,0,3.0587988075940835,success
9,123,77,0,34,0.0,71,3,117.69867497565825,0,2.0681542977520513,success
11,180,55,0,17,0.0,299,9,269.52132066037257,1,0.46002484391093745,success
11,46,54,1,47,0.02127659574468085,281,9,119.12015530600897,2,4.242118556282727,failure
6,114,9,3,5,0.6,47,3,275.82967119145286,0,4.660257917813103,success
8,73,86,1,22,0.045454545454545456,64,3,215.2212204392449,0,0.8958647892183645,success
10,22,95,1,43,0.023255813953488372,97,3,409.607540016026,0,8.691686282479521,success
6,85,8,1,16,0.0625,58,1,215.1185648717076,0,6.538578160427067,success
7,18,144,0,48,0.0,158,4,295.0654649991846,0,3.8614932186777997,success
6,159,41,0,13,0.0,223,9,131.16119205466316,0,8.565164712432777,failure
8,39,21,3,8,0.375,268,9,173.62612497321842,1,4.178578350587506,failure
8,57,20,1,31,0.03225806451612903,197,10,224.91420740754018,0,8.496051398225118,failure
13,158,6,4,32,0.125,181,8,385.6977085006347,1,5.006893242041251,failure
5,84,104,2,28,0.07142857142857142,135,4,127.67125530059877,1,6.390217593077833,success
9,190,22,2,8,0.25,264,6,582.667299137195,0,1.1792106173736328,success
8,120,25,2,32,0.0625,298,6,387.2819698516143,1,2.6551011377091114,success
11,136,8,1,24,0.041666666666666664,148,4,93.61349235423967,0,6.556213185727992,failure
7,59,49,0,33,0.0,179,4,310.9973360293897,1,4.1656759047818595,success
8,116,38,0,37,0.0,117,0,98.35239962666499,1,1.4172988469099856,success
4,68,107,2,34,0.058823529411764705,201,3,364.8717630508082,0,1.6262235333754465,success
7,103,5,1,7,0.14285714285714285,133,4,144.07190582029023,0,7.108109817711199,success
8,208,47,2,23,0.08695652173913043,216,10,445.6890325734193,1,6.879854697439084,failure
12,127,9,4,25,0.16,235,6,239.940493389114,0,7.237344835133578,failure
8,116,17,1,44,0.022727272727272728,160,4,465.41597213655734,1,7.242779827108054,success
7,183,38,2,25,0.08,242,6,172.3914065101751,1,9.615456210202295,success
9,85,128,4,24,0.16666666666666666,65,1,152.42456930407016,2,9.709007950893675,success
9,46,1,0,37,0.0,52,2,267.58640274108126,0,4.395901764595771,success
10,188,9,3,42,0.07142857142857142,60,2,122.505087152442,0,7.793600889322569,success
4,198,37,0,13,0.0,235,6,263.7958461166467,1,7.401101626451412,success
5,175,7,0,35,0.0,20,2,142.18350856466142,0,1.8152468564803825,failure
10,15,2,1,36,0.027777777777777776,284,7,480.2277429873502,0,7.8370702389983435,success
13,116,50,5,45,0.1111111111111111,206,9,119.90887791242912,0,8.450197191201285,success
13,110,24,1,27,0.037037037037037035,140,4,261.7241900570654,0,0.4733614836164073,success
7,68,86,2,27,0.07407407407407407,107,3,277.09250111669775,0,5.290098427403034,failure
8,88,50,0,46,0.0,45,0,332.3926244190481,1,2.5658609594008612,success
6,128,51,2,20,0.1,58,3,106.3734733711423,1,9.34061298642622,success
10,121,17,2,25,0.08,169,4,159.94179477420994,0,0.9331427962847415,success
8,16,94,1,16,0.0625,244,8,252.30382590476938,1,6.621989194382694,success
5,124,11,2,10,0.2,118,6,469.38788268706037,0,6.523891821498901,success
10,44,26,1,18,0.05555555555555555,44,1,356.4228310242788,1,1.295506867083218,success
13,225,40,1,26,0.038461538461538464,129,4,446.5513780599484,0,7.675572982022914,success
3,106,84,1,35,0.02857142857142857,120,3,277.50355473449974,1,2.7839632991874494,success
10,149,7,0,44,0.0,142,5,243.06968617198518,0,6.954011858415228,failure
1,61,53,0,46,0.0,285,10,155.62337363398902,2,2.5735553195767547,success
5,151,15,1,32,0.03125,227,6,202.82653919443294,0,3.982881534255822,failure
10,46,27,0,9,0.0,128,4,159.38717089435738,0,3.362912384905828,success
13,47,82,1,30,0.03333333333333333,48,1,111.36778408599096,0,6.07882082970703,failure
11,61,28,0,31,0.0,279,9,188.17399297898126,0,6.25936272570795,failure
6,252,27,1,33,0.030303030303030304,87,3,248.13065627217784,1,5.262308206032252,failure
9,63,11,1,20,0.05,98,3,288.7447875629244,0,1.5766476186545582,success
11,80,11,0,30,0.0,274,6,266.3598658034307,0,6.489157693145486,success
8,12,55,2,12,0.16666666666666666,151,6,376.25248880614646,0,2.466794780147915,success
6,325,40,5,15,0.3333333333333333,32,2,245.01746558663154,0,4.334517144077542,success
4,45,50,2,7,0.2857142857142857,197,2,94.05122937702372,2,9.850940164181003,failure
10,136,28,1,6,0.16666666666666666,72,2,225.8060682163771,0,8.470197752185502,success
13,138,29,1,5,0.2,75,0,217.1684665668987,0,2.8247424700152513,success
6,78,57,1,5,0.2,74,1,540.2182003513374,0,2.2633302749977027,success
6,47,41,0,24,0.0,88,2,259.91717652336376,0,5.721825879076076,success
8,162,1,1,46,0.021739130434782608,259,5,185.69810574737193,1,0.9631831871766121,failure
8,92,113,2,35,0.05714285714285714,77,2,164.65090441583322,2,4.851382860920525,success
10,61,19,0,20,0.0,288,10,156.41750644811913,0,4.605527861210823,failure
7,58,78,0,7,0.0,154,4,194.78444812143803,2,9.94139615225353,success
8,164,80,3,43,0.06976744186046512,76,1,326.054779785943,0,0.4136267736775665,failure
8,134,59,0,10,0.0,156,4,282.32841385743495,1,8.773438113012919,failure
13,78,67,0,47,0.0,42,1,102.9733628856757,0,9.349023098724906,success
8,165,150,1,41,0.024390243902439025,203,10,439.9146211498133,1,6.511187311232414,success
6,108,2,0,45,0.0,173,5,143.72193186134285,1,5.449411759919839,success
9,122,54,3,40,0.075,135,7,106.59547044634961,1,1.5241100359588997,failure
6,99,79,2,16,0.125,94,7,222.76534649777602,1,6.861846798855391,success
7,56,6,1,14,0.07142857142857142,96,3,485.50623267991534,1,7.470159936707955,success
6,66,66,0,39,0.0,71,1,276.9116494649002,1,6.929966442919877,success
12,20,11,3,43,0.06976744186046512,208,9,503.7647466809746,1,0.8897842515265211,success
4,111,24,2,6,0.3333333333333333,291,12,201.23294409334514,1,7.885126172221011,failure
7,38,30,4,35,0.11428571428571428,167,7,128.64335219949697,1,2.3617951282914347,failure
6,126,17,2,44,0.045454545454545456,115,7,203.26450408333721,0,2.6983620541798725,success
10,59,33,2,49,0.04081632653061224,271,6,181.692640608088,1,3.9760459750697117,success
3,304,44,1,19,0.05263157894736842,92,2,145.29784110440306,2,6.6536973544150975,success
7,94,7,3,37,0.08108108108108109,151,5,233.59232196300218,2,5.697930141302378,success
6,21,89,2,6,0.3333333333333333,130,4,157.30754525200877,0,7.07024927726549,success
7,24,46,1,31,0.03225806451612903,157,7,420.1254937507879,0,6.620482724754869,success
5,54,78,3,28,0.10714285714285714,75,1,280.5111265630515,2,7.039743308158737,success
10,46,41,1,31,0.03225806451612903,222,8,281.1392625883812,0,3.0472570989086627,success
8,392,140,2,35,0.05714285714285714,239,11,220.27705481774592,0,6.879655201146456,failure
6,9,82,1,11,0.09090909090909091,209,4,86.79691410650574,0,7.983466482163805,success
7,75,30,2,30,0.06666666666666667,159,4,206.0497169071619,0,0.6471553222498332,failure
6,222,16,2,26,0.07692307692307693,59,1,232.64199644514096,1,9.419286173383798,success
14,114,17,2,6,0.3333333333333333,267,4,121.88210567556021,0,0.5762349143619527,failure
9,50,18,0,20,0.0,245,5,158.16140512505632,0,7.570991948194506,success
7,193,72,3,29,0.10344827586206896,55,1,68.27107824098962,1,6.48788362065494,failure
8,129,41,4,20,0.2,58,0,226.6718723467315,0,3.2466611018404046,failure
8,19,131,4,27,0.14814814814814814,31,0,308.3284762797909,2,4.832258737645558,success
12,168,33,1,40,0.025,273,6,201.09076743942964,1,9.187998323296325,success
10,141,31,4,18,0.2222222222222222,20,1,284.6740753440218,0,8.550724651999365,success
11,36,21,2,44,0.045454545454545456,103,3,431.3801358948627,2,3.719851307452166,success
9,329,19,2,13,0.15384615384615385,183,9,155.20258608651756,0,3.9440862554653524,failure
5,86,5,1,44,0.022727272727272728,185,4,321.35273005859574,0,2.229497671426763,failure
6,86,92,0,35,0.0,278,5,117.0255475241116,2,4.278257989333137,success
8,156,8,2,11,0.18181818181818182,197,5,124.19772051624261,1,6.587489109590321,success
6,82,17,0,49,0.0,192,2,165.76490039505154,1,4.573141444725421,success
10,67,29,0,5,0.0,167,8,241.0832536307203,0,7.276456776595621,success
10,81,5,2,25,0.08,257,5,138.43319608713728,0,8.089106333783413,failure
7,104,23,4,33,0.12121212121212122,193,3,462.8706876221828,0,3.26876871297715,failure
8,143,11,1,12,0.08333333333333333,158,6,174.72054593958407,1,6.620905265530347,failure
12,51,33,4,13,0.3076923076923077,49,2,141.16161654248768,1,5.480395679863875,success
8,156,183,2,23,0.08695652173913043,79,0,329.70654488886555,0,1.120532268852505,success
8,57,27,0,39,0.0,199,6,282.42497037782755,0,2.9680435034356916,success
12,82,49,0,31,0.0,39,1,146.6603890495527,0,1.3125205219122562,success
5,46,72,6,25,0.24,129,3,166.8704029508404,2,8.05595982360666,failure
6,29,18,2,27,0.07407407407407407,223,4,183.5856378852776,1,7.027673669094501,success
9,132,2,3,47,0.06382978723404255,287,11,193.59600983957196,1,8.049980695067903,success
8,156,8,3,18,0.16666666666666666,85,1,135.51951716026025,1,6.450661348146391,failure
13,47,41,1,16,0.0625,234,7,237.27924843881962,1,5.233951526929774,failure
5,207,6,1,9,0.1111111111111111,195,9,421.23701116123095,2,4.807116477241301,failure
8,66,36,1,38,0.02631578947368421,288,7,176.4751562141091,2,3.4269658679995234,success
4,26,43,2,11,0.18181818181818182,37,0,359.92764402351196,1,8.769803797400714,failure
3,28,10,1,9,0.1111111111111111,166,8,394.09476966848956,0,4.713690708950188,failure
13,167,39,2,39,0.05128205128205128,174,5,143.95970292011918,1,2.2220654831958218,success
6,56,22,0,29,0.0,49,1,534.7914380075603,1,7.4954569582305774,success
7,60,51,1,34,0.029411764705882353,148,5,113.3754191815582,1,3.4410703483948617,success
10,28,61,1,46,0.021739130434782608,155,3,436.3626844410394,0,2.312335719771742,success
7,43,18,3,15,0.2,82,3,408.19336928218655,1,7.931428594466993,success
8,99,144,1,12,0.08333333333333333,169,3,371.55827074591065,0,4.5299731470042826,failure
8,55,5,1,42,0.023809523809523808,167,4,84.08054503335975,0,2.1098518386132565,success
7,61,12,2,32,0.0625,161,5,188.14105972736786,0,6.756662333854,success
8,97,18,0,16,0.0,166,6,189.84400865220348,1,8.18777788367915,success
8,94,51,2,49,0.04081632653061224,112,4,183.84334959433076,0,4.059711916055585,failure
9,108,6,2,38,0.05263157894736842,45,0,450.97220859960294,0,2.405391513076728,failure
6,123,103,0,35,0.0,196,7,149.0292721687305,1,0.3417953124477222,success
8,262,20,0,25,0.0,119,4,190.80592699290307,2,8.695238812586819,success
11,49,25,1,20,0.05,39,1,156.13394889829016,1,4.533454432109582,success
12,44,11,2,28,0.07142857142857142,172,10,157.43976756282245,0,8.891966031408703,success
7,73,46,1,26,0.038461538461538464,155,4,106.56540050951678,0,7.075306395236755,failure
9,79,64,3,17,0.17647058823529413,130,5,221.39711283517624,1,4.994542356912179,failure
6,77,25,1,13,0.07692307692307693,123,4,178.00932694337325,1,7.017776927076668,failure
9,173,97,2,49,0.04081632653061224,147,4,185.55163970637804,0,3.1802022236054457,failure
5,98,24,2,12,0.16666666666666666,40,2,297.665659349028,0,2.0531943413355846,success
13,82,28,1,27,0.037037037037037035,222,6,400.6307772423174,1,1.5915607109866925,failure
12,29,21,1,14,0.07142857142857142,194,6,256.1453296984794,1,9.180141199280554,failure
8,17,53,1,45,0.022222222222222223,109,3,163.89188762290652,0,7.468367679273706,success
8,143,37,0,21,0.0,90,3,237.1227395359058,1,9.367668096280063,success
5,181,20,0,33,0.0,160,4,229.3590722016483,1,7.661397130880812,failure
9,79,39,1,6,0.16666666666666666,259,5,140.93283220003437,0,3.923676759453766,success
3,219,55,1,15,0.06666666666666667,107,2,423.95122875635093,0,9.385475560146546,failure
8,45,45,0,12,0.0,171,3,212.63896806850744,0,5.921533514794637,success
10,28,19,4,25,0.16,245,9,137.5010073283813,0,9.357890596079667,failure
8,86,42,1,37,0.02702702702702703,58,2,100.6689419455173,1,2.1964966820848257,failure
13,39,14,2,11,0.18181818181818182,215,7,205.67533858854765,0,3.7887164718748743,success
3,190,25,1,45,0.022222222222222223,103,6,264.81467513801044,1,3.813134805598495,failure
9,27,15,1,29,0.034482758620689655,224,5,363.63282258025936,0,0.1565045775811194,success
4,74,33,1,13,0.07692307692307693,76,4,446.0451842067127,0,6.949781962141666,success
12,63,57,1,46,0.021739130434782608,170,3,170.50648492180642,1,8.990053585663661,success
8,101,132,4,47,0.0851063829787234,191,2,79.89449539736356,1,9.189030837138526,failure
6,75,94,0,42,0.0,96,0,108.83082395808351,0,7.990562130995381,success
8,101,144,1,31,0.03225806451612903,183,6,164.1792899823521,1,2.6180853883540047,failure
8,110,73,1,48,0.020833333333333332,75,3,172.26281566859578,1,3.9119932240766455,success
7,62,104,1,14,0.07142857142857142,188,8,236.77945895870621,0,3.3769993367755062,success
9,110,0,2,30,0.06666666666666667,94,3,397.602676195924,1,4.548476430268351,success
9,109,178,1,31,0.03225806451612903,163,2,223.70290035159118,0,4.613257417975071,success
6,111,31,1,26,0.038461538461538464,292,4,454.4554122160324,1,8.91607986727541,success
5,21,180,2,24,0.08333333333333333,178,9,59.99019380347729,0,1.136501083405979,success
7,146,126,4,30,0.13333333333333333,219,3,143.64212133993956,0,7.597933519517512,failure
8,37,40,2,41,0.04878048780487805,288,11,228.18051022514118,0,5.786040284576565,failure
8,181,2,2,40,0.05,170,2,191.14789510500543,0,6.909110805658287,success
7,97,74,0,33,0.0,280,6,427.87624021604705,0,8.945156815741118,success
8,107,63,0,17,0.0,278,6,245.69010323481703,1,9.417635258487236,success
5,167,5,0,11,0.0,146,3,133.72123353184398,2,0.20348557905329612,success
12,27,37,0,15,0.0,115,3,299.0393782749161,1,8.553063513212447,success
7,113,71,3,47,0.06382978723404255,99,1,144.78196058153262,1,1.8977461565844642,failure
10,120,59,1,48,0.020833333333333332,94,6,316.49357640440115,0,1.6387086967768036,success
5,194,64,0,7,0.0,171,0,390.44778269809416,1,9.097395372929757,failure
8,46,64,1,48,0.020833333333333332,124,5,522.6276625182151,1,9.417194685645173,success
6,175,76,0,39,0.0,107,3,227.9886297210522,0,4.019197889057577,success
6,130,20,4,5,0.8,145,2,335.5015829647637,1,0.7057456604781163,failure
11,8,92,1,46,0.021739130434782608,65,0,236.22113378871398,0,8.157872553939258,failure
10,156,13,3,5,0.6,84,3,181.9998733160842,0,8.477450823143224,success
9,20,91,2,37,0.05405405405405406,159,4,97.58399537160857,1,2.175199980255628,failure
9,94,59,0,30,0.0,106,3,334.81810286211135,0,9.82899582544382,failure
9,82,41,1,47,0.02127659574468085,283,9,328.9450518963153,0,7.87466113091965,success
5,59,18,1,7,0.14285714285714285,287,9,177.15141213960047,0,4.524704388437071,failure
11,154,7,1,28,0.03571428571428571,100,3,76.86626038002889,0,4.586400693527362,success
7,435,17,3,39,0.07692307692307693,241,4,183.01179038663366,1,3.4617222711457183,success
6,82,18,0,44,0.0,254,9,135.96718164553846,0,7.455991331208757,failure
5,127,73,0,49,0.0,96,2,107.40374405530176,1,6.227333327478247,success
10,137,8,1,20,0.05,144,2,257.02380328230305,0,7.825509290503748,failure
8,191,46,1,46,0.021739130434782608,284,5,165.03017909759387,0,5.414687441691632,success
10,48,53,5,39,0.1282051282051282,138,3,239.81618688873684,0,0.6172190577287098,success
9,24,9,1,18,0.05555555555555555,229,8,225.57354598287304,1,8.770407115895882,failure
10,65,71,0,37,0.0,189,5,131.07836776947835,1,4.579682048406169,success
9,178,48,2,13,0.15384615384615385,84,1,217.7616101081956,0,7.307110872555044,success
9,70,95,3,23,0.13043478260869565,211,2,155.4867287206273,1,2.58932251150672,success
11,58,80,1,34,0.029411764705882353,141,1,107.1625612427431,1,2.6468049991949796,success
10,20,47,0,14,0.0,230,6,110.96667671785411,0,3.7182216673410498,failure
7,75,16,0,15,0.0,23,1,162.97735174343694,1,3.503796873574347,success
9,134,16,0,30,0.0,26,1,136.80536318380655,0,2.865157429779551,success
9,96,9,1,30,0.03333333333333333,131,6,325.36932604563975,1,3.275201480491432,success
2,43,12,2,18,0.1111111111111111,112,2,401.44464536575776,0,1.4827940487666442,success
11,154,54,0,20,0.0,272,5,221.74954267641974,0,0.22791838239291293,success
9,41,39,1,43,0.023255813953488372,283,11,379.3771087739319,1,9.765701144588567,failure
5,76,6,3,34,0.08823529411764706,280,10,300.9576700296901,0,0.8375498356533082,success
2,110,56,3,13,0.23076923076923078,82,3,262.5502060474476,1,3.6048564451257543,success
6,97,83,0,17,0.0,190,9,192.7245426627617,1,8.369961624792406,success
6,123,87,1,43,0.023255813953488372,107,4,198.31979302795278,1,0.14029392856791495,success
6,121,4,1,5,0.2,164,5,257.85262597761977,1,7.820645576954745,success
8,35,82,2,43,0.046511627906976744,258,8,248.62253927808518,1,4.25635271266092,success
7,45,55,1,6,0.16666666666666666,53,2,179.18407983820947,2,2.2152039524554175,failure
7,138,24,0,27,0.0,283,8,299.2920148635321,1,1.5921998779537687,success
6,129,119,1,38,0.02631578947368421,268,6,159.65624960520404,0,8.36571068700801,success
8,69,17,1,5,0.2,149,8,116.87186689045147,1,2.9444384529636536,failure
9,38,25,3,45,0.06666666666666667,130,8,188.315263516837,1,4.800005316892608,success
8,195,20,1,46,0.021739130434782608,77,1,260.38146888931664,1,3.643715290474366,success
7,54,51,2,46,0.043478260869565216,275,8,107.24360718956822,0,8.689507575708411,success
12,112,60,2,9,0.2222222222222222,23,1,218.43424569451864,1,1.5206242353963824,success
8,103,62,1,43,0.023255813953488372,223,3,80.17736712005964,1,9.839106980216307,success
6,58,38,4,36,0.1111111111111111,138,2,30.045568235079845,0,0.2889571374173419,failure
9,74,40,1,14,0.07142857142857142,99,3,291.78102524926527,0,2.0721736688280403,failure
7,97,115,3,26,0.11538461538461539,41,0,194.9102316257398,2,4.785257434319963,success
8,138,3,1,28,0.03571428571428571,228,9,192.71637162391494,1,1.8272734859515274,failure
9,66,65,2,39,0.05128205128205128,205,9,205.01875098125754,0,2.561892674266462,failure
7,113,43,2,35,0.05714285714285714,290,10,265.823976176013,0,9.873754655144639,success
7,179,25,0,48,0.0,167,7,199.3832222138361,2,6.1615642122025545,failure
6,77,33,3,25,0.12,261,9,135.38120495350165,1,0.5479404910923434,failure
7,29,44,0,14,0.0,241,4,133.6229418358708,1,4.813820405468995,success
10,33,14,2,31,0.06451612903225806,201,2,81.1896121648907,1,5.857042270363733,success
10,131,54,1,37,0.02702702702702703,206,9,101.44323775243022,1,3.3608865967795345,success
7,48,59,3,20,0.15,265,9,274.9964365146627,1,8.888344044435566,failure
10,100,64,1,9,0.1111111111111111,273,7,225.731731327528,2,8.118611951415986,success
6,78,97,0,28,0.0,238,9,341.56370380787314,0,4.097949964022197,success
8,59,12,1,48,0.020833333333333332,151,1,202.03265031533823,1,7.596904613357667,failure
7,72,18,0,31,0.0,215,5,125.71006729710356,1,5.33713393406772,success
7,63,8,0,18,0.0,86,2,204.1722114574196,0,8.151223600183688,success
8,63,45,0,14,0.0,282,5,174.87340706659847,1,4.9331009087033975,success
9,100,28,0,20,0.0,246,9,252.39340233334383,0,1.2039551559359984,failure
9,35,82,2,33,0.06060606060606061,70,3,119.85042264561709,0,3.1715415341774,failure
10,24,121,2,19,0.10526315789473684,130,4,283.38092896770246,0,6.276293764248686,failure
7,40,109,0,26,0.0,239,6,120.94040208702533,0,9.589368156306584,success
4,215,45,1,47,0.02127659574468085,255,8,612.5157110940451,1,8.83008724678965,failure
6,83,170,0,10,0.0,225,10,169.10621345068935,0,8.410419382400045,failure
7,28,54,2,31,0.06451612903225806,182,4,343.6157365036381,1,5.511227417532606,failure
6,29,14,1,33,0.030303030303030304,142,3,185.80352138885976,1,1.950752018199404,success
10,124,13,0,49,0.0,147,5,241.57401196446048,1,0.2783965722630949,failure
7,208,50,1,32,0.03125,135,5,268.6200387560275,1,3.582909397991278,failure
15,50,64,2,23,0.08695652173913043,209,6,153.42113253079867,0,7.700582833361566,success
5,54,14,0,37,0.0,196,8,503.67493599863656,1,2.5787998245331174,success
5,323,30,1,14,0.07142857142857142,31,0,414.66700130965677,1,2.988162363821096,success
6,56,2,4,15,0.26666666666666666,91,3,154.81194295877887,0,1.2888074428771639,success
8,9,3,1,48,0.020833333333333332,128,5,337.70229765776423,1,7.120348651403488,failure
13,92,11,3,34,0.08823529411764706,165,4,275.7505665132876,2,2.9373015696760576,success
8,43,30,0,18,0.0,217,2,283.3303795393654,1,6.322379463613672,success
6,81,45,4,20,0.2,280,11,275.05023729813774,2,5.288992775314003,failure
13,248,25,0,11,0.0,128,4,591.6180040597633,0,9.927287411514635,success
5,82,19,2,8,0.25,106,1,266.45251165788756,0,9.46845937081938,success
7,79,54,0,20,0.0,108,7,289.91933034799695,2,4.002422355516596,failure
6,27,39,1,39,0.02564102564102564,282,7,112.01368770058718,0,8.041627242304118,success
6,84,33,0,13,0.0,216,6,549.0793128448961,1,4.12761197442508,success
7,142,9,3,40,0.075,166,5,230.27633862383948,0,2.7706955085382097,failure
8,284,34,0,13,0.0,134,3,347.15434454000774,0,0.24440245987274817,success
6,11,21,5,36,0.1388888888888889,63,1,206.77431809678623,0,7.215927473787268,success
9,133,4,0,30,0.0,133,5,279.7900294072881,0,2.8742191851636476,success
7,38,54,1,48,0.020833333333333332,190,4,262.5113217883756,1,4.859994271308012,success
6,155,80,2,23,0.08695652173913043,268,9,129.71211275545136,0,1.737222858874754,success
6,20,20,1,47,0.02127659574468085,147,6,352.7925484734686,0,0.7449865615056714,success
6,168,34,2,8,0.25,92,0,186.03397723817605,1,7.499723404145326,success
5,156,12,1,35,0.02857142857142857,235,9,415.0089104978498,1,3.0018844987437747,success
7,122,15,2,17,0.11764705882352941,165,6,278.38514013070676,1,2.624473700395513,success
4,91,32,2,14,0.14285714285714285,191,4,144.62734746786907,0,2.666231235084846,success
12,12,74,1,24,0.041666666666666664,200,7,243.6746524447581,0,1.1322042987992833,failure
6,229,56,1,10,0.1,121,3,318.6468122523579,0,0.4146874145572269,success
10,62,34,0,48,0.0,180,2,157.4752541828753,0,1.942612911717765,success
4,220,19,2,12,0.16666666666666666,279,8,265.80005077866656,0,8.023596286913431,failure
8,79,13,4,39,0.10256410256410256,231,12,138.0022267544987,1,9.810719357019028,success
2,97,14,3,19,0.15789473684210525,237,8,295.52952925911933,1,5.195829448938705,failure
6,92,10,0,33,0.0,190,5,573.931590692915,0,8.07467621508423,success
9,64,94,2,12,0.16666666666666666,51,2,378.5640873536551,0,2.625907825381301,success
6,38,9,2,13,0.15384615384615385,259,9,227.52794780338922,0,6.871919834240868,success
10,137,37,2,33,0.06060606060606061,134,2,111.12133984347332,1,8.921292961968991,success
6,21,122,1,27,0.037037037037037035,107,3,261.33277314454335,2,6.209158300109571,failure
8,97,23,0,16,0.0,32,1,245.82956065231915,1,7.042431619328077,success
3,37,108,2,32,0.0625,31,0,155.02842526019185,1,1.0925205466583505,success
5,96,45,1,48,0.020833333333333332,144,6,124.88339219455439,2,3.6369784074202554,success
11,104,69,2,19,0.10526315789473684,161,5,97.1080973091088,0,0.40654648171073327,failure
9,138,12,3,39,0.07692307692307693,32,1,191.3051490328274,0,1.7458608038305339,success
7,157,37,2,33,0.06060606060606061,195,6,161.32467808959692,0,3.0462793244356976,success
8,60,25,0,22,0.0,80,4,447.62776543369836,0,9.537457816908143,success
4,36,13,3,44,0.06818181818181818,184,6,262.8320667222009,1,0.5014259768199184,success
12,6,30,0,22,0.0,151,5,187.54746278200662,0,4.572182860094203,success
11,9,67,1,14,0.07142857142857142,215,5,339.0746343542267,0,7.737199763953077,success
6,145,42,0,11,0.0,251,10,301.596929471456,2,5.120590955718665,failure
9,27,3,1,6,0.16666666666666666,204,4,382.34948604750736,3,5.903962069272809,failure
14,119,14,0,22,0.0,291,7,169.24220645241425,1,9.341614291454443,success
8,307,4,4,46,0.08695652173913043,58,3,235.8617028847859,0,6.547331818390938,failure
8,31,52,1,39,0.02564102564102564,101,1,110.39574044882707,0,7.599495285955373,success
6,84,120,0,42,0.0,291,12,276.95022006922335,1,0.4909842286803955,failure
8,62,37,2,14,0.14285714285714285,194,6,201.84250177930312,0,7.976934967942512,success
6,193,9,1,24,0.041666666666666664,237,5,188.8276338928208,0,4.2783915684244125,failure
11,42,4,1,14,0.07142857142857142,42,2,119.20518424975353,1,0.2962651219647767,success
5,67,117,1,17,0.058823529411764705,139,3,250.64731257829095,1,8.510775010041787,failure
12,26,11,2,28,0.07142857142857142,131,5,97.43896820510466,2,9.57076600680253,failure
9,56,17,1,46,0.021739130434782608,131,5,58.307823380711675,1,6.073025201466027,failure
11,28,38,1,15,0.06666666666666667,213,7,165.1651157728137,0,8.900059633235339,success
6,98,13,1,24,0.041666666666666664,185,7,308.3734728599838,1,2.0263584502600622,success
9,227,25,3,20,0.15,24,2,339.75311704152125,0,6.078150635296314,failure
9,88,54,1,39,0.02564102564102564,227,7,286.14100874374986,0,4.549385169383465,success
9,147,43,0,17,0.0,67,1,280.88023674925387,1,0.4623158909789774,success
9,33,41,3,13,0.23076923076923078,60,2,142.02492670808152,0,6.311462173418554,success
7,27,31,1,35,0.02857142857142857,198,5,58.38377856283891,0,5.804986031627494,success
5,112,39,1,40,0.025,56,2,246.73963903102324,1,0.5440198163798962,success
2,171,79,1,18,0.05555555555555555,168,6,193.90998160344031,1,2.1576705436083343,success
9,50,9,2,47,0.0425531914893617,225,8,51.76286368024008,0,2.96630324979344,failure
6,63,54,1,16,0.0625,156,5,166.62906931881048,1,2.028646647568051,failure
7,12,56,1,27,0.037037037037037035,44,0,159.95835743790923,0,6.537180954267209,success
4,166,9,2,36,0.05555555555555555,296,11,277.3765760601759,0,5.36265402276811,failure
9,54,78,4,5,0.8,193,8,43.50092574002714,1,3.7353872384025695,failure
8,94,20,2,20,0.1,245,3,218.45820772835205,0,4.3827558107930455,success
10,68,20,2,15,0.13333333333333333,45,1,137.87487739594292,0,9.665410463072295,success
9,204,20,1,33,0.030303030303030304,273,14,450.3120531455544,0,1.2079242414428972,success
9,19,127,3,6,0.5,137,2,181.2468368005805,1,1.9532736848745675,success
2,113,32,3,20,0.15,172,3,471.31018966899404,1,5.426718434341255,success
6,68,25,1,20,0.05,179,6,97.01417004945297,0,9.778981788292333,success
7,113,34,1,31,0.03225806451612903,81,2,110.64674482935274,1,7.41669452000032,failure
7,40,30,0,40,0.0,48,2,212.06590923732105,1,8.222002722141267,success
9,60,27,1,37,0.02702702702702703,117,2,251.28082717750232,0,7.354509452013258,success
6,9,22,1,30,0.03333333333333333,38,1,327.5446006141003,1,0.8743294832364754,success
6,30,107,1,15,0.06666666666666667,197,14,311.4025953902882,0,3.0053606782076274,success
10,17,28,3,11,0.2727272727272727,167,4,132.44070617500276,1,5.445609539187742,success
10,115,16,0,42,0.0,116,1,315.23721477814763,1,0.7124254003012368,success
12,133,95,0,42,0.0,139,5,216.07566172346023,0,4.04721578662603,failure
8,49,57,4,29,0.13793103448275862,252,8,343.6161287840067,1,2.1800671628388653,failure
5,161,76,1,12,0.08333333333333333,188,5,126.89638132882013,0,6.553885091637539,success
8,113,16,2,32,0.0625,87,5,155.05021090944606,1,1.0747520543105031,success
8,47,34,0,10,0.0,216,4,490.2193474172386,0,7.886286536495493,failure
8,22,76,2,44,0.045454545454545456,211,6,171.10742438296302,1,5.751030684306068,success
14,15,109,1,33,0.030303030303030304,116,2,328.223211734289,0,3.792702357855622,success
2,33,38,4,7,0.5714285714285714,70,0,35.44445662799489,0,1.4860002516103534,success
7,272,40,0,40,0.0,78,2,170.12127584727202,0,6.748831044234657,success
7,154,53,1,10,0.1,146,8,320.62292279874606,1,8.404453266621596,failure
5,158,100,2,5,0.4,191,7,178.60314666129906,1,8.495869534752218,success
7,41,49,1,19,0.05263157894736842,112,2,370.41411737629136,2,1.3792668834893522,failure
8,149,127,1,33,0.030303030303030304,112,3,204.91005664076008,1,9.804591081549997,success
8,89,52,0,19,0.0,192,8,107.16899309187725,0,3.2759538524040206,success
12,172,42,1,16,0.0625,199,4,137.777180769331,0,2.485973010683821,success
4,155,35,0,10,0.0,36,0,103.78761027884352,0,3.769765543809603,success
6,147,36,3,41,0.07317073170731707,54,0,156.6405726047116,0,4.32226362270656,failure
8,61,87,1,11,0.09090909090909091,32,1,225.4080965911853,1,5.895470482067622,success
9,91,27,1,44,0.022727272727272728,65,0,201.19080746758678,2,5.542846854617726,failure
6,60,13,2,46,0.043478260869565216,23,1,220.42381743754936,0,1.762414692103371,success
11,62,21,2,43,0.046511627906976744,212,9,238.39498841261496,1,2.8642925643459645,success
6,73,81,1,43,0.023255813953488372,62,3,187.23411009654927,0,7.444821968317824,success
9,53,16,3,8,0.375,239,8,135.60715852202722,0,2.2202884011876094,failure
12,156,67,4,14,0.2857142857142857,108,2,191.0917386524053,0,6.962649380273136,success
7,129,21,1,17,0.058823529411764705,298,12,260.1530823757847,1,7.59585496941364,failure
14,253,11,1,11,0.09090909090909091,203,11,146.54998677177304,0,7.558046543487573,failure
6,27,25,2,39,0.05128205128205128,73,1,271.9988969638526,1,7.431195251081392,success
9,525,79,1,9,0.1111111111111111,163,8,329.7535203101126,0,2.6692301405866874,failure
8,129,120,2,22,0.09090909090909091,243,10,261.57213283855424,0,4.2729349556793625,failure
10,2,26,1,11,0.09090909090909091,276,15,238.10852090939298,1,4.742727429668683,failure
9,42,71,4,42,0.09523809523809523,117,3,243.7002443455562,0,9.48153309152974,success
5,108,19,4,12,0.3333333333333333,55,4,244.62878003760122,2,3.3581782357871277,failure
7,120,0,1,43,0.023255813953488372,28,0,177.1557207264799,0,9.387878292138454,success
10,68,24,0,47,0.0,154,3,105.67467934165956,1,8.747472483111338,success
6,127,88,1,46,0.021739130434782608,50,0,104.81256470321746,1,7.67386087202347,success
7,72,7,0,30,0.0,215,6,256.13568219211174,1,6.904981021527607,success
8,98,16,2,10,0.2,222,2,235.45354990229595,0,5.009850313414819,success
6,14,85,2,22,0.09090909090909091,123,3,110.25777467568692,0,1.2728357229902403,success
5,41,48,0,42,0.0,224,7,162.7534479461317,0,4.914781369277614,success
7,200,41,2,14,0.14285714285714285,70,0,385.91853930203035,0,0.337498818881351,success
4,50,9,2,13,0.15384615384615385,165,7,249.81410550792052,0,4.94167921373044,success
12,109,19,1,44,0.022727272727272728,45,1,300.9204154919528,1,6.3512621508872185,success
12,27,35,1,16,0.0625,234,3,357.0856175022762,1,4.083455276615404,failure
9,32,56,0,33,0.0,70,1,151.44249772399323,0,1.3440857990512272,success
7,43,172,1,25,0.04,209,4,270.3275879946515,0,6.9916146456474735,success
5,71,51,2,25,0.08,157,6,370.8562218738419,1,8.43661221545796,failure
5,76,43,1,31,0.03225806451612903,59,1,136.08178440067428,1,6.450839117096401,success
7,273,50,2,46,0.043478260869565216,230,4,70.63153553424104,0,5.838433890778164,failure
6,117,6,1,16,0.0625,290,8,303.6155484699886,1,4.292596687568035,failure
7,88,62,0,33,0.0,184,5,226.91709231387858,1,6.753902963601163,success
9,147,5,2,30,0.06666666666666667,223,5,222.01691586230183,3,3.2092472637633698,success
8,34,104,2,30,0.06666666666666667,202,5,282.88329724188935,1,5.838708718797982,failure
6,12,13,0,32,0.0,144,6,114.21625185879108,1,3.400870419725461,success
9,88,10,1,18,0.05555555555555555,141,5,241.26494284635737,1,6.212878549810711,success
8,73,9,2,49,0.04081632653061224,197,4,492.6073884510226,0,4.720378807607781,success
5,18,42,3,29,0.10344827586206896,155,8,94.50904298605404,0,2.3664630149157064,failure
9,142,33,0,43,0.0,283,7,126.30370860546883,0,2.7800047368575664,success
6,57,55,1,12,0.08333333333333333,52,1,292.13101793838223,0,7.300969966488376,success
8,59,32,1,19,0.05263157894736842,49,2,173.50297119750937,0,1.7755191203919471,success
6,76,36,0,31,0.0,111,2,219.42059181234197,1,2.974143005133115,success
7,141,6,1,45,0.022222222222222223,262,6,134.64503224554005,0,7.262045297987839,failure
8,36,59,3,39,0.07692307692307693,229,7,307.34885273173137,0,0.3733857695300614,failure
5,70,56,2,9,0.2222222222222222,141,3,228.3522583112365,0,0.12579179506772256,success
8,85,69,1,8,0.125,187,4,60.52058453082041,0,4.005553059072344,success
5,103,35,0,25,0.0,288,9,194.84771936011592,0,9.497077425790787,success
9,29,44,2,24,0.08333333333333333,190,7,252.04781600051086,1,0.5685503088796838,failure
11,66,60,5,10,0.5,74,3,277.1618514621908,1,8.980726938686376,failure
8,219,62,1,33,0.030303030303030304,106,1,453.0360326124546,1,5.68025692177915,success
6,160,57,0,44,0.0,138,5,350.5114931687977,0,1.077193789419309,success
11,232,72,0,7,0.0,73,5,524.1662745865179,1,8.321364028991011,failure
7,101,85,2,40,0.05,42,1,314.86498534519734,0,0.5565496647290114,failure
10,84,28,0,21,0.0,274,9,246.29313923382452,0,5.175465531859914,success
8,31,37,1,41,0.024390243902439025,247,12,442.9490955865895,0,6.223104708562474,success
9,216,60,2,29,0.06896551724137931,151,7,136.65733388427512,1,6.817188035560779,failure
7,42,17,1,48,0.020833333333333332,31,1,197.76543167233115,2,2.4345480055179096,success
7,60,13,1,39,0.02564102564102564,33,2,192.14585250470483,1,2.7571509377613594,success
12,83,14,0,25,0.0,35,0,31.549081483577787,0,8.50115052806296,success
3,116,19,1,6,0.16666666666666666,112,3,130.2193525611842,1,3.6203219128203394,success
6,39,23,1,15,0.06666666666666667,290,10,275.5324724960054,0,5.321485253224915,success
9,60,55,2,42,0.047619047619047616,20,0,184.69915367628067,0,4.512836789748787,failure
8,54,36,2,21,0.09523809523809523,283,8,160.36219244933267,0,1.8867693985523668,failure
8,57,137,0,35,0.0,108,2,234.96311584359606,0,4.125010282368932,success
7,35,16,2,23,0.08695652173913043,246,11,186.69876381266772,0,0.5292367088064758,success
9,118,178,2,33,0.06060606060606061,95,5,205.4661476080796,2,1.590748584120477,success
11,150,64,4,17,0.23529411764705882,207,6,248.68443893891853,0,8.342628754155607,failure
8,323,14,0,25,0.0,153,3,225.95193038459428,1,9.255596021458091,failure
7,119,4,0,41,0.0,210,7,285.95397179361,1,0.31004898244050205,failure
8,26,12,2,9,0.2222222222222222,242,5,283.488924526182,0,3.279248238430909,success
15,38,4,1,32,0.03125,141,3,151.24960153848588,1,9.361695442419924,success
14,26,36,1,19,0.05263157894736842,28,3,344.39759843954135,0,7.223873362863439,success
10,130,58,0,31,0.0,231,4,159.52288659251437,0,0.222715074973631,success
6,141,30,1,8,0.125,98,2,95.63432085153946,0,1.1687086560485695,success
13,184,20,3,42,0.07142857142857142,147,5,400.7353275070493,2,7.397594220635133,failure
4,62,13,0,7,0.0,183,3,418.8271575057906,2,6.832917361597711,failure
4,105,96,1,33,0.030303030303030304,188,2,263.3427870968959,0,8.769800308334386,success
7,144,23,0,15,0.0,30,1,358.3282151045511,0,7.593902524932161,success
10,198,85,1,40,0.025,82,1,171.27120135274342,1,9.45671478824089,success
13,169,4,2,31,0.06451612903225806,58,1,145.1143354263463,0,5.476044234498404,success
6,126,122,1,43,0.023255813953488372,296,9,124.57994347870215,0,2.705178309128921,success
10,145,43,2,39,0.05128205128205128,136,3,205.9737809962652,1,1.3980774637825706,success
5,145,20,2,9,0.2222222222222222,158,6,93.48920232093444,2,0.14520743090277746,success
11,89,15,1,20,0.05,94,6,126.80639406991396,0,1.3370125166408022,success
6,60,46,1,25,0.04,128,5,159.7887883889056,0,6.032812984377845,success
8,85,37,1,29,0.034482758620689655,155,16,158.35627613699785,0,4.117194794766388,success
4,94,23,1,34,0.029411764705882353,102,2,325.39692549160884,1,7.943756211529232,failure
8,10,4,1,7,0.14285714285714285,237,6,190.9639683976383,0,3.3514613408197715,success
9,21,34,3,41,0.07317073170731707,257,5,382.4762685113909,1,3.628569030637625,failure
11,31,206,2,11,0.18181818181818182,190,9,128.21044448977062,0,6.207640704216367,success
8,244,36,2,43,0.046511627906976744,53,1,207.6541509177761,2,9.381139138963125,failure
8,33,8,4,7,0.5714285714285714,66,3,97.89086412690065,0,5.950687360120069,failure
9,84,7,2,45,0.044444444444444446,291,10,195.57196346549483,2,2.3838272203099677,failure
13,100,5,5,12,0.4166666666666667,244,3,173.3734647695402,1,3.9748213852885685,success
10,99,63,3,25,0.12,182,8,250.99138526708654,2,9.2378721788069,success
9,64,107,1,22,0.045454545454545456,285,8,161.90521058616378,0,8.046445608180086,failure
8,152,10,0,14,0.0,247,5,344.20879899828503,0,0.4375930828012512,success
7,100,14,4,24,0.16666666666666666,144,9,155.2389555616146,0,2.613447502447209,failure
12,63,93,1,44,0.022727272727272728,279,10,292.6830378244534,0,6.079178798536305,failure
2,122,56,0,44,0.0,294,10,381.531785797252,2,7.405486750992955,failure
6,233,5,1,33,0.030303030303030304,79,6,484.0192162776487,1,1.2892232247161006,success
6,21,59,3,34,0.08823529411764706,289,11,246.85202714199752,1,5.198597369405554,success
6,63,58,4,40,0.1,52,0,228.266062704224,0,5.6683917224962075,success
13,91,142,2,36,0.05555555555555555,73,6,221.8463144745025,0,1.301001272516221,failure
6,81,29,1,10,0.1,199,6,660.1132283539285,1,4.452506744328816,failure
6,130,23,4,23,0.17391304347826086,155,3,193.08230822904255,1,0.1307145648639319,success
9,42,6,2,35,0.05714285714285714,178,7,204.0026998001458,0,7.024304418237749,failure
8,73,37,1,37,0.02702702702702703,54,0,144.63945614161452,1,0.8583318594016114,failure
14,25,22,1,8,0.125,236,8,134.89784099421408,1,1.5477879993350088,failure
6,80,53,0,15,0.0,172,3,123.44355054403201,1,7.9445325371604945,success
4,87,59,2,10,0.2,22,0,304.3072001783443,1,4.1965761288597205,success
9,62,39,0,16,0.0,290,7,285.6511916692647,1,6.9637886768862955,success
7,35,21,2,41,0.04878048780487805,40,1,273.4110069878111,1,6.580073417878191,failure
8,29,19,3,35,0.08571428571428572,77,3,294.6768720521089,2,1.5915109056897838,success
8,38,92,0,21,0.0,186,6,503.2330321955175,1,1.7740504944660473,failure
10,69,48,0,8,0.0,289,10,353.1721089340696,1,6.62543390579031,success
6,46,29,4,19,0.21052631578947367,65,1,240.81331892710375,0,2.4578264199933955,success
4,98,100,0,42,0.0,252,11,129.2170761396016,1,4.472440332524703,failure
10,134,30,3,49,0.061224489795918366,157,7,347.6206052118038,0,8.23120265075121,failure
10,26,19,0,16,0.0,171,3,161.92484998078191,0,2.811206435319709,success
5,67,26,3,14,0.21428571428571427,114,3,583.129548182089,1,3.49083627290323,success
7,64,29,2,10,0.2,77,2,71.45143777183206,2,3.2014993739932436,success
8,69,13,0,26,0.0,175,9,222.1140547550938,1,7.485777948909845,failure
4,64,31,0,45,0.0,261,12,185.18171765918675,0,3.279997447660834,success
7,55,37,4,35,0.11428571428571428,38,0,549.2451426253514,0,3.891182684660164,success
12,67,65,3,20,0.15,251,12,187.52076663191522,0,5.602227283337662,failure
8,99,91,1,12,0.08333333333333333,243,4,55.399553170489696,1,5.1598619350183945,success
6,101,92,4,43,0.09302325581395349,89,3,151.05688841481359,1,2.828893867199509,success
5,90,36,0,40,0.0,256,6,163.6148586681604,1,6.131856726695998,failure
8,51,17,0,7,0.0,291,8,273.16881481421836,0,3.6090057522784154,success
9,24,12,3,33,0.09090909090909091,277,9,426.35980854103957,0,4.635170447983166,success
4,94,17,0,7,0.0,219,7,160.11946970396127,0,3.8365688139311533,success
9,82,6,0,14,0.0,124,2,272.7522745590656,2,7.867744162863162,success
6,86,16,4,36,0.1111111111111111,186,10,190.01836727459678,0,5.44750274660151,failure
11,245,222,4,25,0.16,241,3,370.2163706962144,1,9.877150139261738,failure
9,120,101,2,10,0.2,27,0,114.61377147143554,0,4.985531525303295,success
8,75,41,0,48,0.0,112,5,226.13583238152842,1,8.918314851477259,success
8,147,26,1,36,0.027777777777777776,22,1,199.13696467269253,2,5.779875734691676,success
7,91,52,1,48,0.020833333333333332,262,10,428.2718674682064,1,8.94372000317373,success
7,117,12,1,32,0.03125,281,7,60.489447168608244,0,6.674823247814824,success
7,77,29,3,8,0.375,122,4,117.22089565917301,1,1.295111177826176,success
7,6,52,2,34,0.058823529411764705,68,3,202.5600600636597,0,1.0307787584996955,success
12,68,94,0,46,0.0,162,5,190.57293721687577,2,7.66687535307041,success
11,96,17,3,48,0.0625,193,7,219.40378923880897,0,6.869343941200697,failure
7,56,10,2,21,0.09523809523809523,91,3,513.4171806506545,1,4.5613603795225615,failure
4,106,17,2,32,0.0625,123,1,138.92130354757677,0,4.351889738042375,failure
14,56,0,5,43,0.11627906976744186,142,3,156.26567939981013,1,6.641752503029373,success
10,244,15,1,14,0.07142857142857142,179,6,209.27697963492096,2,5.598490846987181,failure
11,95,19,2,5,0.4,50,1,153.5861592054018,0,2.1047733910816935,failure
5,75,42,1,35,0.02857142857142857,185,5,74.4463999350229,0,8.765713720146035,failure
13,82,14,3,36,0.08333333333333333,246,7,298.92906843435367,1,7.061794986264024,success
8,49,24,2,24,0.08333333333333333,147,5,163.49496650849795,0,6.5501414694791835,success
5,156,19,3,33,0.09090909090909091,205,4,509.5630501600684,1,4.816571600361367,failure
7,39,19,0,41,0.0,258,8,81.33241170923675,0,9.46169840549484,failure
8,208,52,0,29,0.0,61,2,239.73864962479155,1,0.2074297167406364,success
10,163,12,1,42,0.023809523809523808,188,8,331.3236694142088,0,7.014039378960025,success
5,42,10,1,5,0.2,269,8,76.17551866020311,1,9.82832691744671,success
5,29,80,0,19,0.0,159,4,112.39256963325218,0,5.948819972441731,success
4,44,44,1,38,0.02631578947368421,271,8,191.85993728042402,1,5.973748073437805,failure
5,187,1,1,27,0.037037037037037035,236,4,186.63776595605074,1,7.959526906698585,success
12,67,39,1,33,0.030303030303030304,239,8,281.5599455809763,0,0.3368581476343816,failure
2,21,10,0,17,0.0,166,8,131.23747411169862,0,1.24404063487061,success
7,147,7,2,6,0.3333333333333333,118,4,96.44494662208336,0,8.472095989463272,success
9,127,89,0,44,0.0,51,1,237.46130401905572,0,6.603408140765359,failure
9,116,14,2,9,0.2222222222222222,214,6,449.9203622221211,0,9.828286626712,failure
7,227,26,1,26,0.038461538461538464,152,7,200.33448680710814,0,4.132814887880793,success
10,110,35,2,19,0.10526315789473684,263,10,130.86079429676872,1,4.5251721037875825,failure
8,163,92,1,17,0.058823529411764705,101,4,406.12438382229715,1,6.671825795743843,failure
10,59,10,0,34,0.0,189,6,253.23520425083504,1,1.8885101840997285,failure
10,99,46,2,29,0.06896551724137931,236,6,136.36680025196094,0,2.951671366408815,success
3,156,38,1,25,0.04,297,6,249.7690512737705,1,8.617649254261568,success
4,19,49,3,21,0.14285714285714285,235,13,343.4639184251143,0,8.04930722190448,failure
7,62,42,2,40,0.05,54,0,101.52877817261242,0,5.75359045061651,success
7,75,27,2,43,0.046511627906976744,41,0,310.83867303764055,2,3.651225268323562,success
8,191,35,1,38,0.02631578947368421,222,8,249.37329241056136,1,6.39881150355234,failure
4,87,113,1,45,0.022222222222222223,269,7,111.49477324296325,0,1.8079135977905816,success
9,22,46,2,38,0.05263157894736842,144,5,211.16287480620966,0,4.388212329451924,success
13,42,42,2,42,0.047619047619047616,130,5,384.06762837235294,2,5.079721852731322,failure
8,61,16,3,42,0.07142857142857142,230,7,348.9520843983192,0,4.668643943290317,success
9,61,133,0,30,0.0,120,3,114.33589289422251,0,4.245169093035841,success
10,162,43,1,6,0.16666666666666666,221,3,454.9272019677893,1,3.8185520127613497,failure
5,136,65,5,38,0.13157894736842105,258,7,112.58707278450203,1,5.824104119040869,success
6,46,10,0,42,0.0,168,5,471.9493079130702,1,3.6401151881989793,success
5,70,21,1,45,0.022222222222222223,189,8,439.25058017225643,1,5.937581143598089,failure
10,46,14,1,40,0.025,214,6,201.67298370500066,1,5.247239340476577,success
7,127,55,3,46,0.06521739130434782,262,9,223.28962872082406,2,3.596787208810574,success
9,83,6,1,38,0.02631578947368421,297,11,279.14825070714693,1,7.869291577723912,failure
11,34,56,1,49,0.02040816326530612,272,8,225.2023668325783,0,0.5244150381381997,success
7,208,54,1,8,0.125,55,1,279.0260089602534,1,2.768655398792583,success
8,212,3,1,15,0.06666666666666667,88,5,279.57038553208474,1,5.004975075570239,success
9,32,52,0,46,0.0,278,12,142.20781145416913,1,9.136432420514339,failure
9,173,24,3,17,0.17647058823529413,212,10,637.1625783285476,2,0.813521824129152,success
5,46,137,3,43,0.06976744186046512,100,2,386.2475445596199,0,5.878950593555207,success
10,116,61,2,40,0.05,199,5,203.7251841283458,0,1.783531469986773,failure
8,32,23,1,9,0.1111111111111111,41,3,233.0476726284793,0,0.22059591835057438,success
11,33,38,1,43,0.023255813953488372,52,0,210.3546930851893,1,8.680265386924091,success
8,44,71,2,15,0.13333333333333333,148,5,116.3241614935091,2,8.77794318166084,success
5,156,4,0,31,0.0,151,3,107.80850973160524,1,2.8212383419309517,success
9,13,33,4,7,0.5714285714285714,188,7,297.5724677216449,1,8.62032350503169,success
9,114,68,3,49,0.061224489795918366,153,7,184.77871987408236,1,3.833639940360788,failure
9,101,26,0,32,0.0,47,1,257.1605105141044,3,0.5679662681298716,success
5,162,52,0,39,0.0,254,5,143.53385531556094,2,2.3210100394887254,success
10,41,31,1,41,0.024390243902439025,31,1,263.75235522244816,1,6.540638091921544,failure
10,165,3,0,18,0.0,125,1,368.0364049609759,3,2.141078095058731,failure
9,156,56,1,33,0.030303030303030304,195,1,783.81545191519,1,5.812515212241209,failure
8,57,90,1,41,0.024390243902439025,205,9,215.68675405861597,1,1.9067735878537544,failure
8,122,9,1,21,0.047619047619047616,132,6,129.03649961827293,0,2.1631082705953473,success
10,34,38,1,18,0.05555555555555555,168,5,256.62389836659383,0,6.787105845788775,failure
10,65,11,0,35,0.0,124,4,692.9942725089561,1,8.71401930838301,failure
3,47,9,2,42,0.047619047619047616,268,13,250.00217742816196,1,7.506939016597063,failure
14,30,19,1,9,0.1111111111111111,110,1,167.0469328866952,0,0.6741477598468013,success
11,112,54,0,22,0.0,69,1,188.81315316273512,1,9.237960413272495,failure
8,54,17,2,22,0.09090909090909091,20,1,273.13469261135646,1,1.6882254404875339,success
8,171,15,1,19,0.05263157894736842,51,1,286.49537559995724,1,7.300882813014871,success
8,28,7,2,8,0.25,214,4,225.39168555891047,1,7.3066251979516705,failure
9,150,61,2,42,0.047619047619047616,116,3,362.81068101005735,0,4.569891164715013,success
12,77,52,3,45,0.06666666666666667,43,2,257.61379889528376,1,5.683947114162861,failure
13,92,16,1,13,0.07692307692307693,166,3,274.0150686077127,1,1.0498719510461245,failure
11,38,43,4,23,0.17391304347826086,115,3,415.26139356315434,0,9.731253676019914,success
7,73,40,1,29,0.034482758620689655,228,7,183.18289827702932,0,0.7405509239186789,success
7,92,35,1,24,0.041666666666666664,31,0,132.86168289323098,1,9.109856980782158,failure
5,109,89,1,18,0.05555555555555555,181,5,208.18984484923183,1,2.5652151008236213,success
6,112,4,3,12,0.25,122,6,120.57505922841929,0,3.9747261790283717,success
3,99,16,2,13,0.15384615384615385,211,8,97.97200090552413,0,7.602571070106725,success
9,185,49,6,25,0.24,85,2,265.86321253460244,0,8.803394860363266,failure
13,27,128,1,38,0.02631578947368421,203,3,286.56975904013234,1,6.984425677833819,success
7,17,42,2,44,0.045454545454545456,58,0,407.49862608454,0,1.30370932408155,success
7,208,70,1,45,0.022222222222222223,76,0,370.1122292057378,0,3.586232983145224,success
11,100,96,3,17,0.17647058823529413,83,3,185.90631378963377,0,6.139794408830593,success
6,161,43,2,30,0.06666666666666667,109,4,246.24409422517388,0,9.865001965244854,failure
9,6,13,2,46,0.043478260869565216,223,8,178.8832042453596,0,4.111287503812777,success
13,93,17,2,49,0.04081632653061224,150,3,240.51871351653358,1,3.095187560399627,success
11,12,36,3,41,0.07317073170731707,220,3,164.20549963215487,1,2.8757225818432715,success
11,116,5,1,34,0.029411764705882353,280,10,230.64974930947866,1,8.554431151808666,success
8,101,39,1,24,0.041666666666666664,220,10,370.635856874319,0,1.7889664518734127,failure
12,204,22,0,11,0.0,45,1,204.2594728823634,0,6.482485068731784,success
12,86,183,3,48,0.0625,274,10,68.30976704320719,1,8.498245507767942,success
15,166,49,0,24,0.0,118,5,364.6694914248935,0,8.547901312274263,success
4,134,44,1,20,0.05,87,4,256.5920938622163,2,1.3899867320491375,failure
6,73,40,1,6,0.16666666666666666,40,0,202.7802018896061,2,7.952716341489273,success
5,102,14,2,14,0.14285714285714285,103,6,501.02773373033796,1,9.20284841252886,success
8,188,3,2,45,0.044444444444444446,151,7,216.52130542472193,0,7.84831688425573,failure
10,368,14,2,39,0.05128205128205128,115,6,502.0942097330312,0,7.0469901444243055,failure
7,134,85,1,47,0.02127659574468085,174,12,297.0372492964142,1,5.2173419886572425,success
7,159,24,1,32,0.03125,48,2,44.15583577785643,0,7.699738002969567,failure
3,119,45,4,14,0.2857142857142857,140,2,130.44654096202484,0,5.804903988106669,success
10,175,74,0,17,0.0,204,8,98.06361767891241,0,4.13429752930543,failure
9,14,53,1,26,0.038461538461538464,168,3,402.968571772493,0,4.988850225530585,success
8,101,87,2,38,0.05263157894736842,101,4,83.32702978926304,1,6.57875339914664,success
9,86,12,1,20,0.05,225,6,310.95552478368097,1,5.6344919654636625,success
7,83,55,0,12,0.0,59,0,252.0722607809658,1,6.723153710675364,success
7,105,7,3,24,0.125,253,7,193.12233407020818,0,9.818877002855658,success
10,97,21,2,14,0.14285714285714285,283,11,270.4251633412195,0,2.683976867932054,success
6,98,83,3,33,0.09090909090909091,144,2,113.73087808119311,0,9.957914181671141,success
6,0,10,2,46,0.043478260869565216,182,0,280.03412851790887,0,0.6360364186810034,success
8,188,68,0,34,0.0,263,7,195.7368167621299,2,6.117560383735731,failure
11,156,23,0,28,0.0,126,0,180.1252895500961,1,9.346436044646355,success
8,23,119,0,6,0.0,135,7,242.76853439830137,0,1.1143044553554113,success
11,46,18,2,38,0.05263157894736842,106,5,330.7366328263346,0,9.90306824918438,failure
8,216,26,0,46,0.0,216,7,100.78847449207768,1,9.193347768180379,success
10,55,9,0,25,0.0,163,1,183.25838270098967,1,8.555638575546448,failure
6,112,69,2,38,0.05263157894736842,289,9,480.04506587220243,0,5.317275567198241,success
8,111,211,1,36,0.027777777777777776,136,5,110.63439193747314,2,2.2162398602169424,success
7,55,218,0,34,0.0,116,4,162.75993699346498,0,0.9828690234311278,success
7,32,36,0,18,0.0,275,13,144.43926838998,0,0.7404527922274416,success
3,16,46,0,23,0.0,21,1,143.3422683514948,0,5.9211399524908215,success
11,108,17,0,34,0.0,193,5,179.42760914954331,2,7.0524792016075315,failure
7,121,34,2,45,0.044444444444444446,24,1,166.45833018782324,3,2.283791742436477,success
6,34,34,1,31,0.03225806451612903,64,2,326.1969236383439,1,4.944010610777177,failure
11,126,24,0,20,0.0,64,4,163.6608491714561,1,5.333736974127651,success
2,83,89,0,29,0.0,250,8,161.15548712492358,0,8.97738668585791,success
7,110,20,0,29,0.0,162,5,243.63351239492297,1,1.3469424242717303,failure
9,77,85,1,28,0.03571428571428571,61,2,334.0930510364127,0,7.997857944037227,success
8,86,26,1,7,0.14285714285714285,176,4,60.81615332848515,0,7.734614430232219,success
12,95,27,2,28,0.07142857142857142,112,2,100.85479279274608,0,6.843281987346088,failure
6,130,20,2,15,0.13333333333333333,232,5,255.82316615777356,1,2.5538478786454437,success
13,138,35,3,36,0.08333333333333333,172,4,397.6626820326367,0,0.6096468674850657,success
11,38,12,3,27,0.1111111111111111,209,4,298.57989971284366,2,7.84869130723668,success
12,50,24,3,16,0.1875,160,7,353.3536338777803,0,5.643756763971822,failure
4,32,12,2,43,0.046511627906976744,209,1,281.6443216891085,2,6.315611716808867,success
14,250,5,2,25,0.08,204,10,315.14486212263705,0,8.537437187383933,success
4,35,16,1,41,0.024390243902439025,274,5,215.38398777636976,1,1.4076152129333535,success
12,18,33,0,38,0.0,52,0,210.14900901868612,0,2.142140994394251,success
5,42,97,1,25,0.04,234,15,204.91920780943016,1,4.267215264691241,failure
6,274,30,2,30,0.06666666666666667,270,20,451.50293233197704,0,3.6040183798759173,success
12,42,10,2,40,0.05,79,1,189.44386258225876,1,9.504327207092738,success
9,47,9,1,38,0.02631578947368421,171,3,254.1262699508585,0,3.2495360354188016,failure
10,137,37,2,13,0.15384615384615385,88,1,418.8646289534224,0,9.00373641696001,failure
9,165,27,1,22,0.045454545454545456,54,1,106.2389050254886,1,5.367597616531029,failure
8,46,79,0,48,0.0,192,5,643.1234896707282,0,1.0520300341335034,success
11,24,130,1,46,0.021739130434782608,160,4,61.665686130195986,0,6.761476944001449,success
7,50,41,2,43,0.046511627906976744,179,7,206.7967155196086,0,7.499829247876422,success
10,114,114,3,34,0.08823529411764706,202,9,300.35618603063955,1,1.715849133501543,failure
7,87,18,3,7,0.42857142857142855,46,4,153.8904474539809,0,4.253680928912686,success
16,155,76,1,6,0.16666666666666666,107,3,194.08976073589488,0,1.5677732028265605,failure
7,121,31,1,7,0.14285714285714285,22,0,284.10709431985396,0,1.8528726918391616,success
12,131,58,3,19,0.15789473684210525,148,5,558.5156087839467,1,6.906551020369073,success
5,139,5,1,45,0.022222222222222223,112,5,149.39439944621046,1,5.002645020825858,failure
7,121,28,0,7,0.0,192,2,272.70574136640704,1,0.4160886086615153,success
11,96,18,4,42,0.09523809523809523,105,6,215.14377543802846,1,9.352961415101158,failure
8,105,50,0,47,0.0,216,5,377.19169358238895,0,6.937035672760839,success
11,135,73,5,38,0.13157894736842105,62,1,432.75962724595485,0,0.6242171794191365,failure
6,38,1,1,21,0.047619047619047616,142,3,571.7762581427065,1,7.230798726582645,success
9,201,78,3,7,0.42857142857142855,31,2,137.86321961324,1,8.392616063893415,failure
7,28,20,0,11,0.0,222,4,289.51862424077507,0,4.115486769320772,success
5,25,38,0,35,0.0,162,3,466.1169145958235,1,7.56931855064762,success
8,60,77,2,14,0.14285714285714285,144,5,183.86849649542535,2,2.969821852683941,failure
4,70,27,1,39,0.02564102564102564,259,12,211.43232106419376,0,1.3007645736287619,success
4,85,51,2,32,0.0625,128,2,228.52073874562032,2,9.70890811138272,success
4,84,32,1,24,0.041666666666666664,291,9,279.708114589365,1,0.14322667331011707,failure
12,52,7,2,5,0.4,211,10,329.33091710466687,1,5.28248444808161,failure
6,47,142,0,46,0.0,162,8,69.65615039150627,3,1.0718268757729144,success
9,101,16,2,17,0.11764705882352941,243,12,109.34131722457667,2,6.005054657913667,failure
8,155,20,1,12,0.08333333333333333,83,5,161.1657181220014,0,0.14531368846636752,success
4,44,60,4,28,0.14285714285714285,270,7,349.676049664714,0,0.7180615739058686,failure
10,11,76,2,26,0.07692307692307693,99,2,121.1778134615979,1,7.083400908860748,failure
13,26,20,1,31,0.03225806451612903,187,9,327.19150433377615,1,8.115249665276385,success
7,50,10,1,37,0.02702702702702703,184,7,224.54902479148015,0,7.961948589666562,failure
6,20,91,1,30,0.03333333333333333,250,7,351.13717805751645,2,1.8217373825551004,success
11,126,8,1,48,0.020833333333333332,51,2,116.3669278727153,1,0.15221845783888527,failure
6,51,24,0,7,0.0,93,2,447.16848068060705,0,7.517039443791438,success
8,134,26,1,34,0.029411764705882353,295,9,193.6038499126623,2,1.9151135076959382,failure
6,95,78,2,42,0.047619047619047616,75,1,377.5033463213891,3,3.2565109183945586,success
13,135,189,1,14,0.07142857142857142,110,3,184.5005674116853,0,2.819617520208829,success
7,141,22,3,10,0.3,69,4,215.7225347600458,1,9.323129148216868,failure
5,243,63,1,21,0.047619047619047616,78,3,195.40193979644877,0,8.782984107751762,success
8,3,48,2,11,0.18181818181818182,103,4,304.4261713315262,0,4.5905109759558265,success
5,128,37,0,18,0.0,127,2,221.49135383267398,1,7.942751630066449,success
12,101,11,1,38,0.02631578947368421,174,2,108.3984080540275,1,7.478169888891561,success
11,168,81,1,10,0.1,123,5,116.19911394321208,0,4.755176663787601,success
11,29,11,1,37,0.02702702702702703,70,2,100.98567029510166,1,1.0512057038437232,success
8,54,17,0,22,0.0,46,0,316.2170793645049,0,7.75988443247011,success
5,99,36,5,10,0.5,78,5,98.31547564198388,0,6.809768553381628,success
9,82,20,1,22,0.045454545454545456,283,9,202.34836880452258,1,1.647951142458103,failure
12,30,9,2,34,0.058823529411764705,34,1,76.15656443937732,0,4.914738177927679,success
14,42,22,4,8,0.5,250,6,258.1212248185754,1,7.971045851770769,failure
4,190,27,2,29,0.06896551724137931,220,10,592.0760325215228,0,7.70661920921582,success
6,41,83,2,7,0.2857142857142857,212,9,217.20827631307668,1,9.715166602450221,failure
11,137,61,1,9,0.1111111111111111,26,1,278.3126067132553,0,4.686400739019649,success
9,16,12,1,44,0.022727272727272728,181,3,153.32031676019264,0,8.280541889871223,failure
10,52,131,1,9,0.1111111111111111,285,5,151.39308355908773,0,0.17279830124700085,failure
5,40,122,3,14,0.21428571428571427,124,3,306.4704062918522,0,6.461615066062819,success
4,85,32,2,49,0.04081632653061224,89,1,163.94933249404957,1,2.860687442908213,success
5,41,21,3,42,0.07142857142857142,223,5,306.6947526303959,0,1.6474582595366272,failure
8,41,33,3,24,0.125,97,1,226.39654987896367,0,7.408706189571729,success
12,248,18,4,46,0.08695652173913043,287,7,88.08869889551809,0,3.774420099346948,failure
6,38,21,1,17,0.058823529411764705,230,11,435.5993420237506,0,6.177689127877583,failure
16,151,54,2,46,0.043478260869565216,189,7,50.79378181193357,1,8.32197527614994,success
5,137,71,1,5,0.2,239,4,97.19631792985503,1,5.422096330937498,success
7,101,24,1,34,0.029411764705882353,72,3,309.79147880451893,1,4.453052194255406,success
10,74,68,1,40,0.025,230,3,172.69475903653188,2,6.24741338728047,success
7,86,150,2,49,0.04081632653061224,64,5,160.16669238597615,0,9.961095546534487,success
10,49,20,3,42,0.07142857142857142,118,4,265.39370684774514,1,1.3560007998375996,failure
6,53,28,1,12,0.08333333333333333,42,1,120.31884687775359,0,2.7846117444874965,success
8,54,23,1,13,0.07692307692307693,99,2,142.47971404514112,1,9.34902279344151,success
10,75,19,0,45,0.0,248,7,334.07075985753056,1,9.948728540203396,failure
5,153,38,2,37,0.05405405405405406,79,2,505.9668087881774,1,5.622203133420015,success
6,200,20,2,41,0.04878048780487805,40,1,493.4143080456284,0,0.2714067026992592,success
10,55,22,0,10,0.0,78,0,253.07227443102042,0,8.319254327187615,success
3,33,17,4,21,0.19047619047619047,187,5,240.5659690612344,0,6.343656365121467,success
1,139,22,0,27,0.0,276,7,212.26766498898223,0,5.301448882643571,success
5,38,35,2,41,0.04878048780487805,263,5,167.782912085626,1,9.658566453944,failure
14,56,26,1,6,0.16666666666666666,248,5,365.96619404341413,1,1.4182882852481353,success
8,61,28,1,22,0.045454545454545456,35,0,217.28508331711438,0,3.5125910714051183,success
7,61,39,2,42,0.047619047619047616,41,2,93.52470017256802,0,6.300447250181635,success
7,107,17,1,32,0.03125,214,8,145.00507856761496,1,0.14625344806587698,success
11,164,41,1,18,0.05555555555555555,62,4,210.31196590061717,1,8.666418042742462,success
8,263,39,2,26,0.07692307692307693,82,2,257.6879129556353,0,7.645030855823648,success
2,91,45,3,5,0.6,44,3,414.6997302685451,1,2.4254618209814756,failure
14,30,83,2,47,0.0425531914893617,200,9,283.0767374544445,2,3.1488225277293465,failure
9,139,66,0,46,0.0,163,4,235.70248273564096,1,3.1248582187255383,success
5,33,75,2,45,0.044444444444444446,243,8,71.40605588188927,0,8.62531669521702,failure
11,39,24,4,43,0.09302325581395349,112,4,352.26004252390067,1,3.278214342177311,failure
7,11,31,0,48,0.0,89,2,166.93207417537363,0,2.8645565865536624,success
6,100,39,2,12,0.16666666666666666,162,3,541.8796660349325,1,7.4227537585000105,success
9,133,95,3,31,0.0967741935483871,231,4,224.00600040663994,1,5.829355690630638,success
9,53,22,1,14,0.07142857142857142,35,2,308.9488558378912,0,3.657039053295904,failure
7,83,33,1,38,0.02631578947368421,252,8,64.80216497566038,0,5.803240252574119,failure
5,166,23,1,45,0.022222222222222223,168,4,306.6715372625493,1,9.202467567790825,failure
6,138,82,1,37,0.02702702702702703,87,2,128.03835251327803,0,4.560356997219633,success
7,39,67,1,41,0.024390243902439025,172,2,291.54848434505016,1,0.14690077346953384,success
13,88,32,2,12,0.16666666666666666,238,4,317.07958705061776,0,7.3649417697630675,success
7,119,36,0,34,0.0,114,5,246.8969044886377,1,9.982636050963016,success
8,42,69,2,24,0.08333333333333333,219,10,100.13557953782671,2,0.6193392100821288,success
2,17,40,2,5,0.4,131,3,310.73279944749186,0,6.15221744637144,failure
8,69,18,4,11,0.36363636363636365,152,4,383.3452598293723,0,4.045191912415071,failure
4,129,25,1,15,0.06666666666666667,216,6,462.68503202040944,2,5.688737807262048,success
10,89,50,1,43,0.023255813953488372,67,2,117.76793275210069,0,3.147501509542947,success
11,50,24,0,11,0.0,185,5,170.9170258410917,0,7.557330189443725,success
7,132,163,1,40,0.025,293,8,484.09358325611805,0,1.023399123466162,success
11,347,8,2,24,0.08333333333333333,44,2,827.4903183877492,0,0.9899228509606368,success
10,230,79,1,37,0.02702702702702703,86,2,75.06226917308739,0,5.448147677803342,success
11,116,91,2,38,0.05263157894736842,108,6,71.87942930849593,0,3.277587142969268,success
12,110,53,1,27,0.037037037037037035,114,2,284.18686309653526,2,9.238835455842146,failure
7,69,25,3,28,0.10714285714285714,99,2,485.7914169543719,1,2.0044921038510766,failure
7,91,4,2,13,0.15384615384615385,134,8,256.9794933672107,0,7.7804840942339375,failure
8,7,18,1,27,0.037037037037037035,144,3,147.288501020748,0,9.748777741406238,success
10,120,83,2,21,0.09523809523809523,240,7,163.31575309905068,0,3.3346872862160764,success
11,158,11,0,43,0.0,223,5,198.34828573954204,0,9.183449881627167,success
10,32,66,0,38,0.0,137,1,59.49888604178044,2,3.2375252875878595,success
9,39,9,0,10,0.0,62,4,135.28656057198626,3,5.586007362520389,success
3,9,48,1,7,0.14285714285714285,173,4,505.19788433101314,2,0.10341749786630129,failure
7,68,31,3,42,0.07142857142857142,221,7,333.1322504203699,0,2.716051934497788,success
3,82,23,0,42,0.0,108,5,272.73209997950056,0,0.6207832984139661,success
10,92,121,0,12,0.0,126,4,283.5360284132315,0,0.39580256456699625,success
7,73,7,2,44,0.045454545454545456,151,6,256.35299266233653,0,9.956890674449301,failure
6,9,33,0,13,0.0,79,3,523.2528078408147,0,7.672593171651648,success
11,2,39,0,19,0.0,91,2,89.80465678396608,0,3.4309148851838556,success
7,69,1,1,34,0.029411764705882353,282,9,147.0010317826374,0,6.842596086762965,failure
12,51,11,1,8,0.125,168,3,279.7961675649127,0,5.316973234917456,success
4,109,13,1,33,0.030303030303030304,21,0,229.4157916038334,0,9.187115038149987,success
8,69,15,2,37,0.05405405405405406,51,5,137.41319690655337,1,2.565270559907277,failure
8,62,82,2,10,0.2,224,3,173.70647509799886,0,5.173091567705102,failure
4,18,52,3,33,0.09090909090909091,48,1,327.16656729170376,0,0.16413305073894693,success
11,103,23,1,23,0.043478260869565216,152,2,224.04804077277493,1,7.301764315038815,failure
7,73,36,3,41,0.07317073170731707,137,7,302.86709820900836,0,5.822983509398703,success
8,197,9,0,31,0.0,131,2,144.10977091219178,1,6.270270691554746,failure
11,98,11,1,15,0.06666666666666667,36,2,144.2004545906183,1,7.285737663670487,failure
3,49,24,0,46,0.0,226,8,228.017080497502,2,3.875615101747511,success
10,63,7,1,13,0.07692307692307693,258,3,129.9693913379606,0,1.6482047160527642,success
11,106,3,2,20,0.1,220,8,176.80066158983158,1,1.9233263958889617,failure
3,176,37,1,22,0.045454545454545456,285,14,162.21464848143074,0,7.346035966477802,failure
10,43,13,2,17,0.11764705882352941,194,6,310.7840200522161,0,9.942179560754633,failure
9,164,62,4,11,0.36363636363636365,148,3,381.4794307261069,0,4.547773011395189,failure
8,139,53,1,21,0.047619047619047616,59,2,85.03379886091463,0,1.8011251522123655,success
9,342,35,5,13,0.38461538461538464,92,1,206.9806889297432,1,0.790423637778427,success
7,52,51,5,36,0.1388888888888889,41,3,177.88566245108524,2,4.865148235723764,failure
6,93,19,2,30,0.06666666666666667,45,1,263.1460898020976,0,7.190546455262043,success
10,77,48,0,46,0.0,52,1,253.53449681600657,0,6.0610264788205415,success
12,211,57,1,26,0.038461538461538464,29,0,274.49098250747693,0,2.9860561393803455,success
8,24,16,2,49,0.04081632653061224,208,2,133.41707649910958,1,5.985181700450237,success
9,210,21,1,32,0.03125,142,1,167.0861387041395,0,5.478835334458547,success
11,39,19,2,20,0.1,215,7,154.5441427359321,0,2.246532337231923,failure
9,129,36,0,40,0.0,154,4,628.1175524651471,0,4.151080599743751,success
6,150,150,2,29,0.06896551724137931,159,10,379.0817834339023,1,8.767406411320271,failure
8,50,50,0,32,0.0,110,2,243.618253753231,0,7.54981951593362,success
6,36,20,0,33,0.0,104,2,251.8017153169426,2,9.302843346798849,success
9,32,8,1,46,0.021739130434782608,134,9,100.94581901812876,0,8.93092800143798,success
7,31,56,1,5,0.2,26,0,141.19950828552632,0,2.5491265714123466,success
7,158,15,0,35,0.0,220,7,303.1128724286116,0,8.635198813924667,failure
6,54,85,2,34,0.058823529411764705,56,0,206.0873194375528,1,6.18928754873444,success
9,28,10,0,44,0.0,73,5,280.1139468424464,1,9.625007572402982,success
13,152,121,0,29,0.0,67,1,70.59294639090466,0,2.038908705236263,success
5,57,30,3,22,0.13636363636363635,284,11,82.05985969948446,1,3.5039898598208077,success
2,128,46,3,41,0.07317073170731707,199,9,141.89851669911616,0,4.066215580054868,success
5,35,21,2,47,0.0425531914893617,254,10,314.6880741756819,1,0.3349050042044637,failure
6,67,2,4,13,0.3076923076923077,49,1,246.7346546895121,1,4.848516087313013,failure
9,37,32,1,19,0.05263157894736842,207,11,172.8263408379993,0,9.443619344448983,failure
11,44,74,1,33,0.030303030303030304,278,10,268.7696816655701,1,8.171423146371788,success
9,80,15,2,41,0.04878048780487805,199,8,416.27196370450264,1,2.07264503845633,success
5,189,24,3,9,0.3333333333333333,171,4,153.1889597925572,1,2.8957827818277875,success
10,189,25,0,48,0.0,175,5,257.7184015996608,0,9.764260159503928,success
5,61,64,5,13,0.38461538461538464,186,6,199.5874052947233,1,0.6923527417132158,success
14,104,22,0,41,0.0,202,4,223.26041051463875,0,4.595016862208011,success
5,38,28,0,14,0.0,228,12,314.9510422721036,0,8.881162768041193,success
8,127,73,0,29,0.0,101,1,255.40945205186915,0,7.0038971813114665,success
6,192,109,0,42,0.0,228,8,493.253765455266,2,9.82517048746104,failure
13,32,16,2,14,0.14285714285714285,172,2,580.5844824691353,1,9.753797565989247,failure
8,93,32,2,42,0.047619047619047616,289,5,281.32646081910667,0,7.5476778700997675,success
6,6,65,0,24,0.0,286,9,293.7992733985735,2,4.915196554137834,failure
7,150,16,2,46,0.043478260869565216,194,5,287.25031932880756,0,6.277500606441061,success
5,23,85,1,13,0.07692307692307693,23,0,363.97279339252066,0,7.95911363298843,success
11,33,79,1,7,0.14285714285714285,124,3,405.6628266718802,0,2.999300219274474,success
11,52,5,0,47,0.0,90,2,236.67069316774848,1,4.638789207154779,success
9,26,39,2,15,0.13333333333333333,293,12,257.0004281843464,0,6.706274779463754,failure
5,49,94,0,8,0.0,38,2,224.16436702000004,0,2.786605523043159,success
11,127,25,1,32,0.03125,162,6,361.91451561656976,0,6.605809144050412,success
6,23,171,2,45,0.044444444444444446,94,6,450.7315809943406,0,1.545486508738786,failure
10,134,100,0,42,0.0,159,6,299.60549335745577,0,4.252822993249855,success
4,5,13,1,15,0.06666666666666667,55,0,382.84081897733716,0,1.1091515728945778,success
7,70,11,1,36,0.027777777777777776,264,12,241.76205413918282,0,8.45161657158923,failure
11,45,11,4,22,0.18181818181818182,261,5,262.7461532645642,1,3.0962256579941037,success
10,242,31,2,44,0.045454545454545456,163,3,177.24471267108032,1,9.26965791924524,success
7,24,29,1,23,0.043478260869565216,239,6,202.37345585383622,0,7.900764303242189,success
10,105,11,2,20,0.1,191,4,154.72580580363842,0,3.221536879146734,success
8,25,59,1,7,0.14285714285714285,250,2,121.25283912376146,1,6.07494287610317,failure
3,75,28,3,17,0.17647058823529413,35,1,129.438716580568,0,4.462324669051237,success
7,69,92,1,41,0.024390243902439025,132,5,256.1382091331162,1,8.079904580207918,failure
6,81,27,0,34,0.0,103,3,275.5850415893703,1,6.894544197899991,failure
8,194,60,0,18,0.0,28,0,175.12925225342934,1,6.572672333259203,success
9,71,98,1,40,0.025,144,7,173.1198554329956,0,7.290384549047266,success
10,76,20,0,10,0.0,65,1,158.63623685370325,0,4.270379037474396,success
12,156,76,2,36,0.05555555555555555,242,10,199.24281224023434,2,4.197246442435584,failure
10,145,8,1,45,0.022222222222222223,293,6,182.4972688748999,1,3.577482479616497,success
7,174,52,2,44,0.045454545454545456,233,6,253.34476304456857,0,1.686640509003903,failure
7,87,15,4,36,0.1111111111111111,141,6,257.2565584451092,0,3.687973849842361,success
13,64,23,0,16,0.0,93,0,39.799817786600315,0,6.354671668296326,failure
8,115,25,3,47,0.06382978723404255,103,6,226.48582260745155,0,3.210899409937963,success
13,64,24,3,43,0.06976744186046512,114,3,207.7498109045227,1,2.017941310663715,failure
5,10,12,0,29,0.0,70,5,240.48703210703738,0,9.577716347105113,failure
7,12,23,4,29,0.13793103448275862,263,9,321.302336055691,0,5.861148486149265,failure
9,91,30,0,12,0.0,138,8,112.66007531304862,0,0.4193402148829404,success
3,43,17,3,46,0.06521739130434782,101,1,102.4832901971493,1,7.836746962102252,failure
11,30,47,0,39,0.0,31,1,327.2324953394469,0,6.778926501423879,failure
5,14,115,2,10,0.2,226,10,275.5577171053998,0,3.9509989269938885,failure
6,26,31,2,47,0.0425531914893617,64,5,471.50823841125697,1,7.00341427579932,success
8,80,24,0,8,0.0,111,0,186.44176752683498,0,9.152740960166073,success
4,212,53,2,48,0.041666666666666664,211,3,379.03456858211393,0,2.23486727173915,success
5,82,45,0,39,0.0,191,7,158.8608566830409,1,5.330933017060764,success
15,63,18,3,30,0.1,290,4,284.35615828288024,0,7.738374579214499,success
4,48,29,2,35,0.05714285714285714,246,2,239.21372517213047,0,0.9238020397857071,success
5,131,21,0,25,0.0,94,3,13.566156886649994,2,7.5426445641682545,success
14,60,47,0,28,0.0,263,8,183.34455860671648,1,7.662145373834949,success
5,55,39,2,14,0.14285714285714285,108,4,148.90113329904614,0,5.5725540888411915,failure
12,31,37,0,11,0.0,23,0,168.06693855572652,0,7.869167325694799,success
13,42,25,1,30,0.03333333333333333,61,2,122.4947184502083,2,6.736866437002243,success
5,118,32,3,32,0.09375,233,5,211.94557945270736,0,3.3109841885648525,failure
6,96,63,1,6,0.16666666666666666,171,7,360.3129686278601,0,1.5482972669569464,failure
8,75,48,0,48,0.0,38,1,197.75043165688027,0,9.626182369243798,success
8,79,30,0,18,0.0,60,1,398.69692039306216,0,5.799371323930446,success
6,51,54,2,11,0.18181818181818182,110,4,103.57134786483502,0,7.1528200580149885,success
3,105,45,4,21,0.19047619047619047,230,8,83.96564570334718,0,5.4543758862410066,success
10,84,33,1,19,0.05263157894736842,160,2,278.2865568191714,0,7.457264672934797,success
6,28,31,2,26,0.07692307692307693,85,3,205.81115808840508,2,1.6130207746440126,failure
7,64,11,1,36,0.027777777777777776,83,3,208.02142445250578,1,2.293829369368198,success
4,40,35,4,30,0.13333333333333333,159,4,227.67324653874698,2,8.55202305027191,success
7,176,65,2,27,0.07407407407407407,48,3,156.24371508890943,0,0.6410504861281507,success
10,111,5,2,30,0.06666666666666667,233,2,346.4463015823797,0,4.617903843471163,success
4,172,164,1,28,0.03571428571428571,92,6,220.47008506050307,0,1.9899498084348162,failure
10,36,31,3,26,0.11538461538461539,216,6,169.89142774575018,0,5.735800622870045,failure
7,156,40,1,31,0.03225806451612903,119,4,298.618746784994,2,4.709515054886327,success
11,52,92,0,25,0.0,32,0,100.84662332631648,0,7.410490641604186,success
9,21,44,1,41,0.024390243902439025,149,5,539.6425079081823,1,3.154307591625101,failure
7,71,23,0,47,0.0,52,2,197.60828127036854,2,4.271589832478285,failure
9,53,31,2,12,0.16666666666666666,279,14,169.08034238595747,0,2.420719247059315,success
6,56,59,0,18,0.0,93,2,588.6363937396427,1,1.1179657522250679,failure
8,66,15,0,6,0.0,277,10,512.2492979075514,1,2.3451738897387133,failure
6,151,24,6,11,0.5454545454545454,144,2,253.75052999941659,0,8.994525528407893,failure
8,99,20,2,31,0.06451612903225806,210,3,316.1611145487824,0,4.886920278253565,success
10,114,17,2,12,0.16666666666666666,287,14,275.0412061802423,1,5.421855555524728,success
9,105,52,2,8,0.25,163,3,254.35556268213898,0,7.434245178289685,success
7,37,71,0,14,0.0,79,5,520.6605568421322,0,8.655982107743805,failure
13,8,35,3,14,0.21428571428571427,246,4,281.19543292844827,0,0.3290453978863379,success
9,65,17,0,20,0.0,150,5,110.42476276582676,0,1.3328972792657396,success
10,102,64,1,7,0.14285714285714285,239,7,674.0904560179367,0,4.3311120686694595,failure
7,87,28,0,27,0.0,199,11,351.81004548570706,0,2.0745441940464713,failure
9,78,5,2,6,0.3333333333333333,35,1,382.34238354262175,2,4.797046048731702,success
7,109,17,2,5,0.4,230,3,151.64078592852803,2,6.1855963338989675,failure
9,72,96,2,15,0.13333333333333333,249,7,314.13490506025437,1,4.952757725654406,success
10,76,7,1,48,0.020833333333333332,193,8,261.0130933145312,1,6.825557266909924,failure
6,40,116,1,41,0.024390243902439025,20,0,193.68754175364302,0,0.28975246760782936,success
6,179,64,2,24,0.08333333333333333,49,0,60.34126371380204,0,5.462762876519586,failure
1,15,52,0,25,0.0,35,2,193.16496772935773,1,7.22742623985584,failure
10,154,51,4,34,0.11764705882352941,87,4,408.42762837319316,2,9.966788114555362,failure
5,13,22,2,29,0.06896551724137931,107,2,366.74759870580493,1,1.141591029380356,failure
13,125,95,0,21,0.0,187,6,308.3576402277304,1,0.21510325805940542,success
13,75,35,1,44,0.022727272727272728,106,1,314.0063272526389,2,2.977838742056106,failure
11,144,2,1,27,0.037037037037037035,36,2,300.35780924957083,0,3.3550858849213014,success
9,120,11,1,23,0.043478260869565216,118,2,111.95425648167277,1,8.101029437227012,success
7,24,15,1,48,0.020833333333333332,264,6,267.1184655661243,0,2.59074775737046,success
6,6,65,1,25,0.04,162,6,91.62000540514083,2,2.5381525690554185,failure
9,43,8,3,11,0.2727272727272727,136,7,155.08402432422398,0,8.717359086200533,failure
8,58,40,0,10,0.0,279,4,376.4187071250266,0,4.348514511671857,success
6,96,55,2,6,0.3333333333333333,155,2,287.2277175810455,0,6.613840440094912,failure
10,67,64,2,7,0.2857142857142857,47,1,218.1853907521052,0,2.159586732488321,failure
9,45,18,4,45,0.08888888888888889,25,2,247.92033607712403,0,6.061344081755393,success
7,87,27,3,15,0.2,86,4,361.1977014147663,0,8.955895511357088,failure
10,145,54,1,26,0.038461538461538464,199,9,194.3251550687067,1,7.340465911123508,failure
8,145,55,1,46,0.021739130434782608,220,6,212.84783254300612,1,1.4814766815603058,success
6,77,15,4,13,0.3076923076923077,59,1,215.1192288479647,0,1.4033241175256654,success
7,96,11,1,24,0.041666666666666664,103,2,224.18613208623987,0,1.1082265380489547,success
10,7,67,1,6,0.16666666666666666,163,8,307.349999045412,0,9.198206321001514,success
5,118,15,2,20,0.1,93,2,224.51578580533769,1,6.136802576323497,success
9,220,70,3,30,0.1,97,3,335.7734758126811,1,0.27209411605320727,success
5,64,20,3,27,0.1111111111111111,34,0,91.21757945850916,0,8.401958236668465,failure
8,110,26,1,18,0.05555555555555555,188,5,66.77773178788772,1,3.332640467293697,failure
4,94,65,1,25,0.04,29,0,246.37406007777858,1,6.794962936289819,success
7,72,17,0,27,0.0,275,7,133.4488191849248,1,8.533384465320651,failure
5,119,55,3,16,0.1875,289,8,723.075572066525,0,7.56354454590187,success
16,45,8,2,8,0.25,241,6,58.73202740094093,0,8.234170643299628,success
2,58,23,1,21,0.047619047619047616,177,8,197.32409422055431,0,8.062173496182677,failure
8,46,15,1,35,0.02857142857142857,242,8,76.8400228866911,1,1.5762286419856866,success
9,247,31,1,32,0.03125,121,2,144.27646000562444,1,3.9378532316788055,success
11,37,47,4,43,0.09302325581395349,165,3,604.216852851774,1,9.151687069998648,failure
8,110,123,3,40,0.075,24,0,199.2386725524951,0,1.0284245960406238,failure
6,35,40,1,18,0.05555555555555555,108,2,197.06057290247642,1,9.766809778487575,failure
11,86,11,1,35,0.02857142857142857,291,10,169.51231524755255,0,2.342055330539825,success
7,103,9,1,37,0.02702702702702703,226,4,155.5532368541577,0,6.218033771820067,success
10,11,6,1,13,0.07692307692307693,60,0,154.19672926280168,0,3.3378943377858543,success
10,21,32,3,26,0.11538461538461539,207,5,346.1259000242574,1,9.829154167913668,failure
8,35,24,1,40,0.025,105,3,368.01646218344706,3,5.293088250384144,success
7,24,12,1,34,0.029411764705882353,287,8,136.9072105155817,1,1.580349981853819,success
3,31,112,1,13,0.07692307692307693,171,4,241.18887410104935,0,8.482936049253777,failure
13,91,16,1,13,0.07692307692307693,173,8,383.6745287971547,1,4.075365031603341,success
7,48,24,1,16,0.0625,295,8,232.0799958325591,2,8.534571711205238,success
7,118,28,3,32,0.09375,219,6,264.04445662952753,1,4.490831102542901,success
12,209,36,4,20,0.2,197,2,136.65501940344168,0,9.336720053397384,success
5,21,3,2,41,0.04878048780487805,137,5,145.40840938451817,1,0.6493716286119505,failure
7,223,15,0,10,0.0,227,6,148.85498885243152,0,9.83569869880725,success
7,132,5,1,13,0.07692307692307693,181,3,223.09203218524925,1,4.693328505932114,failure
6,106,28,1,47,0.02127659574468085,139,3,315.2516550029294,2,3.75445463723281,success
9,73,28,0,38,0.0,115,2,106.034600021761,0,0.5131888224422191,success
6,82,46,1,35,0.02857142857142857,259,5,189.52769431758142,0,2.356570408741738,success
7,31,37,1,11,0.09090909090909091,163,4,328.52858938657016,1,3.1944770131811686,failure
11,78,29,0,36,0.0,195,5,192.39138898924685,1,7.30879796299257,failure
10,169,9,5,47,0.10638297872340426,201,5,245.98117860939936,0,7.004138151325866,failure
4,32,18,0,28,0.0,178,4,406.99363867877327,0,8.866260523659536,failure
11,114,9,0,34,0.0,181,5,259.3353608138593,1,9.403141440781315,success
9,150,16,1,46,0.021739130434782608,81,2,132.37291154663572,0,7.294970670772853,success
11,40,66,0,30,0.0,227,7,229.77485553405774,0,6.935269331334113,success
4,97,11,1,37,0.02702702702702703,107,2,137.07118158114608,1,9.004986630560616,success
7,117,20,2,30,0.06666666666666667,163,6,310.1379844529893,2,1.3963598316108248,success
7,234,68,1,23,0.043478260869565216,50,0,208.22151130146406,0,0.8660982418304098,success
12,171,3,0,5,0.0,199,8,150.14005841589022,1,7.106209196615159,failure
7,169,89,2,24,0.08333333333333333,218,5,259.50615130568474,0,3.1660589883049464,success
14,57,11,1,42,0.023809523809523808,146,4,286.65131474126554,0,4.299812965080686,failure
7,111,8,1,16,0.0625,250,8,105.08889246907417,1,6.117661523332413,failure
3,72,27,1,47,0.02127659574468085,135,4,99.73891081248918,1,9.512576986109933,success
9,19,19,1,26,0.038461538461538464,299,8,70.63825309690506,0,8.74714441018802,failure
13,34,36,0,11,0.0,273,13,231.91746116776378,2,7.366456516391146,success
6,77,12,0,26,0.0,135,6,172.74765011877423,1,4.364045857013129,failure
5,66,15,1,31,0.03225806451612903,134,2,129.01631215618974,2,7.947760198857203,failure
6,220,12,1,18,0.05555555555555555,161,5,265.1495585029296,0,1.8804312824987799,failure
5,82,49,2,17,0.11764705882352941,257,9,39.2257808553209,1,8.095475952111572,success
5,148,16,2,24,0.08333333333333333,295,7,74.19310013417679,0,4.805007515746052,success
6,99,16,3,12,0.25,97,0,345.72443441657265,1,2.68950554523348,success
15,105,20,2,22,0.09090909090909091,54,4,132.59491735811406,0,4.6903577372697205,failure
7,133,38,2,8,0.25,82,5,45.99193994898741,1,7.908005802562887,success
9,65,130,2,27,0.07407407407407407,195,5,236.426873165691,0,6.608277712608478,failure
10,75,20,3,27,0.1111111111111111,192,4,147.53630571620468,1,1.455980060002646,failure
10,57,32,1,8,0.125,234,4,114.80869867303095,0,6.9456013963444,success
7,73,3,3,45,0.06666666666666667,233,8,234.22819813264883,0,8.347467600571822,failure
9,83,33,1,6,0.16666666666666666,50,2,92.31007802503292,1,1.5914835179533913,success
6,98,23,1,48,0.020833333333333332,48,1,130.5818759062921,0,0.7101286776831579,success
7,82,66,2,26,0.07692307692307693,243,5,315.6876332235936,0,0.6611579711379492,failure
9,87,60,0,48,0.0,242,7,652.6230570569808,0,0.3206871342869281,success
7,97,21,1,5,0.2,281,8,228.08837156005828,0,0.2773163125339439,failure
5,2,33,1,14,0.07142857142857142,56,2,150.93228234690613,1,8.068772124690275,success
9,48,37,1,38,0.02631578947368421,164,4,211.77349659649954,0,7.413801200153051,failure
5,51,14,2,35,0.05714285714285714,77,0,82.89756542156327,1,9.421488751933751,success
8,96,10,1,18,0.05555555555555555,149,4,173.4852437843421,0,3.6227023094390045,success
5,110,30,2,23,0.08695652173913043,282,7,170.50595202476387,1,7.118008749768897,failure
12,33,36,2,33,0.06060606060606061,169,5,127.02798866646725,0,4.167611108459786,success
6,146,27,1,40,0.025,23,0,177.54933146040258,0,5.6470244954958755,success
9,107,115,2,34,0.058823529411764705,104,5,228.14342592833378,1,4.445496619254135,success
1,36,65,1,15,0.06666666666666667,118,6,210.30366464836706,1,4.211003009170912,success
9,52,72,0,34,0.0,220,7,184.49829097922137,0,2.529738843377906,success
8,71,25,1,26,0.038461538461538464,111,4,214.59228046505302,0,5.852097120664676,success
10,136,19,1,6,0.16666666666666666,157,4,281.7342360430732,0,2.687048377029655,success
10,118,8,3,43,0.06976744186046512,234,7,346.8869380709671,1,1.4878288939009712,success
5,36,100,2,29,0.06896551724137931,171,6,84.14938337773216,1,7.521993080612584,success
12,153,23,4,49,0.08163265306122448,151,4,167.14074334653384,1,6.4934548056717905,failure
3,81,99,0,12,0.0,195,10,244.4859734017036,0,3.0020809395595305,success
6,157,19,2,36,0.05555555555555555,235,8,360.34059523346644,1,6.341165414287848,failure
6,86,53,2,48,0.041666666666666664,77,6,66.9363056581524,1,0.3620685067592616,failure
8,32,20,0,11,0.0,213,6,77.4258669469829,2,9.884749707165168,success
4,105,24,0,26,0.0,67,0,188.0143573045079,1,1.8188746565454286,success
8,238,97,2,33,0.06060606060606061,200,5,330.32748161887946,0,9.421886401828376,failure
7,48,36,1,6,0.16666666666666666,281,9,150.10617317144124,0,0.7760884063229835,success
6,38,14,2,42,0.047619047619047616,266,12,251.91468003241255,0,7.111237408977582,success
5,62,2,3,47,0.06382978723404255,81,3,296.3667234879226,0,2.2990335652944025,failure
12,107,89,4,19,0.21052631578947367,55,1,233.57647046491496,1,9.65608934410179,failure
14,276,75,3,24,0.125,296,5,120.2568529403658,0,3.220449842355409,success
10,157,67,0,30,0.0,172,3,356.9790613617112,1,0.49182628105457715,success
7,31,3,1,15,0.06666666666666667,73,0,533.1053127021291,0,0.4318876847277928,success
3,186,45,1,27,0.037037037037037035,135,5,632.4344679706543,0,8.569991328316117,failure
4,106,45,0,45,0.0,46,2,351.6957885649684,0,0.7897620667903277,success
14,104,22,1,46,0.021739130434782608,97,1,134.10755152696956,2,8.297025061156093,success
6,66,14,1,8,0.125,151,3,227.76828632825084,3,1.586067026575815,success
10,58,31,4,8,0.5,129,4,294.429858371445,0,2.834664035008757,failure
10,82,27,3,5,0.6,283,5,194.6370182674667,0,9.814210573476355,failure
10,212,34,0,27,0.0,238,6,133.45151437087821,0,7.277057898448533,success
9,21,51,2,28,0.07142857142857142,145,8,287.2541728007614,2,1.5451358019877808,failure
9,111,10,1,31,0.03225806451612903,150,6,236.23963521560816,0,2.7772297728515127,success
5,95,6,0,11,0.0,196,4,172.09719835382847,0,4.810054457473154,success
8,81,24,2,38,0.05263157894736842,121,1,176.4563490648294,0,8.862137334408791,success
6,150,150,3,8,0.375,137,4,184.89626490475567,2,7.139184676345002,failure
10,23,11,4,6,0.6666666666666666,234,13,238.63694073513835,1,6.981161792106898,failure
11,188,29,2,27,0.07407407407407407,160,6,138.32677328189243,2,3.6638837902622425,success
9,3,31,2,40,0.05,269,6,188.0344333883824,0,6.576992809790834,success
8,67,0,0,26,0.0,188,2,477.8603893330144,0,1.8115437876927614,success
9,20,91,1,14,0.07142857142857142,133,3,264.5497036442131,1,5.735605667008969,failure
5,63,13,0,46,0.0,129,2,201.539918312782,0,5.646051499772474,success
12,200,28,2,39,0.05128205128205128,176,3,161.98961608985385,0,6.909332912375592,failure
5,55,68,1,45,0.022222222222222223,69,1,152.84614389546957,2,2.5026141301121982,failure
10,32,23,1,31,0.03225806451612903,75,3,312.0765884333314,1,1.2561700677311451,success
9,182,56,1,28,0.03571428571428571,164,1,406.1878129448263,0,9.67624932237266,failure
14,94,0,4,11,0.36363636363636365,48,1,172.31101576677509,0,1.6166524665686837,failure
11,64,7,0,25,0.0,75,3,314.6007725465313,1,3.437618380908781,failure
10,39,88,2,12,0.16666666666666666,251,5,307.47993194484746,1,8.723961695293628,failure
14,86,69,1,40,0.025,71,4,414.0524343020403,0,5.983941477045944,success
10,67,16,2,9,0.2222222222222222,21,0,435.2015754653948,2,2.231336514895115,success
8,107,58,2,20,0.1,206,7,215.1451442732261,0,4.849834044336391,failure
7,16,49,2,22,0.09090909090909091,256,5,140.74723537944567,1,8.424594796747472,failure
10,93,16,0,42,0.0,186,8,240.10015665923217,1,9.89344894461189,success
6,156,12,2,27,0.07407407407407407,74,2,215.02220221173013,0,6.4666768003634125,success
8,13,76,1,48,0.020833333333333332,54,2,218.83597919797398,1,2.6102122696310874,success
7,227,7,1,41,0.024390243902439025,178,4,214.0943113551937,1,8.143986001394543,success
12,38,17,1,25,0.04,45,1,239.81480394907032,0,8.10643428541929,success
4,19,17,2,49,0.04081632653061224,255,7,120.65156160914948,1,8.903108862593262,failure
11,59,13,1,26,0.038461538461538464,243,9,253.96170875458125,0,1.4489185369990905,success
10,29,20,0,17,0.0,260,5,90.01767653973175,1,3.714514852611474,success
8,34,5,1,40,0.025,141,6,237.2377510722414,0,2.4122617764988394,success
8,60,131,1,15,0.06666666666666667,207,6,390.2313348542823,2,2.241097795337441,failure
13,50,66,1,10,0.1,167,5,189.13852621908418,0,3.7170664414581753,success
11,62,23,0,13,0.0,194,1,359.87834691022147,0,0.5706102953921643,success
9,238,8,5,24,0.20833333333333334,21,0,192.6344674011874,1,8.495367025611698,success
6,13,25,0,43,0.0,250,7,128.51826467175454,1,8.53298743173193,failure
2,42,15,1,28,0.03571428571428571,82,6,405.32962523849574,0,9.439171095356635,success
11,103,7,3,16,0.1875,224,5,225.26453519218256,2,0.7959763012087779,success
7,76,82,2,46,0.043478260869565216,89,0,351.31999700331863,1,5.7560555460139655,success
15,95,41,3,39,0.07692307692307693,61,1,201.55452995378124,0,0.1640164884968463,success
6,83,22,1,43,0.023255813953488372,283,3,271.8854950708084,1,5.938565725326313,success
8,65,2,1,29,0.034482758620689655,93,2,216.685541779865,0,1.0649225769171151,success
5,10,132,2,31,0.06451612903225806,203,5,170.30204292879546,1,3.9235918830735566,failure
10,191,2,1,46,0.021739130434782608,84,0,176.59394907308678,1,3.3059791142289776,success
5,42,9,1,5,0.2,190,7,109.20648782674209,1,3.375374113298927,failure
4,25,111,1,16,0.0625,54,3,64.97229555985894,0,1.9987144630376852,success
5,76,50,1,5,0.2,266,18,174.99646648392056,1,1.1362587282300662,success
9,298,70,2,17,0.11764705882352941,212,6,205.50467140114176,0,0.26061228987456164,failure
10,128,69,2,43,0.046511627906976744,215,5,181.99700169740763,0,7.534416532119555,success
10,148,82,1,44,0.022727272727272728,107,4,102.05530811294125,0,9.169652705341639,success
4,464,36,0,10,0.0,275,10,264.52392857101444,0,8.958326153846322,success
11,94,57,1,33,0.030303030303030304,172,4,420.7156619080686,0,6.370090229487028,success
9,20,19,1,8,0.125,58,2,371.93336451289224,1,1.2993372858765295,success
6,47,64,2,27,0.07407407407407407,49,3,281.14686594911166,1,5.722454832313552,success
12,48,25,2,48,0.041666666666666664,218,4,166.93244327787357,2,1.071065305943287,success
8,18,93,2,12,0.16666666666666666,152,1,310.83729063238155,2,5.177023105730703,failure
7,60,44,2,41,0.04878048780487805,173,5,162.3366754185017,0,8.590471242691477,success
5,182,82,3,6,0.5,265,9,90.47649606738553,1,2.071913909413046,success
10,209,37,3,8,0.375,203,6,198.39067735112224,0,9.336918817835008,success
9,38,12,3,27,0.1111111111111111,226,7,304.0482725008128,0,3.9234147185690644,failure
8,201,47,1,25,0.04,63,1,192.32545436878618,0,2.259807831977343,success
9,107,73,2,30,0.06666666666666667,264,9,319.3464667082466,0,5.065377567266433,success
7,25,3,1,44,0.022727272727272728,108,1,317.8809938810251,0,8.70572679484347,success
2,8,16,0,34,0.0,115,2,209.76687315761546,1,2.77861664922704,success
4,111,19,1,37,0.02702702702702703,45,1,181.05492613488195,0,1.8059914049867016,success
7,85,15,2,26,0.07692307692307693,88,5,202.61914438695777,1,6.431979576354851,success
4,71,51,2,16,0.125,29,1,139.49424543063756,1,6.953121306654502,success
6,18,51,2,10,0.2,94,2,137.52554200434307,1,0.8131097646913211,success
9,19,16,0,24,0.0,76,2,316.2673247809672,2,2.6029599262646834,success
4,47,13,2,11,0.18181818181818182,21,1,329.89230060016956,1,1.2821173198310243,failure
10,31,49,3,34,0.08823529411764706,176,5,155.05180549214762,0,7.135712329790244,success
7,107,9,1,47,0.02127659574468085,127,1,184.5327787255021,0,5.333216854219764,success
11,98,15,1,45,0.022222222222222223,105,3,521.492660900904,0,8.962162220919433,success
4,43,25,4,12,0.3333333333333333,94,2,85.78848623296778,1,6.7994980884449685,success
16,73,45,1,21,0.047619047619047616,152,7,293.86415457931605,1,2.8021937546947724,failure
8,177,39,2,47,0.0425531914893617,223,5,447.44574403401157,1,3.448426718108819,success
5,120,7,1,32,0.03125,144,1,353.1460095006643,0,4.252926431654382,success
8,45,45,2,36,0.05555555555555555,150,4,306.44000340913107,2,1.0735060292858276,success
4,121,8,1,13,0.07692307692307693,243,3,362.1119300887356,1,9.221156206060078,success
8,163,127,2,48,0.041666666666666664,297,12,354.76783071377486,0,7.019384119825573,failure
9,148,18,1,8,0.125,237,8,190.10871344779625,0,7.279652979957038,success
9,36,80,2,7,0.2857142857142857,64,2,99.56526466934118,1,6.630292949247684,success
10,42,13,1,48,0.020833333333333332,222,6,505.6824923631816,1,4.487046319095428,success
6,13,7,2,40,0.05,46,1,162.34655488762712,0,3.856438217733517,failure
7,111,32,0,11,0.0,126,5,132.28678103917957,0,5.543810067732291,success
9,205,67,1,14,0.07142857142857142,282,6,142.35893638308005,2,7.40295786560453,success
7,122,85,2,37,0.05405405405405406,249,4,179.5489060050154,0,3.6251427731731756,success
11,86,8,2,18,0.1111111111111111,142,4,83.70877793853056,1,4.981719666767807,success
2,226,61,1,22,0.045454545454545456,45,3,262.4708540309595,0,6.5591486955230485,failure
17,91,13,2,37,0.05405405405405406,272,8,377.5059591403136,0,2.840468555190452,success
12,284,18,0,30,0.0,269,10,178.78623821109355,0,8.348812331056001,success
8,129,19,3,43,0.06976744186046512,140,7,243.16911188833242,0,2.21337995629737,failure
3,69,53,1,21,0.047619047619047616,69,0,195.32829957826695,1,8.639443907009646,success
9,10,30,2,47,0.0425531914893617,251,8,201.63852605253686,0,0.1468800983593928,failure
9,20,30,3,32,0.09375,146,6,465.16963479459974,1,6.472640485126055,success
6,237,8,2,6,0.3333333333333333,20,1,306.38821442377525,1,4.788883282698845,success
6,82,36,1,44,0.022727272727272728,219,7,235.25856318918267,0,2.546407658467967,success
10,191,12,3,41,0.07317073170731707,85,4,338.2897036637532,0,9.491955009994474,failure
3,190,42,1,36,0.027777777777777776,31,1,284.44667262619066,0,2.2109001910074295,success
4,92,68,3,31,0.0967741935483871,134,4,247.36529366397153,2,4.9660302804961525,success
10,210,15,0,35,0.0,219,3,88.43377343193625,0,5.631082220818553,success
6,136,15,0,8,0.0,270,9,120.9059367620399,0,9.55652481389212,success
12,188,75,0,39,0.0,188,4,135.8476148175482,1,6.413724703433965,success
9,90,7,1,36,0.027777777777777776,104,2,58.94625052808686,1,0.816305877559977,success
9,68,36,4,15,0.26666666666666666,242,8,98.85423260034301,0,4.221554380855043,success
10,49,3,3,27,0.1111111111111111,167,5,191.2586962347214,1,8.668079015514882,success
6,34,4,3,27,0.1111111111111111,258,9,90.81485871404944,1,7.633357876836129,success
9,97,197,1,43,0.023255813953488372,102,2,287.44390292024565,1,0.6066161315381929,success
7,36,44,2,39,0.05128205128205128,194,9,433.2517440962937,1,5.875485488189758,failure
12,119,37,1,21,0.047619047619047616,241,7,147.98042501319554,0,1.2395422774370823,success
8,54,40,3,24,0.125,134,4,231.44145402434106,0,1.0744198215591296,failure
10,72,8,3,47,0.06382978723404255,92,1,222.39017781228102,1,9.625363331562134,success
6,138,51,0,36,0.0,165,5,96.56696641090329,0,7.025979226791543,success
11,176,10,1,42,0.023809523809523808,131,2,591.6569420046256,1,1.1779703271280968,success
7,56,3,2,9,0.2222222222222222,207,8,141.08355142849217,0,3.4487183473229597,success
6,30,57,1,19,0.05263157894736842,199,7,115.86271853261296,0,6.826211557104048,success
8,115,17,0,36,0.0,177,1,417.7918713391529,0,9.064671407766344,success
8,107,50,1,38,0.02631578947368421,258,8,451.7016938668848,0,0.7619444264269971,success
8,210,13,1,30,0.03333333333333333,87,0,105.07967510402214,0,0.9239512639741972,success
9,51,19,1,19,0.05263157894736842,197,6,304.7927159084216,0,1.2057875442230308,success
6,50,27,2,13,0.15384615384615385,78,4,468.5904879171225,0,5.491999108283564,failure
12,124,25,0,9,0.0,50,3,48.24885213819575,0,4.694095879199421,failure
5,88,29,0,38,0.0,189,4,115.34747985759759,0,1.7269024192751588,success
6,172,40,0,37,0.0,180,3,303.37972670421414,1,5.404362991971795,failure
9,107,20,1,25,0.04,260,10,119.50586949089922,0,3.489778934214662,success
11,120,27,2,7,0.2857142857142857,38,1,595.8516728530456,0,1.759848875367084,failure
13,65,21,0,34,0.0,278,8,112.76892970773082,0,0.4275679862562056,success
6,89,102,0,9,0.0,190,8,205.37997384370965,1,1.0835099551576854,success
11,145,69,1,28,0.03571428571428571,72,1,228.10694074543326,2,3.9351508714609014,success
5,9,6,0,20,0.0,252,5,84.02432564965525,1,5.18935186022861,success
7,295,50,3,10,0.3,290,9,228.471781759556,1,2.320116691180236,failure
6,47,39,3,44,0.06818181818181818,128,3,494.6221313662651,0,7.826198001115712,success
10,96,8,1,39,0.02564102564102564,133,3,372.4826969303726,1,5.743143588233353,success
5,61,40,1,30,0.03333333333333333,228,6,149.8005367583368,1,7.712711902880752,failure
6,186,208,3,48,0.0625,28,0,372.0825753497477,0,4.037836269363264,success
8,96,75,2,5,0.4,213,3,520.9778623282576,1,8.917347805710989,success
6,415,107,2,24,0.08333333333333333,124,5,89.8416492780404,1,8.023795235057333,success
3,176,60,0,15,0.0,267,10,142.45197846558278,0,5.576895391167356,failure
6,134,45,0,24,0.0,77,3,171.3854220292205,1,6.860463578724588,failure
7,5,57,1,43,0.023255813953488372,276,5,589.3500798603947,0,1.5603480743790659,failure
11,25,99,1,8,0.125,113,3,184.24091720996975,0,7.7454472078149585,success
7,79,56,1,42,0.023809523809523808,272,6,371.5336258871832,1,6.110311216204383,failure
9,175,45,2,46,0.043478260869565216,237,10,281.50711849274035,1,2.0726081360823607,success
4,66,25,0,34,0.0,101,4,229.3597658531118,1,2.800991088500355,success
7,185,11,4,40,0.1,267,3,159.90950793414797,1,9.171532512439848,failure
9,65,4,1,49,0.02040816326530612,276,1,171.47711661680546,0,2.029363255684472,success
9,31,36,1,26,0.038461538461538464,91,7,295.459257000754,0,4.411767036422768,success
6,109,37,3,44,0.06818181818181818,189,2,285.93113487982447,0,8.422239530318503,success
6,49,113,1,22,0.045454545454545456,267,11,144.0866956541402,2,3.2137514159969536,failure
7,58,69,1,9,0.1111111111111111,205,11,245.94865675826048,0,1.7186107386515104,failure
7,100,70,1,48,0.020833333333333332,127,3,140.27617950208983,0,4.988385455723025,failure
6,70,37,1,34,0.029411764705882353,131,4,141.6379901733337,1,1.9882081945260208,failure
13,82,42,1,9,0.1111111111111111,243,8,244.9337937282044,1,9.838632161014932,success
6,262,144,2,43,0.046511627906976744,230,7,133.62170384112358,0,6.552856250167531,failure
7,138,61,1,18,0.05555555555555555,177,3,259.6597733463655,0,5.106103239732265,success
6,35,7,3,15,0.2,79,3,435.7555483998721,0,4.442017628329191,success
10,271,16,2,25,0.08,143,3,82.93268045589298,1,6.210862045087008,success
2,67,78,1,15,0.06666666666666667,285,6,166.16797699208186,1,3.6391611157274713,failure
5,102,28,0,36,0.0,35,1,104.83347125333576,1,2.247624689136093,success
8,114,28,2,33,0.06060606060606061,278,7,197.2184763752372,1,2.6617225707921652,success
5,280,9,1,7,0.14285714285714285,105,0,159.63782514937358,0,1.1747236154534322,success
5,5,18,1,17,0.058823529411764705,104,6,271.10689389767737,0,8.966999090915843,failure
8,121,17,1,10,0.1,174,2,308.9287248127959,1,9.494622863561734,success
8,109,55,1,32,0.03125,85,5,106.17257440265689,1,2.509820602847717,success
6,153,24,5,35,0.14285714285714285,170,3,236.20799667814487,1,9.78303541922008,failure
3,50,47,1,27,0.037037037037037035,58,0,158.48856835570143,1,5.556252612357467,success
7,101,2,1,42,0.023809523809523808,161,2,96.77928300879198,1,2.48541754075677,success
8,86,6,1,42,0.023809523809523808,194,5,123.38379891141248,0,5.105968746427052,failure
7,70,4,2,10,0.2,70,2,256.98395236851275,2,0.861784257790296,success
10,79,47,2,26,0.07692307692307693,166,8,368.6641571971966,0,1.4915417066760777,success
13,27,51,1,49,0.02040816326530612,291,11,316.5446817252072,0,2.305013901699568,failure
9,143,4,1,44,0.022727272727272728,95,1,307.4220400798386,1,9.13940934750603,failure
5,17,54,0,38,0.0,83,1,263.4136671247551,0,9.496626762544865,success
5,19,31,2,42,0.047619047619047616,235,2,236.78185380858204,0,4.151000770573511,success
6,220,16,3,42,0.07142857142857142,61,2,176.59954528817346,1,2.495809874072196,success
14,76,74,1,11,0.09090909090909091,243,2,286.07252940118144,0,3.3058770649568774,success
10,123,44,7,5,1.4,69,1,386.7662589215176,0,3.388448139208665,failure
9,194,29,3,36,0.08333333333333333,294,10,354.7217920057392,1,5.574114554870583,success
9,45,25,2,26,0.07692307692307693,66,1,314.6048164789878,1,1.7778442412396418,success
3,119,32,1,44,0.022727272727272728,81,1,173.20852429441172,1,5.814092248219781,success
4,152,7,4,7,0.5714285714285714,256,6,399.2352792521282,1,3.7660668704690754,success
8,97,9,0,8,0.0,193,5,216.76703806952037,1,6.28747218778025,failure
11,61,43,2,21,0.09523809523809523,66,0,180.13176275711717,0,5.699213061926423,success
10,119,58,2,39,0.05128205128205128,198,7,152.59056871695105,1,4.650501346851987,failure
6,46,98,2,27,0.07407407407407407,243,9,139.24653984395923,0,1.2798234225676526,success
10,120,93,0,33,0.0,147,4,231.0548930669034,1,1.6574693688748887,success
13,13,1,3,6,0.5,238,9,688.4870763439471,0,3.5294488029929045,failure
7,112,139,1,10,0.1,21,0,501.3483430983523,1,7.4293365134104565,failure
13,112,37,5,28,0.17857142857142858,184,11,499.54827214972545,1,3.4154218525918747,failure
5,93,6,3,6,0.5,169,4,339.8264498048118,1,2.86871688030489,failure
10,47,12,1,16,0.0625,83,3,185.6145716739723,0,7.959579545532157,success
11,20,8,3,9,0.3333333333333333,238,6,152.02664679460153,2,8.736143592141369,success
12,8,14,1,46,0.021739130434782608,100,3,315.0340017412537,1,7.269708955476332,failure
11,198,59,1,19,0.05263157894736842,106,4,209.05114790893953,0,4.533924530034784,success
9,35,16,0,17,0.0,93,2,335.0253803084372,1,2.202837641299342,success
6,44,3,0,14,0.0,290,10,162.79024122897619,0,9.949026535824377,failure
5,23,50,2,26,0.07692307692307693,59,0,99.52888765984846,0,3.4471199716172913,success
10,163,10,1,33,0.030303030303030304,183,5,436.574727363094,0,4.3834726122477345,failure
7,57,55,1,49,0.02040816326530612,186,4,276.5146511624691,0,5.269109245084871,success
5,98,190,0,11,0.0,35,3,302.1207145708654,0,5.6894436530133525,success
9,24,58,1,26,0.038461538461538464,138,6,220.4418366317406,1,0.3012280185073649,success
10,102,27,1,8,0.125,71,2,102.65728792686126,0,8.982764375237942,success
9,43,6,1,6,0.16666666666666666,235,7,55.2667171902432,0,8.815391266909987,success
5,143,83,1,26,0.038461538461538464,252,10,515.8860745519794,0,1.3345263337789899,success
10,166,27,2,28,0.07142857142857142,179,6,251.887200443855,3,8.50541199632363,failure
6,41,1,1,30,0.03333333333333333,257,9,259.56050047295787,1,1.6534143792736953,success
12,120,20,1,26,0.038461538461538464,286,9,315.81905106001307,0,2.5037803902400264,success
4,221,21,0,9,0.0,276,11,91.66484553153398,0,5.239472093003715,failure
9,47,72,3,14,0.21428571428571427,171,3,296.8916074151351,0,9.770327771939561,failure
7,408,2,0,23,0.0,60,3,119.35586127478531,1,4.866965673683009,success
3,42,25,2,45,0.044444444444444446,159,5,560.3482158767182,2,3.912238442779234,success
10,105,48,3,26,0.11538461538461539,212,7,322.8327839291422,0,5.232980576502427,success
5,309,35,1,31,0.03225806451612903,130,8,130.1143859975381,1,2.4064385678287468,success
6,86,142,3,6,0.5,234,6,121.86706627579309,1,9.325575118854754,failure
9,74,19,1,25,0.04,78,3,335.6486233048423,2,9.35870067931062,success
4,153,45,1,29,0.034482758620689655,91,3,138.9559264217529,0,6.794054559622738,success
8,139,21,1,26,0.038461538461538464,36,3,113.76799353506608,1,1.6318998477285098,failure
12,59,21,3,13,0.23076923076923078,153,4,200.16663378247713,0,4.9074887837072225,failure
12,12,13,1,35,0.02857142857142857,79,1,327.6336816326989,1,3.8827236526934956,success
12,77,60,2,49,0.04081632653061224,159,5,84.71344947383402,0,9.958905550521763,success
9,92,155,0,5,0.0,40,3,296.3803045552473,1,0.6158505474290392,success
4,151,28,2,19,0.10526315789473684,213,6,158.69820081845495,0,2.657017816113787,success
9,113,84,1,34,0.029411764705882353,167,3,158.5921027982034,0,4.967860731046472,failure
5,64,98,1,17,0.058823529411764705,131,4,143.3500243187915,1,8.268414515458451,success
6,98,12,0,18,0.0,295,8,78.57802879766608,1,7.317648435072656,success
7,17,25,2,47,0.0425531914893617,114,4,332.36214117391535,0,9.56605772657699,success
6,93,113,0,38,0.0,183,4,501.8455921855825,1,2.1846866751895626,success
5,105,23,1,29,0.034482758620689655,43,1,178.0946254027587,1,1.1194526296062044,failure
9,64,4,0,37,0.0,205,6,187.88943033936516,0,5.940521449135977,success
10,124,94,0,47,0.0,68,0,147.08997784813351,1,4.382546534831276,success
11,255,51,0,25,0.0,228,5,120.9314861268055,0,3.384825086863599,success
8,80,23,4,36,0.1111111111111111,245,10,67.87519268677245,1,7.775694024881181,success
8,146,11,0,20,0.0,200,10,258.5765784513991,1,5.5336426532305,success
10,207,207,1,9,0.1111111111111111,286,14,91.85674738737899,1,3.2843107842987322,failure
13,31,14,1,31,0.03225806451612903,196,10,68.69135411987926,1,5.424154908676408,failure
11,24,27,0,30,0.0,106,6,162.72247544294612,1,9.332521672041024,success
7,55,54,1,23,0.043478260869565216,132,6,197.07701301420875,0,2.693255877082746,success
9,214,8,1,26,0.038461538461538464,266,10,125.43387881424913,0,4.57463010729438,success
8,81,74,2,14,0.14285714285714285,140,3,132.97654674168766,0,2.9490909718356444,failure
6,68,103,3,19,0.15789473684210525,68,2,237.6879013833397,0,5.797275680090134,success
11,43,22,1,38,0.02631578947368421,187,5,392.540029783977,2,9.029231660759399,failure
7,27,49,1,34,0.029411764705882353,237,9,97.58449873846872,0,6.560176559365617,success
9,42,63,1,39,0.02564102564102564,284,8,51.87687177717934,1,2.0247766686479918,success
6,66,25,2,18,0.1111111111111111,283,7,122.530725689754,2,1.3787664333265852,failure
5,51,20,1,27,0.037037037037037035,199,8,54.235784467277014,1,0.4475636201439527,failure
11,60,46,1,11,0.09090909090909091,263,10,128.28476108205754,0,8.422493038104134,failure
6,196,15,6,30,0.2,116,3,147.49981100144547,1,4.768742061626297,failure
10,51,9,2,33,0.06060606060606061,218,6,187.33163056941945,1,4.285155452991939,success
8,30,37,3,14,0.21428571428571427,173,8,120.18434512291188,3,2.714640390105635,failure
13,135,26,1,34,0.029411764705882353,108,4,221.23310567017484,1,4.357889999316625,failure
9,59,64,2,27,0.07407407407407407,54,2,88.69723825285851,3,3.588886742976542,failure
5,62,65,2,14,0.14285714285714285,126,5,135.23551602049392,1,7.46296953542007,failure
14,43,100,1,30,0.03333333333333333,253,4,69.0647537406741,0,7.098670547060795,success
11,79,49,1,22,0.045454545454545456,163,5,154.30134470177055,1,4.515641504796409,success
7,223,21,2,5,0.4,102,2,658.1463251866269,0,6.5722798157024735,failure
14,195,25,0,7,0.0,187,3,166.45488767850733,0,5.934453040219207,failure
11,111,12,1,45,0.022222222222222223,281,10,67.45335817640803,1,6.446274000202616,success
3,49,52,3,14,0.21428571428571427,110,2,147.28517095351137,0,7.617712721011837,success
16,119,23,3,33,0.09090909090909091,86,2,266.89291422226046,1,1.0102640671915006,success
6,250,92,2,9,0.2222222222222222,164,6,163.98346727803073,0,8.335499080891571,failure
4,124,58,1,9,0.1111111111111111,182,6,89.26784262588032,1,2.898574758818764,failure
7,99,19,1,19,0.05263157894736842,115,3,217.29931939043192,1,3.8782054836972453,success
13,29,18,2,30,0.06666666666666667,72,2,103.73100733871107,1,2.8378582229009406,success
7,122,196,1,30,0.03333333333333333,104,5,252.2215123654124,0,8.285552205744029,failure
9,140,23,3,40,0.075,74,1,421.25881769178903,1,8.710736787025066,success
8,89,7,1,8,0.125,26,0,100.92435870366516,1,1.4906591981244706,failure
11,13,6,3,30,0.1,280,9,65.41672128017106,0,5.267899818829064,failure
5,148,16,3,33,0.09090909090909091,126,4,82.16184987232285,1,3.8796464141052533,success
7,111,23,2,43,0.046511627906976744,218,4,259.6807826568616,0,1.901823648725843,failure
6,99,22,1,26,0.038461538461538464,87,3,67.73094310705277,1,5.610634988280954,success
9,111,11,0,5,0.0,25,1,76.36593884056458,1,3.7194072053109637,success
8,34,79,2,32,0.0625,271,10,402.0179430096703,1,7.184310556346913,failure
5,57,77,2,43,0.046511627906976744,32,1,58.947029633180975,0,8.378903745926099,failure
7,92,12,2,23,0.08695652173913043,131,2,97.83183555134472,1,0.23396317611023523,failure
6,66,9,0,45,0.0,275,7,408.1648885017255,0,5.522167495685902,failure
11,86,51,1,16,0.0625,90,2,175.4924788010002,0,5.85045781631062,success
12,46,136,0,46,0.0,244,9,120.79456088236402,0,3.249164161676619,success
10,73,11,2,10,0.2,25,1,316.54200076146986,2,8.0474151276117,success
7,283,78,3,39,0.07692307692307693,94,4,84.5852734264663,0,9.104785437541253,success
12,87,47,0,15,0.0,74,4,134.73732490093653,0,7.665756108237238,failure
10,62,60,0,5,0.0,53,2,336.84460196855883,0,5.321145367867039,success
7,30,29,0,5,0.0,220,5,195.6044698852909,0,0.21089832225296581,failure
11,117,9,0,11,0.0,68,1,159.3212342570673,0,4.27657076081006,success
10,85,32,3,47,0.06382978723404255,112,0,147.96093240998437,2,6.96829301131726,success
4,98,48,4,46,0.08695652173913043,291,6,167.91046221740422,0,1.6781060704637332,failure
6,39,30,2,33,0.06060606060606061,173,4,95.64814478135143,2,7.780463877274531,success
12,68,90,0,38,0.0,136,3,73.27805639150253,0,6.17395949627698,success
8,76,43,0,11,0.0,242,8,54.95716186725515,0,3.383099099554436,failure
14,110,37,2,35,0.05714285714285714,94,1,283.0577489401755,1,8.500349548776917,failure
6,290,64,1,5,0.2,79,2,273.49358506553756,0,6.466851813529449,failure
13,106,23,2,41,0.04878048780487805,184,1,420.6166246806306,0,3.1043180679927382,failure
7,119,41,2,30,0.06666666666666667,167,4,155.61856971945025,0,2.0532186053655552,success
15,39,61,1,33,0.030303030303030304,224,3,267.6506215143196,0,1.6535940210076114,failure
12,15,42,0,39,0.0,207,7,341.2848271448219,0,9.868463764518097,failure
15,109,45,0,41,0.0,190,5,146.73537312202419,0,8.70257001021595,failure
2,56,75,2,14,0.14285714285714285,215,6,126.05179000871671,0,6.912686936686718,failure
10,82,88,1,9,0.1111111111111111,73,3,247.7466793721763,2,4.758754051952823,success
3,36,16,1,34,0.029411764705882353,133,6,255.26066448624022,1,8.496473507425693,success
6,39,37,1,8,0.125,286,9,146.0605322919931,0,7.061699121832357,failure
7,394,58,0,11,0.0,213,7,192.4282251803945,1,5.616731713462477,success
9,149,45,1,24,0.041666666666666664,41,2,436.8262131620633,0,7.820809597472772,success
5,90,35,0,32,0.0,23,0,333.2011732960595,1,1.280436664146326,success
10,58,68,2,11,0.18181818181818182,61,2,392.1452172204418,2,8.756646123138934,success
10,393,30,2,15,0.13333333333333333,71,3,102.30802450858826,1,1.3657674442436805,failure
7,76,26,1,18,0.05555555555555555,63,2,171.20250868034026,0,9.052710770167026,failure
10,106,8,1,12,0.08333333333333333,273,7,189.08886482323254,1,2.2763259087831673,success
10,212,23,3,28,0.10714285714285714,95,6,156.61227168321196,1,3.944175335685076,success
7,42,12,1,35,0.02857142857142857,89,7,99.12510068023708,0,7.625465934101483,success
11,192,6,1,6,0.16666666666666666,126,5,29.347786653594202,0,1.2251670833889725,success
10,188,12,4,12,0.3333333333333333,276,7,527.7459527263654,0,9.74976293105542,success
4,20,18,2,31,0.06451612903225806,123,5,285.6117448905906,2,7.516257381481513,success
12,112,20,2,47,0.0425531914893617,249,9,204.81357664360308,1,2.6790724258821506,failure
7,72,31,1,28,0.03571428571428571,39,1,128.086412906817,1,8.887283240350952,failure
6,47,61,1,10,0.1,255,5,160.40694226823325,0,0.5103584521910559,success
5,89,56,2,15,0.13333333333333333,133,7,34.561567519334425,1,0.20768565400202557,failure
10,176,2,1,20,0.05,56,1,258.6560401927894,0,3.304412289196479,failure
9,108,20,2,33,0.06060606060606061,198,5,317.63030847375575,1,1.105226712616223,success
8,21,76,0,45,0.0,21,0,306.5015796753546,0,8.217251406315551,success
11,104,25,1,34,0.029411764705882353,97,1,311.1309839457673,1,3.9067018402125377,failure
13,60,49,2,49,0.04081632653061224,69,0,366.492417169854,1,6.234040734541719,success
9,102,27,1,11,0.09090909090909091,229,11,146.457814191983,0,8.24671631319671,success
5,177,31,0,20,0.0,164,6,252.16555766996333,0,1.614632804906963,success
10,181,33,1,40,0.025,123,0,121.12913177002727,0,9.739441917882086,success
7,53,0,1,35,0.02857142857142857,75,3,193.00002384915987,0,6.550254548864637,success
9,37,25,2,15,0.13333333333333333,294,6,534.7858572374221,0,0.7475812788131342,success
5,78,15,1,23,0.043478260869565216,256,9,286.2493886437212,0,5.44893982915137,success
8,100,3,2,18,0.1111111111111111,151,4,218.3282988369642,0,8.721541079989816,success
5,43,31,1,19,0.05263157894736842,142,9,164.50613532043747,0,8.98933213557627,success
7,230,21,1,12,0.08333333333333333,60,1,347.81149260331995,0,7.503610920920985,success
6,78,16,2,16,0.125,109,4,133.26470661904546,2,9.725032044996688,success
11,314,31,2,47,0.0425531914893617,214,2,487.1118048606404,0,5.040321544726637,success
8,68,15,1,28,0.03571428571428571,42,3,189.01583103680423,0,4.09028418659679,success
9,100,4,2,42,0.047619047619047616,288,9,293.4433329039573,0,2.286722536447152,failure
11,37,33,1,17,0.058823529411764705,233,6,59.81223310177889,1,4.629500602316765,success
13,156,59,0,22,0.0,242,4,207.81007012210716,1,8.587713625554466,failure
14,138,5,3,39,0.07692307692307693,193,7,149.36291550412602,2,0.6390191917388972,failure
11,38,8,0,33,0.0,105,4,99.78334448741279,0,2.3178187161766703,failure
12,99,8,1,24,0.041666666666666664,34,0,345.43313713835033,1,9.718827456008965,success
5,117,9,0,38,0.0,49,0,262.42654687569274,0,7.924971699214136,success
9,133,52,1,7,0.14285714285714285,132,3,307.91498984485696,0,2.85646019334238,failure
8,254,27,1,44,0.022727272727272728,146,7,287.5456840230019,1,8.399518485371694,failure
4,340,62,1,39,0.02564102564102564,44,4,406.53261313965544,0,1.5286808627044999,success
7,99,92,4,46,0.08695652173913043,21,1,147.67343923313976,0,6.701363404156885,success
5,173,32,1,35,0.02857142857142857,84,0,179.09965410520803,2,2.0728319330193226,success
15,52,82,1,11,0.09090909090909091,191,9,221.85395761320865,2,5.357361956437524,failure
8,276,18,2,13,0.15384615384615385,173,1,220.39802798064827,0,6.356050687918368,success
8,69,4,2,21,0.09523809523809523,102,5,219.28251459714684,0,7.362831436870262,success
10,123,1,1,11,0.09090909090909091,178,5,300.1967922490781,0,9.077121815029885,failure
7,81,143,0,9,0.0,125,5,548.5173075200371,1,7.95517545983536,failure
9,193,22,3,28,0.10714285714285714,277,5,130.70038451069706,1,3.052062435289196,success
10,15,14,2,19,0.10526315789473684,69,1,437.5487365555718,1,8.446385609184532,failure
11,53,16,2,6,0.3333333333333333,244,7,247.07530728539885,2,0.7210140421950841,success
3,122,58,2,19,0.10526315789473684,259,3,526.5621695970775,1,7.390759644447714,success
10,232,8,3,25,0.12,65,1,176.86128970813368,1,4.88460575413221,success
9,19,28,2,41,0.04878048780487805,205,8,118.82421333829168,1,4.452304806799489,success
8,116,24,2,18,0.1111111111111111,104,4,50.18265588365792,1,7.035007555819444,success
4,50,49,3,6,0.5,232,6,501.2029842402364,0,0.7002891297212979,failure
8,24,49,2,29,0.06896551724137931,254,2,510.45844881847665,0,8.742438381706792,failure
8,117,24,1,31,0.03225806451612903,288,7,112.49281356261864,0,2.663677370519913,success
4,266,99,0,42,0.0,102,4,228.48659465544503,0,8.160753732744446,success
8,92,73,0,23,0.0,205,5,206.46188896409794,0,3.2951517055723416,failure
5,156,15,2,46,0.043478260869565216,81,2,331.77910406504463,2,7.366808788004381,failure
5,43,38,6,34,0.17647058823529413,298,5,210.14830990667653,2,9.201439205919623,failure
8,19,52,0,14,0.0,279,9,69.11664761640488,0,6.943766091460766,failure
10,45,68,2,35,0.05714285714285714,178,6,209.77874413119795,1,2.424846638725383,failure
5,99,6,3,17,0.17647058823529413,253,7,169.19650827018157,2,7.029201416268578,success
9,76,45,4,17,0.23529411764705882,234,9,151.0533101894354,0,7.030381732323361,failure
6,27,14,1,31,0.03225806451612903,239,10,100.06258919441544,1,9.251541071459123,failure
8,36,5,0,23,0.0,64,3,204.55018426306657,0,2.6375494630289804,success
12,140,83,2,23,0.08695652173913043,106,3,240.93454224820175,0,9.69660554496718,failure
10,221,61,2,41,0.04878048780487805,64,4,226.26900003583884,2,6.88312645121921,success
4,110,41,5,45,0.1111111111111111,144,4,253.46765869401543,0,3.2514456038240427,failure
10,90,72,0,19,0.0,264,9,422.01071118716277,0,5.146660926795359,success
12,49,70,0,32,0.0,62,2,152.13108716317114,0,7.6417810338491705,failure
6,4,32,1,48,0.020833333333333332,144,6,153.21548413908107,2,0.5696241851048098,failure
8,189,32,2,40,0.05,259,8,84.50118274862423,1,3.4286409233416246,success
4,79,15,1,32,0.03125,211,7,236.9109126092486,2,8.880780178335902,failure
10,358,126,3,37,0.08108108108108109,245,7,251.40089408525205,0,1.1586799174014717,failure
8,68,40,3,48,0.0625,195,3,276.5090845644498,0,5.327263815406591,success
12,94,44,2,26,0.07692307692307693,94,5,135.93983779709237,0,5.798125281108147,failure
9,78,27,1,13,0.07692307692307693,260,11,193.44820698115709,2,2.9411483294009013,failure
4,41,21,1,40,0.025,27,1,310.31912417146555,0,4.102845651827025,success
7,173,41,1,10,0.1,181,4,326.11615415382175,2,9.111073041089737,failure
6,32,67,3,6,0.5,27,0,88.67034795264793,0,0.6978682472473444,failure
10,77,21,2,47,0.0425531914893617,71,0,476.13952350643683,0,1.6979441238314998,success
10,43,81,1,47,0.02127659574468085,100,1,266.0400177554055,0,9.02175890992151,success
13,66,1,0,30,0.0,27,1,354.25982119900897,0,1.8751402542136035,success
11,119,16,1,9,0.1111111111111111,161,2,198.8952913883487,2,1.8252253277376667,success
16,324,36,0,27,0.0,88,1,422.47995500495284,1,5.886128249646301,success
6,185,13,0,10,0.0,106,2,154.46807553351977,0,9.845227152169619,success
9,111,11,0,5,0.0,159,4,285.43500396922343,1,4.524910022924909,success
16,111,52,3,39,0.07692307692307693,143,4,369.5052679256505,1,5.271913610287862,failure
9,12,10,0,45,0.0,155,4,327.8261723784033,1,8.28139338582297,success
7,215,113,1,37,0.02702702702702703,216,11,96.10622122642863,2,6.993927684862818,failure
3,136,89,1,30,0.03333333333333333,224,11,386.2987765314487,0,9.960548382657795,failure
3,146,115,1,29,0.034482758620689655,228,3,441.4223775213276,0,6.165578406910115,success
6,4,8,0,17,0.0,98,7,403.9447862019595,1,4.2546468573084475,failure
4,103,40,3,21,0.14285714285714285,125,2,170.00071792680936,1,3.4024873180164175,success
15,43,11,1,20,0.05,131,3,209.96826409594394,1,9.875852749882068,success
11,88,122,1,48,0.020833333333333332,134,6,119.93590179417917,0,8.103173890008085,success
9,69,30,1,34,0.029411764705882353,86,3,149.3093775175451,0,8.215489361465417,failure
5,109,42,1,6,0.16666666666666666,157,2,213.2926149337377,1,2.0247003099918377,success
13,94,22,2,8,0.25,162,6,251.01427865750432,0,4.657786443352054,success
8,33,54,3,17,0.17647058823529413,210,7,162.10242615226733,1,0.32481814450533475,failure
4,141,31,1,42,0.023809523809523808,154,8,253.11237772907373,0,5.390751433027197,failure
10,50,55,5,21,0.23809523809523808,295,13,125.84771806659843,1,0.8304742959381493,failure
11,143,38,1,27,0.037037037037037035,207,11,149.14381214054706,2,2.0500257502317596,success
6,43,73,1,33,0.030303030303030304,283,8,414.1630136043575,2,2.891820173641689,success
11,53,63,3,13,0.23076923076923078,109,4,107.63505410832629,1,8.190236171775341,failure
7,81,127,2,19,0.10526315789473684,77,5,386.62043140471707,0,1.1143930024128372,success
4,85,20,3,6,0.5,155,0,380.6022077083855,0,9.083691670825841,success
5,78,75,1,33,0.030303030303030304,128,5,256.15808761010413,0,5.706321642938646,success
6,42,36,3,38,0.07894736842105263,73,0,598.403604173321,1,1.1764139689325002,success
6,345,67,0,21,0.0,201,15,176.6257676911372,0,9.870672897805463,failure
9,49,23,3,18,0.16666666666666666,242,2,269.13823499940077,0,0.1204459414265246,success
8,34,10,0,19,0.0,275,8,105.55085765319558,0,1.7132009029588116,success
7,31,55,2,30,0.06666666666666667,176,5,430.9595481245748,1,1.920344739143472,success
8,43,21,1,38,0.02631578947368421,200,5,210.61569358744867,1,8.69512137961633,failure
10,24,12,1,7,0.14285714285714285,241,9,153.8888110706039,0,3.543456947480605,success
9,119,27,1,22,0.045454545454545456,50,1,222.65744717500976,2,8.365058107858392,success
7,52,53,1,41,0.024390243902439025,23,0,154.6005041049778,0,0.5170497455829529,success
9,109,131,5,40,0.125,113,2,92.78095699562178,0,9.59022212540098,success
16,48,30,2,43,0.046511627906976744,268,10,130.71979364439318,3,8.551652714179344,failure
5,116,34,1,11,0.09090909090909091,41,0,142.72314684837218,0,4.811238145165039,success
7,228,29,2,27,0.07407407407407407,145,7,158.4595852742271,0,1.6135040041979585,failure
12,30,29,2,41,0.04878048780487805,115,2,335.0409348893336,2,2.3143978772621607,success
8,184,29,1,30,0.03333333333333333,49,1,357.6550206831963,0,2.355187823091142,success
8,181,44,2,19,0.10526315789473684,24,0,149.5976539832083,2,7.057644935278233,success
8,139,27,0,28,0.0,213,8,186.6151825448621,0,3.81122382400086,success
15,45,77,1,24,0.041666666666666664,217,5,198.34393720824448,0,0.13087696437618607,failure
7,17,44,0,41,0.0,126,6,462.895334684349,0,3.9028470245150215,failure
7,35,24,2,28,0.07142857142857142,126,5,146.60552041320594,0,5.761350662589277,success
7,199,48,3,18,0.16666666666666666,93,2,157.74108129792435,0,0.632850394914934,failure
6,174,94,2,36,0.05555555555555555,67,0,533.5695097386507,0,5.556657210300451,success
7,67,89,1,39,0.02564102564102564,97,3,97.56276226358574,1,7.791177885170937,success
8,116,56,4,27,0.14814814814814814,163,10,479.64158740967275,1,5.685743332803466,success
13,153,120,2,37,0.05405405405405406,67,0,261.0721636164151,0,3.380950387683333,success
10,96,126,1,6,0.16666666666666666,148,7,137.57361511317504,0,3.6752313584502425,success
9,25,17,4,17,0.23529411764705882,35,1,64.91863282202283,0,4.360952046883457,failure
10,72,41,3,34,0.08823529411764706,39,0,182.64463558855365,0,8.49069202963625,success
7,49,123,4,38,0.10526315789473684,78,2,104.88551412080135,0,0.4140121024455006,failure
5,62,23,0,15,0.0,270,9,123.8122528055408,0,3.6084406423097035,success
11,99,58,4,41,0.0975609756097561,280,10,92.37782560828231,1,9.59810237388742,failure
11,84,27,3,16,0.1875,213,10,159.6708024738425,0,8.32850727112184,success
12,18,12,2,22,0.09090909090909091,260,11,246.85215674130907,1,1.4350147456488895,failure
7,231,21,2,24,0.08333333333333333,186,4,295.94013149108895,0,3.6133039569988337,success
7,40,22,0,17,0.0,63,0,296.09830792075905,1,0.2781377303500363,failure
10,42,85,3,10,0.3,188,3,208.57043275940447,0,7.322896239419347,success
5,20,103,1,14,0.07142857142857142,81,6,257.84474047637013,1,1.125304421285647,success
12,134,19,1,37,0.02702702702702703,94,6,189.16077880692822,0,3.920641111207647,success
10,23,1,2,8,0.25,70,3,349.15293131974425,0,9.04006784079925,success
15,78,107,3,8,0.375,114,8,113.0423440907112,1,1.4534106250543248,failure
8,159,6,1,45,0.022222222222222223,265,6,63.781200010671455,0,3.3243322433867224,success
14,487,52,3,41,0.07317073170731707,237,10,109.54978334692451,0,8.174209645053713,failure
16,118,131,4,46,0.08695652173913043,233,7,315.92473213490956,1,6.359284902454135,failure
5,95,6,1,16,0.0625,297,11,393.19647673657647,0,7.61546906901304,failure
12,307,67,1,9,0.1111111111111111,44,1,110.88303823228415,0,9.59379002940605,failure
11,54,29,2,29,0.06896551724137931,272,11,130.7781825035677,1,9.142207366010005,success
9,196,38,1,29,0.034482758620689655,122,3,328.80110734440115,2,2.9373101993594233,success
3,66,30,1,37,0.02702702702702703,259,15,82.14531791729434,0,3.059196569484691,failure
15,466,12,0,19,0.0,54,1,172.91937757181492,1,0.955222887111228,success
3,248,68,3,24,0.125,92,3,412.9196510939622,0,3.8167626021352565,success
6,42,36,5,43,0.11627906976744186,185,7,147.23871895798288,0,7.767047098895254,failure
5,162,10,2,16,0.125,120,4,251.51255864845322,0,2.6581482863387653,success
14,65,185,2,18,0.1111111111111111,23,0,98.46966186893972,0,8.297512205738187,failure
9,126,25,2,26,0.07692307692307693,221,7,191.18280068891102,0,5.774382600168343,success
17,122,14,2,28,0.07142857142857142,154,4,137.86327807505043,0,3.6658248568720575,failure
8,5,41,0,16,0.0,264,5,273.26043897171974,0,4.240546918899994,success
4,164,1,1,24,0.041666666666666664,100,4,192.59677646547462,1,7.7324144684518314,success
13,16,11,1,32,0.03125,279,7,91.61411262782832,0,3.2300771083568565,success
13,141,50,3,15,0.2,212,9,264.0179781289657,2,7.194437919023071,failure
9,135,27,1,26,0.038461538461538464,284,6,350.8223840374692,0,4.228415143650154,success
6,123,26,0,37,0.0,51,1,158.36460855418227,0,8.176723220650485,success
6,95,22,1,18,0.05555555555555555,239,8,358.29070970466125,0,2.196070529872235,success
8,140,72,3,17,0.17647058823529413,81,7,201.78889732692562,1,3.1561788507042356,success
5,116,24,2,29,0.06896551724137931,21,0,263.9038980823698,0,5.0250021837268966,success
8,29,13,0,44,0.0,143,5,117.22027476489787,1,7.514502811614673,success
9,52,32,1,20,0.05,272,5,396.9920929776231,1,1.6604724231153545,failure
13,54,38,4,34,0.11764705882352941,100,5,214.04227464269766,0,9.043133410288064,failure
5,34,22,2,5,0.4,27,2,231.1771196194539,0,0.27643508406776346,failure
8,176,40,0,32,0.0,159,7,601.1330754097715,1,0.3613420587725559,success
7,71,18,1,35,0.02857142857142857,146,8,107.5516197580559,0,4.5447038935442,success
9,58,29,0,40,0.0,240,6,144.13614213222206,0,8.304117170697122,success
11,91,11,1,49,0.02040816326530612,243,8,323.1332332029074,1,1.4038212656741185,success
3,82,10,0,6,0.0,175,4,183.97081737376362,0,4.905677872044661,success
11,147,20,1,46,0.021739130434782608,152,6,269.8926979680682,1,4.346079713414341,success
9,69,16,0,41,0.0,190,5,232.1905569983988,0,7.473822928866585,success
5,33,8,7,47,0.14893617021276595,31,1,312.4887753043178,0,2.216433072570555,failure
6,41,72,1,6,0.16666666666666666,50,0,395.08162847157814,1,5.980794587063534,failure
6,130,6,0,37,0.0,172,7,87.99640181972539,0,9.204081567200836,failure
4,102,14,0,40,0.0,176,5,315.09543597985817,1,0.6461137918420254,success
3,46,10,1,34,0.029411764705882353,222,7,222.87497752555572,1,8.856094060122587,success
7,159,64,2,38,0.05263157894736842,296,10,75.23374571591677,1,2.168120874443843,success
2,342,2,2,22,0.09090909090909091,75,1,486.8338546058536,1,0.9171720402620812,failure
9,125,72,0,40,0.0,42,2,383.46590026339703,0,3.2597673720001206,success
6,72,146,3,28,0.10714285714285714,281,11,163.9777216070371,0,5.150844418044543,success
4,140,71,2,5,0.4,249,7,198.4879595547324,0,3.635263192428521,failure
12,103,46,3,28,0.10714285714285714,234,10,97.65639793422407,1,1.412574120149216,failure
4,64,17,1,25,0.04,93,1,95.3671774894031,0,4.818887066154266,failure
7,327,45,1,33,0.030303030303030304,143,4,189.7858470658896,0,0.12020867379694083,success
9,207,7,0,17,0.0,271,4,506.9615018694816,1,0.1942232844132507,success
6,112,25,1,14,0.07142857142857142,101,2,245.9568854283265,0,8.329739168681048,success
8,14,44,1,17,0.058823529411764705,223,15,119.17163720558744,0,5.72626818063145,failure
7,53,34,4,15,0.26666666666666666,59,1,347.30783291914076,1,3.698835077185707,success
8,78,23,3,42,0.07142857142857142,272,7,348.4946330025219,0,4.089079240522258,failure
9,70,8,2,10,0.2,145,5,370.36393566175815,1,4.616216893120163,success
8,112,11,3,14,0.21428571428571427,218,3,71.21046004896873,0,2.434100694403121,failure
8,38,57,0,17,0.0,144,3,176.3465822863162,2,7.296195539482722,success
8,28,3,2,39,0.05128205128205128,154,5,124.75185832208432,0,3.1414135110690635,success
8,209,22,0,26,0.0,231,7,366.68004799781045,1,5.807601767110696,success
7,22,16,1,21,0.047619047619047616,117,4,260.4031773749973,0,1.4321865128723437,success
12,343,31,1,7,0.14285714285714285,250,5,429.5348466044035,1,0.37292336008930715,success
10,104,46,0,34,0.0,248,7,210.4591290497388,0,1.5779127753177236,success
4,133,8,2,38,0.05263157894736842,225,7,701.6524009538487,1,3.5909784288635445,success
10,70,23,0,31,0.0,99,2,205.93757603418868,0,1.4760572473127604,success
9,134,37,2,49,0.04081632653061224,298,10,265.5115253781489,1,6.62674807506422,failure
7,191,29,0,8,0.0,294,14,191.00945542420277,0,1.7129653683341841,failure
8,123,60,2,37,0.05405405405405406,157,8,54.78029107957098,1,8.148601626400936,success
12,35,75,4,47,0.0851063829787234,197,7,356.58809571719564,1,7.979826672734589,failure
4,8,10,1,35,0.02857142857142857,123,2,389.50472826693124,0,2.9077017688993316,success
6,97,21,0,23,0.0,249,10,266.37281191037766,0,4.711406365221482,failure
9,76,31,2,15,0.13333333333333333,132,4,307.6778121098108,1,6.862637578873149,success
10,109,45,3,41,0.07317073170731707,189,10,205.80232892615493,1,4.300993371743884,failure
17,150,13,0,19,0.0,143,5,135.13338973409535,1,0.874883125218815,success
9,40,114,4,24,0.16666666666666666,138,3,308.50584432923694,0,2.8465517378589733,failure
7,7,12,1,41,0.024390243902439025,68,1,248.4840758695933,1,5.182342618830745,success
4,80,60,2,12,0.16666666666666666,189,4,482.9798664323851,0,8.18166153901537,success
13,67,33,1,6,0.16666666666666666,88,2,178.3741850267516,1,0.7853781774663622,success
7,33,58,3,42,0.07142857142857142,94,4,169.04324109706306,2,1.847426934203638,success
8,152,24,1,31,0.03225806451612903,153,4,172.28438577110143,0,9.317333485386248,success
7,95,78,1,18,0.05555555555555555,161,3,295.61756865174254,0,3.249414526187225,failure
9,153,44,2,28,0.07142857142857142,45,1,148.2810563818665,1,3.837416657227973,success
8,166,10,3,39,0.07692307692307693,238,7,262.82452812444376,0,6.6922584437937145,failure
12,61,52,3,32,0.09375,266,3,563.5633465883568,0,3.7470525138414663,failure
9,17,30,1,38,0.02631578947368421,161,3,220.3839250405953,0,2.3846944499151,success
7,62,2,3,21,0.14285714285714285,176,2,129.2146188703669,1,9.687715834914751,success
8,200,41,2,37,0.05405405405405406,229,9,258.3917503708891,0,5.258035761930111,success
9,35,42,2,27,0.07407407407407407,225,11,249.72305884201344,0,3.773184449563994,success
6,114,21,0,12,0.0,147,4,395.74896690597166,0,7.6389501735089045,success
8,18,35,0,37,0.0,204,6,109.99311570441729,0,1.1119944400706134,success
4,42,18,2,23,0.08695652173913043,265,11,257.3364677623144,0,9.031099582211214,failure
9,257,26,2,16,0.125,280,3,154.9900907520996,0,8.137096634388575,success
6,190,28,0,8,0.0,68,1,424.46640247252566,0,3.827214997423799,success
3,91,23,4,35,0.11428571428571428,123,4,173.08419497564833,0,1.9450206240508268,failure
8,71,31,3,48,0.0625,80,3,112.42157897429043,0,8.609523024341149,failure
12,100,15,1,25,0.04,196,7,145.86093913377687,0,9.565918058601179,success
4,48,45,2,16,0.125,117,7,209.65909650694726,0,0.5739818025450492,success
11,79,12,0,11,0.0,88,2,120.0795700904495,2,9.87560132913185,success
13,106,7,1,22,0.045454545454545456,135,4,178.97796030053524,0,3.9246204151839215,failure
7,85,2,2,43,0.046511627906976744,87,6,186.95063582521507,1,8.080757003463697,failure
10,67,28,0,15,0.0,164,8,136.6313693864908,0,4.632222556909471,success
6,71,42,3,37,0.08108108108108109,148,1,558.1676896317358,0,5.26614321938623,success
5,22,20,3,26,0.11538461538461539,80,2,497.3088042741346,0,5.40581448741373,success
11,304,56,1,12,0.08333333333333333,285,10,330.75853038091867,0,9.63730947537819,failure
8,114,102,1,43,0.023255813953488372,144,0,291.09777792517116,1,6.3354137028011035,success
8,48,38,0,35,0.0,208,9,264.6238725464863,0,3.031655764327836,success
8,17,12,1,31,0.03225806451612903,52,1,154.64509584788814,0,6.303361317107408,success
8,108,18,2,32,0.0625,110,1,236.58028025309213,0,0.9937702635687535,success
5,140,140,3,27,0.1111111111111111,235,7,170.85302640897402,0,3.3803649561166105,success
10,41,48,2,45,0.044444444444444446,203,6,70.48739859543988,0,1.8202396147562006,failure
8,82,10,3,31,0.0967741935483871,136,3,572.446291792515,1,6.099670158954407,success
9,188,9,2,14,0.14285714285714285,111,3,287.2738382891592,1,5.364804593455669,failure
9,260,27,1,27,0.037037037037037035,230,10,124.75841507654359,0,7.274268530589614,success
4,18,6,2,37,0.05405405405405406,201,5,157.6853594730806,1,3.45165822035495,failure
10,29,6,1,30,0.03333333333333333,213,11,361.98823356697596,3,9.855705853726285,failure
7,172,49,0,17,0.0,192,7,108.23887382493848,0,3.267952923844146,success
8,219,12,1,35,0.02857142857142857,278,12,243.62934853055842,0,0.6174748152809385,failure
4,170,28,6,31,0.1935483870967742,108,2,240.07979619644712,1,2.777298767459983,failure
12,49,7,1,17,0.058823529411764705,98,3,520.0164634118681,0,6.276541091497083,failure
4,201,45,1,38,0.02631578947368421,135,4,193.56919453515448,1,7.62729392057321,failure
5,40,88,0,11,0.0,76,0,475.2262734038194,0,2.4947767376311725,success
7,114,44,1,48,0.020833333333333332,87,2,160.24989330518434,1,7.822282487986082,success
12,54,6,2,16,0.125,149,7,246.91137452456508,1,3.427295210691354,failure
11,63,91,0,9,0.0,25,0,221.288292529867,1,1.7241203698763714,success
11,44,12,1,42,0.023809523809523808,140,5,371.81688464950105,1,1.4902282024495028,success
7,107,76,1,10,0.1,246,14,322.5166819010058,1,8.20035611352657,failure
9,146,26,1,30,0.03333333333333333,144,4,397.9576159685061,2,2.442534564829251,failure
4,88,46,1,23,0.043478260869565216,78,1,105.44587975957728,1,2.2782109757328484,success
9,56,32,2,19,0.10526315789473684,41,1,283.6834936149223,1,8.840192945798654,success
9,183,9,2,13,0.15384615384615385,240,7,396.8969246851587,0,3.7101368710219353,failure
12,171,48,1,17,0.058823529411764705,260,4,155.25527677485937,2,9.904180040069297,failure
13,451,64,4,39,0.10256410256410256,33,0,174.91292858716318,0,2.7677888987888144,success
10,63,69,4,38,0.10526315789473684,216,7,160.02333435288296,0,6.637001288345046,success
2,161,20,1,38,0.02631578947368421,162,5,149.10909208616584,2,2.0256348842659437,failure
5,139,33,0,33,0.0,71,1,71.0808029815738,0,2.005940685018278,success
10,138,31,1,43,0.023255813953488372,259,14,261.6999380566807,0,8.109006023743698,success
8,53,3,1,31,0.03225806451612903,225,8,80.42335075593488,1,9.265714192633197,success
4,17,7,3,49,0.061224489795918366,120,2,232.1649414915544,1,8.954026992914281,success
11,75,38,2,16,0.125,219,6,215.9794568378635,0,8.355071914635973,success
7,30,24,2,43,0.046511627906976744,41,2,294.3014510023427,1,5.874427360034011,failure
3,48,31,2,6,0.3333333333333333,221,8,253.8325089722327,0,1.2201173251905115,failure
7,90,47,2,40,0.05,102,2,101.65675736576263,0,3.442202466290132,failure
9,81,16,3,22,0.13636363636363635,43,2,473.8700235198732,0,2.8823331747550767,success
10,106,44,2,10,0.2,293,7,130.24452712321983,0,2.5815590574322584,failure
8,25,70,2,34,0.058823529411764705,293,8,208.4929918209989,0,9.735153816752709,failure
12,88,54,0,25,0.0,178,6,366.83530956290406,0,1.5804875928896074,success
10,214,30,0,26,0.0,150,5,204.88072663266843,0,4.745230921584301,success
10,73,6,2,15,0.13333333333333333,100,4,117.80575980358842,2,9.269115416311791,success
9,119,48,2,43,0.046511627906976744,214,6,115.79088306897602,1,0.6994690199113393,success
9,103,88,1,44,0.022727272727272728,238,9,186.90210850826705,0,7.481723137748123,success
8,150,22,2,46,0.043478260869565216,145,1,46.86981868337136,1,6.133909514369968,success
5,115,45,4,11,0.36363636363636365,293,6,121.2971604273307,0,3.666063996095705,failure
9,33,103,0,11,0.0,145,9,291.5934501505851,1,9.388061735147412,success
5,28,24,3,35,0.08571428571428572,105,1,374.758474080856,0,3.4180401200679547,success
6,62,13,3,10,0.3,192,7,385.12121583510316,1,1.9679385955395552,failure
8,228,42,1,30,0.03333333333333333,159,8,534.1613730582457,2,7.272591020105849,failure
6,72,47,0,40,0.0,58,3,152.78080585388346,0,3.3919536897894145,success
14,96,33,1,13,0.07692307692307693,209,10,113.31252617979415,1,2.939954172571198,failure
10,89,46,1,40,0.025,202,12,70.11582211702486,1,9.31888992467156,success
9,2,26,4,7,0.5714285714285714,294,8,350.9968020391183,0,3.146687211029176,failure
10,103,54,0,48,0.0,113,2,52.361232037358484,0,5.787266252492725,failure
7,165,12,2,35,0.05714285714285714,137,2,474.377110920674,0,6.5802855991820355,failure
12,93,26,2,34,0.058823529411764705,72,1,246.95984461822422,0,4.90491880580172,failure
9,59,19,0,35,0.0,239,8,200.1110456970615,1,3.180855168532059,failure
5,94,23,1,47,0.02127659574468085,252,6,364.4072878824081,2,5.469385505997842,failure
6,29,40,3,47,0.06382978723404255,87,2,378.7476381743293,0,4.0567974432944025,success
9,14,20,0,44,0.0,280,9,476.09638509331506,2,0.4513985603102897,success
7,87,18,0,34,0.0,182,3,441.77056020646177,0,3.1586694553727224,success
11,133,111,3,13,0.23076923076923078,154,2,404.0299901003061,1,5.905147682393197,failure
4,132,131,1,10,0.1,109,5,109.90401796569773,2,0.2255866991146192,success
8,240,67,2,29,0.06896551724137931,167,7,101.39446675097281,1,6.5345787174641075,failure
4,54,74,1,34,0.029411764705882353,151,4,79.431432367897,0,0.4071298716238444,success
9,56,30,1,30,0.03333333333333333,115,4,221.9326589758202,1,5.672467632044645,success
9,74,61,2,7,0.2857142857142857,220,5,192.15136874431718,1,0.7038101671437004,failure
7,234,104,5,26,0.19230769230769232,208,5,403.9339112390832,0,8.494263239901377,success
9,15,34,0,46,0.0,136,1,247.16580436330062,0,9.113191058435518,failure
7,187,31,0,49,0.0,128,3,300.21383770484243,1,6.182361397098585,success
12,75,13,5,13,0.38461538461538464,73,0,180.34246740515985,1,1.3522944013833031,success
11,81,0,2,39,0.05128205128205128,149,4,231.73600415814155,0,9.045355889115584,failure
7,6,47,1,11,0.09090909090909091,239,7,118.29324094191871,1,7.309412692515322,failure
9,96,64,2,41,0.04878048780487805,216,6,226.63917452207312,0,8.802779421956338,failure
11,28,39,1,13,0.07692307692307693,33,0,184.81365784944234,1,4.692374078835537,success
9,137,32,0,31,0.0,64,1,184.8063834113205,1,4.274737836467943,failure
8,197,3,0,32,0.0,221,6,90.68736188473392,1,5.969040304098503,success
4,163,11,0,49,0.0,194,9,167.61507336510493,2,4.610085960058077,failure
10,19,71,2,48,0.041666666666666664,276,15,280.9565725136215,2,1.7896201657999802,failure
10,58,77,2,37,0.05405405405405406,271,7,311.741987923124,1,8.270615825986598,failure
9,18,1,2,10,0.2,209,11,134.60883984697105,1,1.9855079988846986,success
11,114,131,1,21,0.047619047619047616,150,4,77.70792851733482,1,7.489592801172607,failure
8,93,12,2,27,0.07407407407407407,49,2,276.018153863941,1,8.919229574460559,failure
9,163,62,2,29,0.06896551724137931,119,5,382.06366994295445,1,5.33906841077437,failure
10,95,17,4,23,0.17391304347826086,77,2,229.08076535718808,0,2.604979191791854,success
4,60,8,2,33,0.06060606060606061,177,3,218.94113835847782,1,0.3126288548608781,failure
11,23,34,1,35,0.02857142857142857,290,7,229.22637835139355,1,6.580150518162092,success
12,38,5,0,10,0.0,242,10,199.85353327397814,0,5.577685020458658,success
8,162,4,1,41,0.024390243902439025,190,9,223.2236255980565,1,6.942501251974789,success
7,23,13,1,38,0.02631578947368421,144,2,110.02389343130494,1,9.518348879362003,failure
5,79,22,1,28,0.03571428571428571,298,10,370.8155272901994,0,4.569480729695453,failure
10,71,8,2,14,0.14285714285714285,257,3,201.9811303031766,1,6.7589083728276504,success
8,77,12,1,15,0.06666666666666667,237,10,185.95750085239962,2,1.510194623369306,success
6,74,16,1,28,0.03571428571428571,83,4,196.32772744267464,0,1.481702028282927,success
4,33,59,0,6,0.0,206,8,422.6475706031238,1,4.984082820046249,failure
10,152,31,2,33,0.06060606060606061,69,3,289.38943600597497,0,5.90896767858337,success
6,114,13,1,20,0.05,163,5,507.70476008282856,0,9.847222331860785,failure
7,63,28,1,27,0.037037037037037035,267,5,170.38042837128918,1,5.730882308361717,success
7,96,16,0,39,0.0,174,8,272.77657155752746,2,9.181356300576166,success
11,72,16,1,47,0.02127659574468085,164,3,232.75493766449773,1,7.896474961728998,success
11,67,19,2,26,0.07692307692307693,100,2,85.86705311231997,1,9.002244938051097,success
5,184,112,2,39,0.05128205128205128,149,4,447.12589220580537,0,8.587952932099077,success
6,95,8,1,10,0.1,138,4,254.29697447717504,1,5.465148399724964,success
6,61,43,1,27,0.037037037037037035,298,5,109.95320307248488,1,0.10027254611885134,failure
7,42,25,0,27,0.0,126,5,320.016084929894,0,4.6060466298657605,success
8,73,52,2,34,0.058823529411764705,70,1,106.10846711137019,0,2.2724449757545666,failure
7,151,38,3,41,0.07317073170731707,298,10,229.22532213459925,1,7.170646530180186,success
9,58,35,0,46,0.0,221,6,358.46460686359467,0,2.058705719888232,failure
9,124,41,2,24,0.08333333333333333,253,10,376.90429021996175,0,4.783222917530795,success
9,67,26,0,15,0.0,251,6,279.01718081364663,1,0.34263117315525915,success
11,88,63,3,28,0.10714285714285714,52,3,113.17609945751657,1,0.9943986784405587,failure
14,190,14,2,22,0.09090909090909091,142,3,160.89425184340092,1,3.985636183591714,success
7,39,30,0,31,0.0,215,7,334.7329643737719,0,7.328350884005851,success
5,116,56,1,11,0.09090909090909091,247,7,59.4591309415778,1,6.768824151267349,success
9,120,52,1,25,0.04,27,0,241.19261773190263,0,4.333823592509308,success
11,18,103,0,19,0.0,296,3,72.00132047807895,0,1.9882898315091553,success
7,24,64,1,12,0.08333333333333333,140,4,75.4076445511171,0,3.1287079317588313,success
5,54,47,0,32,0.0,207,3,97.53974674044504,0,4.990184620761059,success
14,149,56,2,25,0.08,163,3,93.84329964382528,1,9.490877259694255,success
14,76,3,3,12,0.25,193,7,213.615078771043,0,6.438428152175195,success
9,151,68,1,32,0.03125,85,3,221.04594797635687,1,1.3627838944672965,success
12,137,67,0,38,0.0,42,1,318.1874431502106,1,8.06264686217062,success
10,23,84,0,19,0.0,211,7,344.9762675909141,1,7.239046807176872,success
12,104,4,1,48,0.020833333333333332,152,2,96.73933981093363,2,8.89611786484138,success
8,97,42,2,47,0.0425531914893617,156,3,323.94609024954434,0,6.151100658660998,success
10,83,30,2,41,0.04878048780487805,265,8,262.1409182805257,0,3.1683904622681665,failure
8,33,24,1,31,0.03225806451612903,57,1,238.3275107381702,1,8.49100134202931,success
11,124,24,0,45,0.0,257,7,417.7166573576802,2,5.815189291901849,failure
9,103,30,1,30,0.03333333333333333,102,5,367.42350573089743,0,7.056901384104152,success
8,162,48,2,16,0.125,188,4,89.60616693862252,1,4.750630060548298,success
14,143,22,0,38,0.0,282,12,252.03606770618367,0,8.064339837316991,failure
10,84,26,0,35,0.0,209,9,123.75483828486011,1,6.293544800372125,failure
7,47,117,2,7,0.2857142857142857,136,7,232.03426924960354,0,8.916475475881887,success
9,49,6,1,30,0.03333333333333333,45,2,117.71448891049539,2,3.565377768633698,success
8,159,3,3,10,0.3,97,5,177.39435963286923,1,8.487547485968502,failure
10,38,52,3,24,0.125,177,11,220.42374940042038,1,7.906889275480099,failure
10,50,13,1,44,0.022727272727272728,93,3,192.48900463782783,0,3.7616165098592074,success
10,46,15,0,21,0.0,21,1,332.0466002265968,1,8.769493499905703,success
6,63,130,3,45,0.06666666666666667,290,13,240.67891798507748,1,5.969694165862173,success
12,65,52,3,5,0.6,48,1,137.7361886384596,1,3.7819776141060233,success
6,98,54,1,17,0.058823529411764705,63,2,295.11580708789467,1,2.828810760517627,success
4,70,29,3,22,0.13636363636363635,255,8,194.3158334803294,1,0.9679929618932742,failure
14,74,35,0,25,0.0,114,3,394.45087867624255,0,1.015596738783963,failure
13,167,18,4,16,0.25,54,1,139.15525002364092,1,7.864127970325265,failure
9,77,40,0,48,0.0,92,2,159.2506479432365,1,3.91635703017072,failure
10,53,28,4,16,0.25,200,5,297.8963462460246,1,5.280425123658934,success
4,179,60,0,30,0.0,200,4,305.536420854521,1,8.364511284289792,success
8,44,152,1,46,0.021739130434782608,26,1,144.90351062092313,1,6.581798932474659,success
4,80,77,2,44,0.045454545454545456,288,11,337.7408700765329,1,9.42867002300567,failure
6,93,20,0,32,0.0,103,3,232.16218853414836,1,5.280216439587028,success
11,145,118,1,48,0.020833333333333332,262,7,324.50813322074475,1,1.200208019656326,success
5,52,23,1,29,0.034482758620689655,208,4,157.0195516076411,0,3.537190993045923,success
11,78,4,1,25,0.04,241,10,104.29520102923863,1,1.4633095010422839,failure
7,237,37,0,15,0.0,60,2,286.7343427596064,0,7.500679874925229,success
12,89,22,3,13,0.23076923076923078,238,12,125.6607096892514,0,4.716691529310255,failure
5,141,6,0,39,0.0,241,5,170.37439560196634,0,0.6679758228360432,success
3,436,39,2,40,0.05,188,3,354.46814009031635,0,0.2638063450511881,success
8,334,22,2,33,0.06060606060606061,171,1,382.83819805550996,1,0.6493014933638791,success
9,85,160,3,44,0.06818181818181818,299,5,169.9690010946279,1,6.75487535101002,success
6,65,19,2,21,0.09523809523809523,295,8,228.64403173866276,1,2.0904081388230478,success
5,71,31,0,41,0.0,275,6,227.70372418562096,0,7.799057460138372,success
5,102,65,2,12,0.16666666666666666,155,1,174.24462755668054,2,5.179202602389222,failure
9,187,12,0,48,0.0,228,5,192.7919912525274,0,5.848265525685433,failure
7,112,89,1,9,0.1111111111111111,114,4,245.18509204070492,0,1.779383465919516,success
6,96,74,0,27,0.0,215,8,167.13486101876407,1,8.78905918847441,success
9,40,57,1,14,0.07142857142857142,52,0,145.90279732327247,1,4.767470426689697,success
10,89,35,0,45,0.0,240,11,84.74915167534694,0,4.181363114074743,success
6,58,29,2,19,0.10526315789473684,135,2,49.377668765411194,1,7.9740423954535045,success
8,30,74,0,20,0.0,79,0,225.17886374896773,0,0.4219052582364776,failure
6,40,136,3,31,0.0967741935483871,102,1,305.4982476574137,0,5.2292805228631565,failure
3,152,10,3,36,0.08333333333333333,274,5,62.04996872907161,0,7.2301549628995305,success
11,202,28,1,44,0.022727272727272728,257,8,257.8637475629588,0,7.9742743402195515,failure
5,100,73,1,49,0.02040816326530612,118,2,247.2785966107328,0,1.6400002289539388,success
7,59,47,0,39,0.0,197,7,176.6686583313562,1,3.965735151495745,success
13,94,31,0,41,0.0,263,6,225.11220526682897,1,3.276463891463669,success
7,49,20,1,28,0.03571428571428571,138,3,189.90765653305678,1,9.92188752218935,success
5,11,21,1,35,0.02857142857142857,122,6,130.91697110520022,1,7.377773337188929,failure
5,20,36,2,39,0.05128205128205128,244,5,226.2543716745143,1,4.312523538194579,success
3,31,136,1,20,0.05,291,12,54.160770119394705,1,2.2282639003751123,failure
5,36,15,2,44,0.045454545454545456,256,6,182.4997856701662,1,1.8216809172922168,failure
9,165,18,5,40,0.125,54,5,552.1182741588615,1,9.948906965929437,success
7,95,26,0,16,0.0,223,12,267.36825895862717,1,5.874768766931792,success
10,9,115,1,20,0.05,90,4,289.650227511294,0,7.271409040552519,success
6,226,16,2,9,0.2222222222222222,151,7,62.6412459892645,0,1.656907776885962,failure
10,62,134,5,9,0.5555555555555556,95,4,193.42468436360545,0,7.511785545584327,success
11,74,55,0,24,0.0,193,6,104.37331642131666,1,2.4696680994248044,failure
8,62,12,1,42,0.023809523809523808,255,10,373.52294277554745,1,7.64223755313841,failure
11,173,34,1,40,0.025,279,9,224.43785276282782,1,9.150727198450593,failure
7,147,11,2,36,0.05555555555555555,185,8,369.429471194004,0,3.939016833521924,success
10,61,90,2,44,0.045454545454545456,55,4,196.4904619388869,1,9.043508821220398,failure
7,32,10,1,15,0.06666666666666667,42,2,467.3903022005567,1,4.695906334094563,success
8,234,13,1,15,0.06666666666666667,239,12,267.2975977097059,0,8.107406256040473,success
9,197,68,1,47,0.02127659574468085,47,1,231.7102400043398,0,4.598535995942302,success
5,45,35,0,32,0.0,52,3,234.32868547852576,1,1.5235281658967281,success
7,114,34,2,16,0.125,233,5,313.993377091968,0,6.719589891107621,success
13,58,17,4,35,0.11428571428571428,58,0,122.20122875895422,0,3.325194840093463,failure
4,193,29,1,44,0.022727272727272728,41,0,171.19860284208485,0,0.8494473503249083,success
9,184,174,1,34,0.029411764705882353,208,4,164.9830409665678,2,6.55122829813353,success
9,71,46,3,24,0.125,206,8,146.9423086598809,0,5.832085569345454,success
7,172,9,0,31,0.0,227,6,504.87071685104075,0,9.308101874268095,success
9,190,105,1,29,0.034482758620689655,261,6,407.84707011835974,1,0.9656756777875061,failure
8,106,21,2,38,0.05263157894736842,129,6,315.93049270882136,0,4.360166951993195,failure
6,205,113,2,39,0.05128205128205128,80,1,215.75047997756698,1,2.394280606049199,failure
7,70,39,1,47,0.02127659574468085,160,2,354.46831961846283,1,4.895796370063646,success
8,33,17,0,9,0.0,226,6,267.35320928021304,1,8.44273774396618,success
12,35,23,2,44,0.045454545454545456,244,4,430.47412145777156,0,9.42297959933409,success
2,180,49,2,43,0.046511627906976744,234,5,301.1710051517569,1,3.865868164389866,success
8,57,16,1,12,0.08333333333333333,216,8,302.884794707466,0,6.228672011908555,success
6,53,53,1,23,0.043478260869565216,186,5,296.46721756223207,0,2.434127395010087,success
5,21,130,2,47,0.0425531914893617,188,3,156.439867268788,0,7.6436334619231046,failure
6,141,42,0,22,0.0,216,6,249.65385600180088,0,9.075121792937544,success
8,75,39,0,20,0.0,78,2,92.99890774027065,1,4.814933639172132,success
12,187,45,1,23,0.043478260869565216,208,5,225.1847701694316,0,8.735014413019623,failure
7,200,57,2,19,0.10526315789473684,197,4,165.7983416172268,0,9.839744514174681,failure
7,275,25,0,33,0.0,255,10,266.3972927923556,0,6.120058059364967,failure
5,68,18,2,19,0.10526315789473684,202,3,165.95129563526675,1,5.650601831539545,success
7,56,51,0,33,0.0,291,14,118.80062817834553,0,3.876247682796873,success
6,155,43,1,21,0.047619047619047616,222,1,188.23962620447335,0,7.8856198374250015,success
12,58,4,3,19,0.15789473684210525,174,6,234.45955933128252,1,8.166853894995937,success
11,132,92,0,44,0.0,138,2,228.4557560410541,1,0.19995957266138248,success
3,60,49,1,15,0.06666666666666667,106,3,277.1896007432517,1,2.5981778740125994,success
12,128,20,2,7,0.2857142857142857,32,0,252.0192294572218,1,0.41722811548517513,success
2,105,6,0,17,0.0,141,1,327.6890028811499,0,7.787221540340172,success
10,16,43,1,42,0.023809523809523808,74,4,178.90250478700588,1,1.8555462750290037,success
8,51,133,2,13,0.15384615384615385,221,6,143.478891180089,0,1.172574694958665,success
5,69,30,0,24,0.0,226,5,254.66921989782315,2,7.990424057341529,success
10,34,23,3,30,0.1,98,6,387.9999948435708,2,5.786869141427548,success
7,158,4,3,16,0.1875,234,4,171.6533397816067,1,1.6191905095768844,success
4,54,51,2,35,0.05714285714285714,181,4,97.52226434283023,0,8.461518278711143,failure
13,96,25,0,6,0.0,151,3,317.70216198314824,1,4.128678728649499,success
12,86,20,1,37,0.02702702702702703,96,7,369.46211157118967,2,3.7919355197944506,failure
8,115,18,4,20,0.2,88,3,250.56351259813295,2,6.552829825143749,success
12,66,30,4,9,0.4444444444444444,245,10,126.33146830129222,2,0.46567582765475324,failure
4,112,54,1,21,0.047619047619047616,199,4,74.54041022515425,1,3.4261449848321246,success
7,198,33,1,44,0.022727272727272728,283,7,211.96267435733267,0,0.877378033452435,success
6,46,20,2,36,0.05555555555555555,291,9,227.52246529723232,1,7.38137075993842,success
12,126,89,1,19,0.05263157894736842,167,3,117.2017475718356,0,2.816761013285864,failure
8,80,50,1,16,0.0625,294,9,220.48753820504731,1,8.38111881189956,failure
8,97,25,2,21,0.09523809523809523,236,11,409.2458611321645,0,4.244987386459582,success
9,142,16,2,14,0.14285714285714285,56,4,168.191190318903,0,8.863977752754067,failure
9,104,14,4,30,0.13333333333333333,86,2,271.6935017132959,0,2.2885266079823694,success
3,197,5,2,48,0.041666666666666664,146,4,312.9479798293926,1,6.560166123828067,failure
5,178,38,2,32,0.0625,166,3,174.58648096354946,1,9.45418190262416,failure
6,102,62,0,32,0.0,71,5,304.74811220761023,1,4.001807533226632,success
8,127,4,1,27,0.037037037037037035,82,2,240.0230406082947,0,1.66404145598416,success
15,107,70,0,24,0.0,74,1,216.41592740715492,0,5.582105334650305,failure
4,17,66,3,21,0.14285714285714285,28,2,241.82605474360636,2,4.377240175972266,success
12,114,210,0,48,0.0,27,0,487.78870681148834,2,5.10987447220986,success
6,35,18,2,12,0.16666666666666666,230,8,331.3897846283363,0,4.811037258716857,failure
10,81,1,0,19,0.0,120,5,228.89738433986543,0,2.7323127935528717,success
11,23,40,4,45,0.08888888888888889,66,1,315.2504907578231,3,5.19481292857595,success
3,279,16,0,27,0.0,299,9,364.1506599051427,0,1.5621279731927566,success
10,104,57,3,18,0.16666666666666666,48,0,101.73798454721192,1,5.871200815422417,failure
10,27,33,1,44,0.022727272727272728,68,1,101.58945616422662,0,4.427733883505425,success
6,130,101,1,31,0.03225806451612903,131,2,189.46681671443415,2,9.728810867173836,success
2,249,18,1,47,0.02127659574468085,216,7,404.0673213877112,0,1.0402328415940494,failure
7,160,9,2,17,0.11764705882352941,96,2,161.9897372868468,0,7.543281582021276,failure
4,60,87,0,43,0.0,122,5,468.09409486018325,1,3.558015762451329,failure
14,76,125,1,47,0.02127659574468085,27,1,468.4989688040255,0,7.003213918323253,success
15,85,3,1,29,0.034482758620689655,142,6,648.1877488780535,0,9.580840237508747,success
7,177,149,2,30,0.06666666666666667,294,6,483.63190160263053,0,8.987559057985903,failure
11,189,33,0,48,0.0,257,8,299.26877660905495,0,1.2219502059019867,success
7,111,64,1,15,0.06666666666666667,29,1,158.94550610097593,0,8.776333825377908,success
11,86,89,3,42,0.07142857142857142,196,5,82.85765816192934,1,3.9705889404867176,success
9,56,15,1,13,0.07692307692307693,93,2,110.3722680440963,0,0.7992271509620035,success
11,273,71,1,47,0.02127659574468085,37,2,153.45797903694694,0,2.156503903660943,success
8,125,44,1,37,0.02702702702702703,29,0,48.52265388172072,0,0.38271157762683916,success
8,45,51,2,20,0.1,85,1,457.8686038525372,1,1.4801457136127192,success
12,52,28,2,24,0.08333333333333333,28,1,443.9203393575623,0,4.727341659408618,success
3,157,52,0,11,0.0,146,5,324.078501035634,1,9.45784031876769,success
11,55,44,2,37,0.05405405405405406,259,10,206.37218481254874,0,8.115934359682067,failure
13,44,29,0,17,0.0,57,0,255.37628665118072,2,5.360951006560665,failure
4,179,36,2,39,0.05128205128205128,154,3,306.37304085604785,0,3.30491055997587,failure
7,85,70,2,8,0.25,278,10,324.7296744796003,0,0.3813316172522624,success
12,98,16,1,35,0.02857142857142857,173,5,172.78827111567773,1,0.6665763654788591,failure
8,203,37,0,34,0.0,135,6,273.79349090867856,1,7.342145919976541,failure
7,164,46,0,7,0.0,59,1,194.83845693294006,1,5.4909020906578005,success
14,110,20,1,45,0.022222222222222223,108,3,189.62704538289748,2,1.304626012129802,success
8,157,63,3,31,0.0967741935483871,118,3,214.0077367074529,1,8.635634288450682,success
6,29,32,3,36,0.08333333333333333,193,7,80.27331502383677,1,5.226416258889452,failure
8,133,13,2,42,0.047619047619047616,246,8,266.2409774329667,0,8.387177012998372,failure
9,65,29,0,10,0.0,137,3,324.4439109396589,0,7.806799168216739,success
6,134,38,1,12,0.08333333333333333,90,1,95.7346070027694,0,3.4003111009926306,success
5,43,17,2,28,0.07142857142857142,185,0,103.73473681734204,0,7.057334514492349,success
10,137,48,3,19,0.15789473684210525,167,2,269.14607856903274,0,9.92413284721164,failure
10,33,8,5,29,0.1724137931034483,234,4,144.80770811073714,1,7.505495530048149,success
6,81,73,3,31,0.0967741935483871,168,5,183.16420101621202,1,2.7163987408702583,success
13,185,5,4,48,0.08333333333333333,253,9,161.55567221167587,0,5.959447870821804,failure
5,81,41,5,17,0.29411764705882354,88,2,271.55929545929575,1,4.386233857626008,success
7,129,30,1,24,0.041666666666666664,187,5,220.19955237726427,0,3.070076650188859,success
6,10,9,1,9,0.1111111111111111,259,5,88.32468965403723,0,2.913640635217483,success
19,27,10,2,42,0.047619047619047616,254,11,423.0692320514888,0,4.658710474282805,failure
5,123,26,0,11,0.0,73,3,208.78332948659704,1,3.1724739424735424,success
11,22,77,2,9,0.2222222222222222,52,1,408.5937107601454,0,1.5621499053444765,success
11,47,52,2,32,0.0625,212,3,359.59140013288334,0,7.59374876531485,failure
8,78,48,1,41,0.024390243902439025,230,10,495.82417764767405,1,3.001012504096467,failure
13,119,93,2,33,0.06060606060606061,88,1,170.10529459425618,1,3.7934368082707453,success
4,155,38,3,46,0.06521739130434782,170,6,822.7733767028194,0,9.040326652892784,failure
9,67,78,2,41,0.04878048780487805,73,1,371.1361790422266,1,6.6558729619330075,success
12,135,38,0,11,0.0,278,11,98.73997668759617,0,9.29493126354864,success
11,256,34,0,30,0.0,293,9,435.7803681341156,0,6.05306275382857,failure
6,199,115,1,23,0.043478260869565216,278,6,20.818619057030105,0,3.619938629399302,success
3,206,89,2,14,0.14285714285714285,134,0,200.7722787165519,0,2.3042362635382534,success
6,78,52,4,46,0.08695652173913043,278,6,281.2053457219173,1,8.269334156424252,failure
5,159,25,5,24,0.20833333333333334,161,4,109.51523628429808,1,4.545077938833049,failure
8,116,21,1,35,0.02857142857142857,155,6,131.45070976054672,1,6.543961152053377,success
7,168,81,2,40,0.05,38,0,410.7545445047348,1,7.445109608528922,success
4,202,64,0,10,0.0,281,7,126.7872506159192,0,2.538626719351101,failure
5,104,4,4,19,0.21052631578947367,67,2,242.4584002869204,1,9.764071320132771,success
11,120,62,1,28,0.03571428571428571,241,3,223.95227982955927,2,2.4320140445938976,success
16,17,81,1,34,0.029411764705882353,203,8,106.06125867231339,1,7.600250254486235,success
11,242,30,0,13,0.0,195,3,256.330365729021,0,1.6003367882172113,success
7,69,13,1,5,0.2,50,2,297.56108621812825,2,9.747537330730884,success
17,207,65,1,19,0.05263157894736842,189,4,387.10633668478476,2,2.58970689307112,success
9,80,17,2,10,0.2,232,7,220.63612989075457,1,5.202486046384809,failure
10,92,38,0,19,0.0,59,1,182.29442804308133,1,3.7519649587874695,failure
10,102,65,1,11,0.09090909090909091,254,6,350.72496124214956,0,9.049124841736605,success
7,119,9,1,31,0.03225806451612903,296,7,283.54495175720143,0,5.26771104368856,failure
14,86,21,0,14,0.0,185,10,405.36607389724844,1,6.752478278895924,success
10,177,27,0,36,0.0,147,3,67.31284758723244,1,2.2738609259513636,success
7,122,40,3,25,0.12,144,2,211.27657491826363,0,9.464626096561592,failure
10,80,1,0,48,0.0,34,0,275.27718817597565,0,3.6152238785944215,success
8,33,172,4,41,0.0975609756097561,208,7,269.6942523180035,0,1.0893208762693103,success
17,65,30,3,42,0.07142857142857142,56,1,211.72066537847118,1,2.2597167395139865,failure
8,128,129,4,40,0.1,286,6,154.84392995307493,0,2.0219329889682527,failure
6,185,26,2,18,0.1111111111111111,113,3,122.43595234680693,1,1.171005520345294,success
10,65,37,2,46,0.043478260869565216,137,2,645.4451391942686,1,4.962247884357086,success
4,140,14,1,43,0.023255813953488372,118,3,674.4261995978756,1,3.1839403973913236,failure
9,86,15,1,45,0.022222222222222223,182,8,121.37837987456314,1,4.9949200554051485,success
9,43,24,1,18,0.05555555555555555,189,5,280.0285503130975,0,0.8844232227650834,failure
11,165,64,4,6,0.6666666666666666,61,2,274.9309937851104,0,5.9308684489066055,failure
10,100,36,1,28,0.03571428571428571,71,3,440.41360447628637,0,6.353721250250432,success
11,15,54,2,14,0.14285714285714285,120,4,127.2652854420783,1,2.622088049464778,failure
10,41,39,1,46,0.021739130434782608,47,0,240.7195155378167,0,5.733868475437732,failure
5,41,33,2,10,0.2,252,5,213.8881857722891,1,3.113890877223217,failure
9,173,48,3,7,0.42857142857142855,222,10,290.86209093039537,1,1.6509456147254482,failure
5,62,22,0,38,0.0,21,1,294.2722060887148,0,6.837087892198487,success
4,61,31,3,30,0.1,100,4,123.37168681477733,0,8.369083628238117,success
10,37,12,0,14,0.0,210,6,96.21790992683994,0,1.6204484625778617,success
15,56,40,0,42,0.0,132,3,148.03154986946333,1,8.891815642386987,failure
1,57,22,1,25,0.04,204,7,110.23776418999786,0,6.025209887834591,success
13,214,13,0,29,0.0,71,3,206.13084146674603,0,7.75428208162147,success
10,121,12,0,6,0.0,264,9,454.59434318561136,0,6.962569279803339,success
6,158,99,1,40,0.025,133,4,206.13627635034902,0,8.846012030958942,success
7,213,15,2,5,0.4,244,6,79.62644316168652,0,0.6913268846907533,failure
7,50,59,2,48,0.041666666666666664,48,1,296.18258920000125,0,9.87012875769777,success
8,40,47,1,46,0.021739130434782608,87,2,173.72194912719192,2,8.812681594790552,failure
11,154,36,1,40,0.025,100,2,340.201320128054,3,0.5288704930131571,failure
10,76,64,0,48,0.0,140,3,132.78413365282756,1,2.5993868421049147,success
6,313,56,0,28,0.0,251,10,369.8995251770557,1,5.399468049313505,success
7,34,57,1,14,0.07142857142857142,140,3,260.29812633971756,0,8.577248020855812,success
8,27,104,0,39,0.0,288,15,53.15873782864261,0,3.1919694771566083,failure
15,122,130,0,26,0.0,231,6,280.8606022230463,0,0.593035161785353,success
10,57,46,1,38,0.02631578947368421,204,7,202.85447568293716,0,7.8207333885331956,success
10,82,23,3,36,0.08333333333333333,247,7,278.747694651241,0,4.396417865373966,failure
12,60,38,2,20,0.1,280,8,188.6770775534168,1,7.634080156837425,failure
8,82,11,0,34,0.0,286,12,294.43617561907325,2,3.3228432293535004,success
10,132,110,1,40,0.025,54,0,316.1857544303712,2,8.205674397347783,success
11,71,35,1,35,0.02857142857142857,246,6,355.52108549478265,1,3.674007200697755,failure
5,59,197,2,34,0.058823529411764705,250,6,107.29426422946449,0,4.816556192014758,success
7,76,22,1,9,0.1111111111111111,281,7,295.7471981201261,0,9.37934679255165,success
13,3,8,1,28,0.03571428571428571,240,11,313.6778397259591,0,1.5658396101737893,failure
4,154,82,1,40,0.025,170,2,294.892355609072,2,5.863704590705579,failure
4,160,71,1,31,0.03225806451612903,46,1,124.72668407488658,1,8.157033690862123,failure
7,196,63,0,18,0.0,141,5,96.28627365142692,0,6.944103607476986,success
7,84,15,2,41,0.04878048780487805,153,3,155.65911347109432,1,4.322776543097067,success
9,80,24,2,17,0.11764705882352941,180,8,342.3163112272453,1,8.04485644017122,success
9,274,29,0,24,0.0,22,0,121.9365611810788,0,4.844365242352221,success
5,37,30,3,32,0.09375,123,1,201.64849945117743,0,6.474336007407727,success
11,219,26,0,10,0.0,123,4,180.51216891059798,0,3.424249568942464,success
11,243,33,1,13,0.07692307692307693,289,9,280.0526082091545,0,0.668912086429341,failure
6,54,13,2,26,0.07692307692307693,196,2,120.9408749314914,0,2.1252083404150754,success
8,55,76,1,27,0.037037037037037035,75,3,274.52896355433234,0,4.72816387231678,success
11,39,58,2,12,0.16666666666666666,157,2,233.45194285185042,1,8.949580791708884,failure
7,45,68,1,5,0.2,274,6,292.3614065270548,1,1.4046264607334906,success
7,79,43,4,11,0.36363636363636365,185,6,125.98245093350363,0,3.2340482318014954,success
8,68,78,0,16,0.0,175,8,132.0724689137214,0,3.368419866870385,success
11,239,3,0,43,0.0,32,0,141.2394736508531,0,7.805396123072528,success
3,66,7,0,21,0.0,256,10,371.86601859161493,0,5.482901772887394,failure
8,265,46,3,20,0.15,274,10,242.04767582917071,0,4.2179139594320425,failure
13,165,41,2,8,0.25,216,4,272.95736535665947,1,0.7204560479625128,failure
10,34,18,1,41,0.024390243902439025,194,5,117.13250918924699,0,9.707670602996625,success
15,178,63,2,13,0.15384615384615385,294,13,83.45084797412458,0,8.090884483806182,success
6,101,15,4,13,0.3076923076923077,245,5,105.07361996597962,1,0.657378267928254,failure
4,129,39,2,31,0.06451612903225806,252,4,217.31262372517085,0,0.5595266942272262,failure
6,56,84,3,16,0.1875,126,5,233.47032306840015,1,2.601209377127294,success
10,167,25,3,38,0.07894736842105263,211,6,244.1815677707746,0,0.60340070384076,success
8,138,12,0,27,0.0,212,5,215.3990416813155,1,7.436380260748307,success
4,79,148,0,39,0.0,133,2,149.96626072957076,0,2.130344857095252,success
5,12,54,2,44,0.045454545454545456,233,8,298.8645198732502,0,8.824745077631471,success
5,170,56,2,13,0.15384615384615385,259,7,134.93531725848683,1,6.142997453662337,failure
13,32,58,2,47,0.0425531914893617,112,2,106.27974431349298,1,4.907604492532737,success
8,58,13,1,17,0.058823529411764705,124,7,194.2963916965938,0,1.209979341424657,success
4,32,61,1,47,0.02127659574468085,241,7,153.7619291154649,0,1.3922193445942395,success
6,82,45,0,6,0.0,183,4,91.45354435753984,0,1.2997622294304851,success
6,129,117,3,6,0.5,199,7,248.70023157740692,0,2.196605288875506,failure
10,257,51,1,33,0.030303030303030304,289,8,242.59325087998246,0,1.131239177602084,failure
10,51,18,0,49,0.0,292,3,341.4608247000906,0,3.27742246030991,failure
7,36,33,0,26,0.0,47,3,136.17431140476802,1,8.14018494294147,success
6,95,1,4,47,0.0851063829787234,136,1,198.29104774978234,0,1.5504528371635102,failure
9,173,8,2,25,0.08,158,10,324.3015242533754,0,3.0634725770275804,failure
10,74,34,3,10,0.3,66,1,248.31806817185662,1,4.552293569082812,success
11,87,26,1,32,0.03125,265,8,395.1432195101906,1,6.177009489959149,failure
8,19,97,5,20,0.25,298,20,230.27572815113018,1,2.4496142423398575,failure
2,67,150,2,5,0.4,228,5,376.56848682737495,0,6.178255126396438,failure
8,27,33,1,27,0.037037037037037035,24,0,433.2620125201519,0,1.9200285414876623,success
1,78,34,2,12,0.16666666666666666,114,5,254.7749966590864,1,6.311296024461543,success
5,116,50,2,12,0.16666666666666666,99,3,222.19142534080277,1,7.906646872760663,success
10,378,94,2,46,0.043478260869565216,95,2,229.15237000771882,1,0.32909478784114754,success
10,106,9,0,5,0.0,177,3,252.54419591471225,1,9.367339525878636,success
9,98,25,0,15,0.0,223,7,141.72537507427168,0,7.1562128834340015,success
13,90,15,1,12,0.08333333333333333,86,3,218.84285019312753,0,9.503978122208911,success
7,50,11,3,35,0.08571428571428572,200,4,212.43809289926665,0,2.7202331655184313,success
7,320,5,1,40,0.025,89,2,314.48185118612355,1,9.389478373428187,success
12,153,27,1,12,0.08333333333333333,69,1,255.07271158311514,0,4.590309376103322,failure
2,158,1,2,28,0.07142857142857142,131,3,376.6775921677628,0,1.6007320227351862,success
9,171,28,1,31,0.03225806451612903,290,11,339.1339467692055,1,7.399087245754457,failure
6,48,128,2,33,0.06060606060606061,232,6,295.6457982070635,1,6.977457452885247,failure
10,113,11,0,48,0.0,203,5,83.4602705085171,1,9.22613989379185,success
14,83,17,1,22,0.045454545454545456,213,9,203.23207664517548,1,3.1094123836269585,success
12,27,42,1,13,0.07692307692307693,257,10,118.4512104235914,0,6.329422879323718,failure
5,9,23,0,40,0.0,131,5,251.33857003960816,0,9.604720144157074,failure
9,123,12,2,42,0.047619047619047616,214,8,178.02287907221435,0,8.736426035177121,failure
5,114,181,0,18,0.0,174,8,321.4124600899157,1,8.241237218674453,failure
7,84,77,0,17,0.0,106,4,203.64211479193514,1,8.798803581768889,success
14,220,21,2,44,0.045454545454545456,284,6,485.5667675594096,1,8.458383744573435,success
10,69,36,1,28,0.03571428571428571,55,0,260.75164097371976,0,3.8535437011027756,success
12,184,15,3,43,0.06976744186046512,286,6,198.0945544727392,1,0.25392030038901414,failure
8,11,118,3,18,0.16666666666666666,288,8,123.95439307888252,0,9.877434226181702,failure
9,77,4,1,12,0.08333333333333333,96,0,403.8781635578351,0,7.7711324705998965,failure
5,126,54,5,16,0.3125,136,5,313.0763432283983,0,2.3358125594966523,failure
7,121,199,1,35,0.02857142857142857,25,1,144.12444544194688,0,7.505110789658775,failure
11,11,24,1,38,0.02631578947368421,44,2,170.8155716655424,0,3.709286774248397,failure
8,94,72,3,40,0.075,231,4,301.3345093049546,0,2.5427655473546977,success
8,103,11,1,25,0.04,44,1,501.1771457103955,2,5.702933373073529,failure
6,85,72,1,8,0.125,248,7,272.7652571328942,0,0.20556324064432968,failure
9,83,50,1,15,0.06666666666666667,92,3,117.81889925267606,1,9.767091035483638,success
9,69,42,3,46,0.06521739130434782,127,5,108.2251825350492,0,9.435566673489493,failure
8,26,29,1,41,0.024390243902439025,182,10,232.25458934714652,1,7.922136536002535,failure
8,49,21,1,45,0.022222222222222223,75,0,503.95436631288356,1,0.6290170847310577,success
5,186,13,1,11,0.09090909090909091,63,2,83.68354530974642,0,0.8412826646252568,success
14,90,104,1,16,0.0625,25,0,327.13465996610694,1,6.517904254265533,success
10,60,23,1,9,0.1111111111111111,220,5,154.61810075723304,1,8.018015698595718,success
6,95,51,1,7,0.14285714285714285,269,10,329.8917220997581,1,0.6355520916933091,failure
7,126,42,1,36,0.027777777777777776,140,10,273.6244443835954,0,5.680192743192868,success
11,18,69,1,44,0.022727272727272728,67,2,233.89775557636406,1,7.021002912046807,success
9,152,107,1,39,0.02564102564102564,25,0,221.32324215855624,1,1.719688893548473,success
4,120,20,1,40,0.025,56,1,239.48673931331146,0,1.8383375407331675,success
9,11,103,0,16,0.0,245,9,72.40008759444515,0,9.320498118183863,success
8,193,38,1,34,0.029411764705882353,251,11,272.14140858193747,1,4.070151445776038,failure
10,42,15,1,37,0.02702702702702703,168,7,279.5311029612744,1,2.8179589205764577,success
9,140,45,0,44,0.0,253,7,81.66537721859792,0,0.5511760832799629,success
8,112,20,0,45,0.0,145,5,311.0851588618829,1,0.4652639492043328,success
8,165,31,2,7,0.2857142857142857,71,4,154.49370356897953,0,2.6559240808965514,failure
13,73,45,2,30,0.06666666666666667,110,6,374.1788832281226,1,6.23769296029729,success
7,206,40,3,42,0.07142857142857142,86,5,256.92221155700514,1,6.090821118255858,success
9,160,35,1,45,0.022222222222222223,236,8,163.47078858501263,0,2.3322975961889374,success
9,13,80,1,38,0.02631578947368421,53,0,335.9699511763206,0,7.451604402526472,success
5,78,61,0,7,0.0,198,5,183.91514786200298,1,4.665738437794469,failure
7,185,83,1,18,0.05555555555555555,168,4,234.72017538943746,1,8.013733673884524,failure
12,34,20,3,49,0.061224489795918366,147,2,200.11575118791518,1,9.251291258546402,success
8,98,20,2,18,0.1111111111111111,23,0,241.47697016424135,0,2.4495743853717133,success
8,53,89,3,21,0.14285714285714285,188,8,177.47487899510475,2,4.538349491247909,failure
9,101,33,1,19,0.05263157894736842,248,9,356.5481301687807,0,0.626579360259915,failure
6,83,52,2,16,0.125,68,0,342.3646958206665,1,7.650622564795981,failure
7,27,20,5,43,0.11627906976744186,211,4,497.06014294005774,2,3.2935460452176346,success
4,131,32,1,45,0.022222222222222223,202,12,164.2894453285929,0,6.547016754888159,failure
8,5,91,1,48,0.020833333333333332,126,2,225.1362662168712,1,3.8733814909102073,success
11,32,9,1,34,0.029411764705882353,215,7,206.56296760741816,0,1.5112126016630902,failure
9,76,36,2,11,0.18181818181818182,203,4,256.3258369837114,0,0.1698900817518471,success
6,166,113,0,39,0.0,284,6,239.8309361987126,0,6.4395409867559845,failure
10,95,22,3,35,0.08571428571428572,171,5,105.14927933828325,0,9.349938172246175,success
6,11,17,0,44,0.0,139,4,499.01074191104556,1,9.04511016587964,failure
8,82,15,4,41,0.0975609756097561,48,2,340.9496931966745,0,9.411360020091797,success
9,11,64,1,18,0.05555555555555555,26,0,360.22043695738927,0,6.912011522194912,success
6,52,53,0,32,0.0,62,1,252.85514185680555,0,4.3486357034880365,success
10,62,55,1,16,0.0625,188,6,369.75397292453675,1,5.311607309206709,failure
6,70,100,0,45,0.0,48,0,46.04846364325839,1,7.2896522121808065,success
6,171,24,1,10,0.1,192,9,400.11425589567006,0,3.0576932383839073,success
8,131,54,1,8,0.125,292,6,171.95699098742875,0,1.9965834764755301,failure
6,180,58,2,37,0.05405405405405406,114,3,132.1541600890189,1,0.7718328521909203,success
8,168,43,1,9,0.1111111111111111,178,3,229.77572337971128,1,4.8193489440981265,failure
7,102,40,0,13,0.0,88,3,253.90502449656674,1,1.0066970049711468,success
6,16,41,0,43,0.0,179,4,198.45730644747536,1,4.656566174467636,success
4,88,47,1,22,0.045454545454545456,88,1,205.32947474788526,0,8.14685813398718,success
11,168,45,0,36,0.0,233,7,66.25096200620052,0,1.6149287868941629,success
8,40,65,0,35,0.0,70,5,292.5142999206992,0,1.29349689357037,failure
3,42,53,1,38,0.02631578947368421,273,11,303.3836771961626,0,2.5297775968597214,failure
10,40,18,1,44,0.022727272727272728,51,2,129.69359728262486,1,0.9241951041983677,success
5,87,86,1,31,0.03225806451612903,239,2,164.89276917507115,1,3.708945177359,success
8,95,18,3,41,0.07317073170731707,164,7,158.3892430792822,2,6.1275923609717315,failure
9,130,65,2,41,0.04878048780487805,181,8,338.3931171574249,2,4.773825934629898,success
4,168,47,0,43,0.0,207,2,251.2780463362336,0,7.231203983772963,success
10,162,49,1,48,0.020833333333333332,235,4,420.7302614335678,1,1.2904665418368881,failure
13,39,91,1,17,0.058823529411764705,213,6,236.9645979494162,1,3.4690849021565224,failure
8,104,56,3,8,0.375,110,3,82.19300214413099,1,4.227781317536846,failure
11,38,32,3,13,0.23076923076923078,284,7,371.8719642533626,0,4.650962875615702,success
9,194,50,3,12,0.25,71,1,270.03145387216574,2,0.780053597701418,success
15,104,21,3,10,0.3,183,6,218.9283059758047,0,0.7357877570113814,success
5,91,15,0,37,0.0,76,3,119.41268617172899,0,0.9361595495865553,success
9,284,18,1,10,0.1,30,2,106.51110216201077,0,1.4896751751531658,success
11,9,58,1,21,0.047619047619047616,51,1,248.94742875106508,0,0.10431654164127534,success
9,123,10,2,41,0.04878048780487805,238,8,111.19925276316117,1,3.0888606854309626,failure
8,86,12,0,17,0.0,199,8,236.51492835354426,0,4.172531558697656,success
7,72,34,0,26,0.0,144,4,276.0355353605233,1,5.532182029841561,failure
5,40,86,0,23,0.0,83,5,101.59247239505704,0,0.37080852258706576,success
8,86,41,4,32,0.125,115,0,107.17311096132742,1,4.505589980009937,failure
8,89,32,2,47,0.0425531914893617,128,6,265.6860944134298,1,9.386558249240842,success
8,126,19,0,29,0.0,142,7,79.77386863642197,0,7.537501847373696,success
5,90,5,4,48,0.08333333333333333,270,5,343.9690723614296,0,3.279137674352948,success
8,170,20,2,12,0.16666666666666666,253,7,140.65826589761355,1,5.309761931108421,failure
9,64,48,1,49,0.02040816326530612,243,7,224.09905286638593,1,7.016227863734389,success
12,285,32,2,36,0.05555555555555555,142,4,214.21541152967578,1,1.6294818479492006,failure
6,77,116,0,15,0.0,195,9,224.77522370019182,0,0.8140755869556737,success
8,44,14,2,42,0.047619047619047616,212,8,263.6678681336729,0,6.227228404123701,success
5,45,31,0,22,0.0,136,2,191.63821740872484,2,7.396493870860675,success
7,6,43,1,31,0.03225806451612903,276,13,110.49857005487458,0,5.190635233853593,failure
14,123,6,2,42,0.047619047619047616,61,0,270.08535316233605,0,6.984814364705938,success
6,96,68,2,41,0.04878048780487805,165,5,188.4270102525188,1,7.2181276984981615,failure
16,121,32,2,46,0.043478260869565216,217,6,198.60747844790882,1,6.476459812190597,success
12,16,69,2,40,0.05,153,2,78.59134056923382,0,9.372912445624554,success
5,222,34,2,45,0.044444444444444446,238,8,250.17623767904536,1,5.406832545914668,success
4,131,15,1,38,0.02631578947368421,186,10,269.0036533027851,1,0.6637926114876518,success
5,28,66,2,19,0.10526315789473684,166,5,114.15955397433274,1,5.695163085979316,failure
5,21,19,0,17,0.0,185,5,112.20546503843653,1,6.4299513289181816,success
6,55,70,2,31,0.06451612903225806,134,3,72.86467874222187,0,3.473766861596358,success
10,185,43,2,23,0.08695652173913043,121,6,232.67274618556368,2,4.780489048241864,failure
12,210,47,2,40,0.05,295,13,214.94752147945778,1,7.727878000846388,failure
5,120,62,2,17,0.11764705882352941,140,4,277.8640603387832,0,7.216528330920135,failure
9,47,29,3,11,0.2727272727272727,85,5,286.47732920030023,0,1.8583246728302396,success
9,35,74,1,49,0.02040816326530612,152,3,210.64185049421474,2,2.455669043408401,failure
13,77,47,0,5,0.0,253,7,272.28370860781376,0,5.749403656332326,success
7,45,65,1,45,0.022222222222222223,72,1,147.17905330869596,3,3.964628104009439,success
7,181,70,1,25,0.04,224,5,241.07712930797962,0,7.529849829982217,failure
7,126,119,4,20,0.2,88,4,88.02372773087265,0,1.1028127436909279,failure
6,51,6,2,33,0.06060606060606061,86,3,255.9617734423688,0,3.323400799728533,success
12,8,27,1,28,0.03571428571428571,254,4,308.67185244915316,0,3.7396936203768436,success
8,37,56,2,23,0.08695652173913043,38,2,201.48181912736783,1,4.363514507498505,success
7,76,8,1,31,0.03225806451612903,86,3,364.2741145983479,0,7.68664119546219,success
11,66,26,0,5,0.0,156,6,183.56095908676247,1,0.283042220058099,success
14,22,37,1,31,0.03225806451612903,279,9,177.1472075796346,0,1.5315780774397032,failure
5,146,10,1,18,0.05555555555555555,202,5,253.92093416606568,2,5.556755465932491,success
6,64,75,1,15,0.06666666666666667,270,8,195.53035730422462,0,4.918978148771983,failure
5,56,75,4,27,0.14814814814814814,42,0,337.0685517815924,2,9.519604211457256,success
7,128,3,1,24,0.041666666666666664,279,7,250.49674339673305,1,0.6528834452289485,success
7,80,40,1,30,0.03333333333333333,28,0,85.77142940243559,0,3.035492834763027,success
7,85,19,2,22,0.09090909090909091,61,1,152.21324039923732,0,7.800866317290958,success
9,109,59,0,40,0.0,90,1,171.996857282171,0,9.61750312283876,success
7,186,54,0,34,0.0,40,1,361.02494746572165,1,9.942984884597147,success
12,133,26,2,8,0.25,131,7,90.49763648839468,0,2.9877897530439457,failure
7,28,217,0,23,0.0,157,6,101.89619886961452,0,5.996998894892044,failure
14,383,79,1,9,0.1111111111111111,29,0,158.928496017889,0,9.58180508432078,success
5,81,9,1,6,0.16666666666666666,209,6,206.9568655742659,1,9.774840312322883,failure
5,5,27,1,14,0.07142857142857142,212,8,247.35862042989757,0,1.2664005194110721,failure
7,40,152,0,47,0.0,119,5,249.59059695013107,1,3.6089367120599976,failure
8,40,26,1,47,0.02127659574468085,86,2,640.7355011004126,0,7.362888750952265,failure
6,193,23,3,15,0.2,31,1,223.34421609858862,0,5.63424758983302,success
9,94,64,0,26,0.0,110,1,286.47125423775583,2,5.803536360804488,success
8,89,39,4,47,0.0851063829787234,228,8,41.033380689084645,0,4.362642968478038,failure
5,98,112,2,12,0.16666666666666666,62,1,114.42149460876807,1,8.458436115518836,failure
8,122,6,1,7,0.14285714285714285,109,1,322.1076287735482,1,0.7384449378758338,success
7,115,86,0,45,0.0,199,6,406.5112169087832,2,2.3693963637081334,success
16,38,146,1,44,0.022727272727272728,250,10,111.64879988199701,0,7.061038454985913,success
8,231,68,1,22,0.045454545454545456,21,0,197.13090877820594,1,8.211393697452836,success
7,14,173,3,26,0.11538461538461539,186,5,201.9231518574932,0,9.709535821035638,failure
6,200,78,0,15,0.0,73,2,324.86489226703003,2,3.031379842011424,success
12,14,8,2,6,0.3333333333333333,187,15,356.0008605353943,1,2.2812764982580553,failure
3,42,29,1,26,0.038461538461538464,242,5,456.06874844120824,1,2.6581336719721635,success
5,85,51,1,45,0.022222222222222223,176,7,172.42038310909615,0,2.5683650030829916,success
6,70,6,2,19,0.10526315789473684,91,1,200.17961688199466,0,4.819596508982683,success
11,36,20,2,12,0.16666666666666666,290,14,375.9350558302548,1,2.9089319672133045,failure
6,121,24,0,23,0.0,45,1,204.98345591896458,0,1.4783876440543997,success
6,62,43,3,13,0.23076923076923078,119,2,180.80341205183112,0,0.6313472031769747,success
5,138,48,1,9,0.1111111111111111,188,5,334.7438867147218,1,2.632708439102089,failure
6,49,30,3,12,0.25,267,3,183.4740430358206,1,8.193389516977371,success
9,44,6,1,37,0.02702702702702703,87,1,235.15026613784818,1,8.460871547534786,success
5,95,55,0,19,0.0,272,8,251.34830487375956,0,5.951329985712723,failure
8,156,141,2,19,0.10526315789473684,133,7,178.88065826540296,0,4.017566239965167,success
9,142,134,1,45,0.022222222222222223,180,5,37.47516316656843,1,2.7378361400980626,success
6,23,197,1,11,0.09090909090909091,159,6,240.1808925190244,1,0.4904454923723742,failure
8,78,34,0,25,0.0,222,8,330.0945695583382,1,9.904743402927208,failure
9,153,80,0,30,0.0,72,0,48.07345810316011,0,3.8789737556166046,failure
9,64,44,1,5,0.2,256,6,266.10127109617406,0,3.791927349650981,failure
4,163,13,0,30,0.0,197,13,106.61946082504194,0,4.03463710705949,success
8,201,62,3,30,0.1,49,0,309.2022454897249,1,7.7904972700571316,failure
9,181,4,0,32,0.0,247,7,273.70439768884575,0,6.617994873784057,success
9,144,39,3,13,0.23076923076923078,267,11,128.15094545852423,1,9.438149571192534,success
4,70,87,0,30,0.0,277,7,161.85872502244004,0,0.8382179132449358,success
7,72,3,3,17,0.17647058823529413,98,8,116.45941701352595,0,9.612580368960295,failure
8,49,15,0,9,0.0,223,6,156.26017423890335,0,5.936129716418221,success
10,98,20,3,22,0.13636363636363635,229,11,204.95021375882942,0,9.301391405852593,failure
6,124,79,0,27,0.0,203,6,404.2942572820389,1,7.6630766649978765,failure
6,143,137,2,32,0.0625,180,5,573.0490946640872,0,9.864638724996745,success
7,88,102,0,41,0.0,178,6,83.83676323286961,1,2.208595019135732,success
8,72,19,2,9,0.2222222222222222,298,14,132.13033623010656,1,5.254673788119214,failure
9,87,6,1,31,0.03225806451612903,120,3,424.79224045507107,0,9.392377678172316,success
15,35,25,2,24,0.08333333333333333,274,11,70.39585689941913,2,1.4613490056845795,failure
8,146,58,1,40,0.025,192,7,181.79436093784614,0,7.8223085783091895,failure
5,142,2,1,41,0.024390243902439025,128,3,230.244243911277,0,9.148164044212631,success
6,37,54,0,38,0.0,249,3,156.3961757900899,3,3.8118886410244675,success
12,114,121,3,18,0.16666666666666666,212,5,328.74999349123766,0,4.486316184900214,failure
10,24,161,2,10,0.2,29,2,85.62886535826736,2,8.33733715668775,success
4,176,31,1,31,0.03225806451612903,241,4,332.62852381043757,2,5.7074869555643195,success
5,281,64,1,6,0.16666666666666666,141,4,151.7158749736081,1,4.83721603804049,failure
14,119,21,1,13,0.07692307692307693,141,4,210.05645698896626,0,2.813279284449224,failure
5,125,14,1,15,0.06666666666666667,99,4,125.49117986299352,0,5.407552958220237,success
15,63,71,4,9,0.4444444444444444,23,2,223.5564024335837,0,3.8211582833181286,success
7,72,17,4,15,0.26666666666666666,136,5,259.10990568090324,0,4.764150055166807,failure
8,204,33,1,7,0.14285714285714285,204,6,127.35158175583892,0,8.516156627728753,failure
5,73,3,4,30,0.13333333333333333,215,9,402.2095839817232,0,8.471243616229678,failure
6,79,118,4,18,0.2222222222222222,42,2,151.89296140808648,1,0.3078572081323564,success
13,94,32,1,13,0.07692307692307693,271,12,266.93395172507735,2,5.50398859825501,failure
10,95,157,4,23,0.17391304347826086,98,4,293.7979392760985,1,9.512238799221738,failure
5,231,75,2,21,0.09523809523809523,96,4,256.4867204578447,0,4.515708693921985,success
11,173,39,1,28,0.03571428571428571,276,5,424.1395121935863,0,1.193044019722314,success
6,215,22,2,18,0.1111111111111111,43,0,302.2445459259552,3,0.21167796648908016,success
10,285,16,3,14,0.21428571428571427,84,5,213.0543778398507,0,4.140755419276558,failure
4,146,67,0,11,0.0,224,5,253.67775984792235,0,8.781586819660985,failure
6,39,32,3,17,0.17647058823529413,203,4,212.47173366890107,0,8.93794650295973,success
9,50,71,1,39,0.02564102564102564,198,4,227.06100876927627,0,6.650447408323581,success
10,105,39,0,35,0.0,24,1,427.04177766722694,0,9.534209618851165,success
6,12,61,0,42,0.0,257,3,59.14315557549769,1,0.8153921631558343,success
6,73,76,2,46,0.043478260869565216,266,9,175.2414335725875,1,3.7678922582314907,success
3,147,28,2,41,0.04878048780487805,227,7,188.73994949072573,1,7.947071102737262,success
13,100,48,2,33,0.06060606060606061,168,3,173.1056634052882,1,8.414795245920937,failure
10,65,23,4,10,0.4,245,4,147.13769400889913,1,1.0057870251386514,failure
8,156,32,3,12,0.25,257,5,322.41105872275466,0,5.912822385279708,success
14,42,1,1,29,0.034482758620689655,133,3,115.76940213851188,0,6.694689060870348,success
7,178,7,3,9,0.3333333333333333,253,8,176.59399847766224,1,2.2967853319542306,success
12,122,14,1,14,0.07142857142857142,146,3,216.01916033466276,1,0.4301650208794833,success
9,129,36,1,27,0.037037037037037035,89,3,104.32454078095672,1,0.30504735246206693,success
12,64,4,0,5,0.0,242,13,61.346506925877556,0,3.654096977499433,failure
3,148,49,1,17,0.058823529411764705,153,7,153.2465509211498,0,1.361900348990783,success
7,106,23,3,41,0.07317073170731707,268,10,378.48414420694854,0,5.755048194006884,success
7,164,68,3,30,0.1,63,4,216.8450136664358,0,2.574708992540009,success
8,310,31,0,23,0.0,108,4,388.1868962106126,0,3.447205656119216,failure
8,41,107,4,30,0.13333333333333333,246,9,132.5796317385936,0,3.5113540210738647,success
9,287,3,1,46,0.021739130434782608,272,10,116.44991110946235,0,9.319929230695484,success
7,137,26,2,6,0.3333333333333333,86,6,97.26535660423004,0,8.629667553958255,failure
4,158,12,1,45,0.022222222222222223,271,9,223.60326672944004,0,6.522758602481612,success
9,216,52,0,23,0.0,86,2,385.9940326056003,0,1.6541643559101027,success
12,253,14,0,16,0.0,153,3,177.9230408436299,0,0.8618156152132049,success
7,10,7,3,48,0.0625,28,0,255.89978707606534,0,3.6214546981094164,success
9,72,84,2,39,0.05128205128205128,244,9,271.1243330817207,1,5.75378998727101,failure
7,232,26,2,36,0.05555555555555555,287,10,280.90262233033656,1,7.277394049529638,success
11,48,35,1,17,0.058823529411764705,85,1,41.112419854321885,1,0.3378174101459989,failure
8,102,19,4,40,0.1,50,3,218.58382630412103,0,2.0284203208999267,success
8,74,26,1,5,0.2,187,11,208.69512838321705,0,4.440530477491247,failure
9,46,20,2,37,0.05405405405405406,124,5,51.78691037384291,0,3.6602044485335035,failure
3,44,51,2,8,0.25,41,0,277.27800059013765,1,4.63704166454363,failure
8,168,16,1,6,0.16666666666666666,268,9,287.7677018898137,1,3.3412034720235506,failure
9,104,19,5,12,0.4166666666666667,144,8,180.8596041666056,1,5.9198223773345635,failure
6,30,36,1,20,0.05,227,5,84.45630573305297,1,8.673340174343576,failure
9,64,55,2,26,0.07692307692307693,119,4,55.07196184444118,1,0.9110157764840149,success
7,43,39,3,14,0.21428571428571427,212,4,312.3053251779327,0,3.000594751476193,success
8,37,83,2,13,0.15384615384615385,271,11,145.73031793115513,2,2.7366604491084687,failure
8,151,11,2,11,0.18181818181818182,132,6,335.5387041034727,2,5.48693704885306,success
9,99,18,2,44,0.045454545454545456,59,1,207.8861189153942,1,8.932860015773816,failure
9,87,12,1,21,0.047619047619047616,30,0,173.14542498343238,0,8.217135788135073,failure
8,12,54,1,34,0.029411764705882353,60,0,108.56909482181622,1,9.035296734827115,success
8,207,5,1,15,0.06666666666666667,23,0,159.1083296762439,0,2.2040191291606317,success
8,23,46,1,47,0.02127659574468085,22,1,292.3290997401035,1,3.5011319405834582,success
7,96,21,1,19,0.05263157894736842,216,2,312.7975177457374,1,2.8272402091413973,success
9,109,56,2,11,0.18181818181818182,181,3,207.84390176074146,0,5.504560330946573,success
6,65,168,1,7,0.14285714285714285,95,4,286.171794933726,0,6.744625258182961,success
6,112,25,1,27,0.037037037037037035,72,3,311.15264723806627,0,4.212282594106574,success
6,177,41,1,31,0.03225806451612903,266,15,313.75560569666817,1,3.146650362145488,failure
7,102,2,1,34,0.029411764705882353,23,0,211.9435310580258,2,6.356103487331421,success
8,51,28,1,20,0.05,222,4,173.7650843695902,0,5.033578635590179,success
10,32,44,0,18,0.0,93,3,346.7293171962599,0,8.304331183247866,success
9,27,58,2,26,0.07692307692307693,293,5,311.10006845741805,2,0.6340407960140025,success
8,175,38,2,24,0.08333333333333333,126,2,189.98658730018332,0,7.387114328550736,success
8,125,16,1,14,0.07142857142857142,204,6,262.5363398787917,0,6.958353064671238,success
3,143,3,2,33,0.06060606060606061,93,3,240.71590026110158,0,8.680329574764151,success
9,33,20,1,8,0.125,245,6,219.4972695838645,2,8.464984030960172,failure
11,79,35,0,35,0.0,266,8,221.91310111562012,0,1.5880228201606954,success
12,12,23,1,18,0.05555555555555555,113,5,134.07932693234176,2,6.449152083416333,failure
5,87,87,2,9,0.2222222222222222,52,2,509.9667393678117,1,6.080988603008604,failure
8,139,11,0,42,0.0,211,6,142.26167311685913,1,6.974631079394264,success
11,71,23,1,8,0.125,166,4,228.25244919262158,0,9.814639487412077,failure
12,185,11,6,15,0.4,277,9,435.41084144498393,0,1.1833358921307373,failure
1,22,18,1,29,0.034482758620689655,229,1,360.03500041662227,1,6.32938954972911,success
7,97,39,3,16,0.1875,208,8,130.92554071355502,0,6.009296419457704,failure
12,51,4,1,35,0.02857142857142857,77,4,208.37545804858334,1,0.173928139216413,success
5,72,98,3,15,0.2,165,2,282.35965354167104,0,6.620642423773476,success
7,77,49,1,43,0.023255813953488372,192,5,228.01749409828219,1,5.021869412207379,failure
6,86,13,1,36,0.027777777777777776,262,5,142.54095444247673,1,7.7526122841531615,success
8,91,52,1,15,0.06666666666666667,98,6,303.7426238914605,0,7.576850440477304,success
12,49,23,0,11,0.0,170,7,363.1298777063084,0,0.532195600136475,success
9,13,20,2,6,0.3333333333333333,151,1,192.28461042173763,1,7.826076552436728,success
12,95,122,0,5,0.0,117,7,212.42105808531562,1,8.982329488387428,success
8,72,103,0,29,0.0,299,6,136.3951612180335,0,6.356857727328966,success
8,32,3,5,13,0.38461538461538464,31,0,297.007724467241,1,8.705174535128833,success
14,70,21,2,40,0.05,281,4,156.85422300507997,1,2.160581052544897,failure
9,108,45,0,33,0.0,130,5,258.48314345813975,0,9.0201692942764,success
8,27,16,0,14,0.0,105,6,584.34113476908,0,9.36527326327547,failure
5,199,14,1,31,0.03225806451612903,270,5,339.93594784959964,1,2.9196138630974926,success
1,55,27,4,23,0.17391304347826086,51,5,254.52601404312654,1,3.519130155351001,success
6,48,6,1,23,0.043478260869565216,108,2,148.02898406994552,1,7.137997721870903,failure
7,171,48,1,24,0.041666666666666664,238,8,150.6496432902432,0,3.4270798294710483,success
8,201,17,1,33,0.030303030303030304,218,13,248.4023145510189,0,9.896063304188539,failure
5,113,23,2,7,0.2857142857142857,54,0,211.89475294417622,1,2.953141600216435,success
8,69,154,0,26,0.0,46,1,92.04857726707557,1,0.38583937067949636,success
5,101,65,0,26,0.0,182,6,124.72390292443988,0,8.194527823296815,success
6,146,70,1,33,0.030303030303030304,37,1,575.6847329010455,0,0.5286410677446715,success
14,225,132,4,27,0.14814814814814814,35,0,207.23027632583393,1,9.745171876344163,success
5,49,37,4,44,0.09090909090909091,178,6,304.46438883449025,0,6.039564046303255,success
4,49,16,2,30,0.06666666666666667,249,3,116.42929640828893,0,4.449098171271444,success
12,99,6,1,26,0.038461538461538464,261,12,55.61109899840317,1,7.352523475943846,failure
6,73,55,0,42,0.0,148,4,697.3080116316326,0,7.1867863940052334,success
8,18,21,4,13,0.3076923076923077,92,5,341.8218707179109,0,3.9463890145138394,failure
7,51,106,2,25,0.08,215,9,427.70224412591244,1,2.2180139647846664,success
3,39,11,3,40,0.075,147,0,167.36029811430012,2,8.46464709439631,success
9,316,36,2,40,0.05,39,1,200.800606478071,0,9.227556757096275,failure
7,98,11,2,36,0.05555555555555555,228,10,164.55329795234982,0,9.94912271641214,failure
7,47,82,1,36,0.027777777777777776,191,5,205.05780899917545,0,3.696116689964827,failure
7,101,0,3,38,0.07894736842105263,224,5,360.83280845068145,0,5.811565557358491,success
8,115,23,0,27,0.0,268,9,158.8658324920785,1,9.812424009051787,success
9,101,102,1,30,0.03333333333333333,204,7,200.38740773656417,2,4.183449621845103,success
8,77,33,3,20,0.15,185,6,186.6305040750151,0,7.925820232615543,failure
13,80,55,2,42,0.047619047619047616,291,8,293.23998319064333,0,9.403587035174237,success
9,133,31,0,7,0.0,174,2,130.65724151647873,1,1.936059260170019,success
11,103,97,2,49,0.04081632653061224,248,11,152.19558477227815,2,7.27317883182981,success
10,96,39,4,6,0.6666666666666666,227,5,396.0550554473333,0,7.058905580194896,success
6,84,16,1,40,0.025,99,4,480.36470705163487,2,3.9506787131962566,failure
4,68,127,0,13,0.0,153,4,416.9819140738652,1,9.811885931399193,failure
8,117,2,1,32,0.03125,48,1,209.99251307807833,3,8.681671029085331,success
10,93,3,2,28,0.07142857142857142,117,3,536.8049859448,0,9.943300925292693,failure
4,94,48,4,49,0.08163265306122448,128,1,250.1445549152157,1,5.545738035115346,failure
11,268,9,1,32,0.03125,119,3,152.38483052862327,0,2.299343164909591,success
11,34,33,1,11,0.09090909090909091,45,4,209.18391156240634,1,2.86539560395045,failure
6,54,10,0,30,0.0,265,5,85.37837546182682,2,7.936199472796765,failure
5,422,36,4,5,0.8,189,6,122.05456794548363,0,3.679939953481077,failure
12,69,3,0,45,0.0,195,11,185.94259279222547,0,2.2281129537653097,success
8,87,26,0,49,0.0,21,0,380.58735929461903,0,9.226673825013357,failure
10,75,49,1,45,0.022222222222222223,124,1,388.16723603524065,0,3.47558974136306,success
6,113,58,1,39,0.02564102564102564,111,6,225.20291521584363,0,0.9081033551567196,failure
6,59,134,3,22,0.13636363636363635,276,10,152.09652065270024,1,5.708761550245261,success
10,11,21,2,26,0.07692307692307693,153,5,342.11995978083695,1,5.547194943590475,success
5,178,114,2,17,0.11764705882352941,59,2,88.91785406002428,1,4.280959846000474,success
9,7,49,1,20,0.05,276,14,142.61355190234633,0,4.519370956852056,success
10,313,13,0,33,0.0,34,0,117.37810965736412,1,2.2756383988772235,success
13,129,71,2,25,0.08,212,5,264.97942583205287,0,3.028666665310807,success
4,43,14,2,46,0.043478260869565216,44,1,447.39252082652837,1,4.9169558840716645,success
6,45,2,4,13,0.3076923076923077,97,1,197.57629012798347,1,9.72405612401282,success
9,12,8,1,33,0.030303030303030304,90,2,229.54080195063818,0,9.803245016492346,success
9,39,14,1,16,0.0625,286,7,261.32730272931155,0,0.963189486365341,success
9,43,2,0,12,0.0,23,2,146.4713790589967,0,9.073059784872232,success
6,148,14,5,14,0.35714285714285715,75,2,267.67742648987365,0,4.45720769338351,failure
5,102,31,1,38,0.02631578947368421,123,7,557.5237194634053,1,4.645396148729924,success
10,12,169,2,24,0.08333333333333333,170,7,362.9872210199015,0,3.6570833628689674,failure
11,13,12,1,20,0.05,299,11,399.49537975541995,0,8.806003316899574,success
9,33,42,1,46,0.021739130434782608,23,0,212.77645144540364,0,4.6261048139726135,success
10,36,29,1,49,0.02040816326530612,273,8,96.44045072998547,0,0.15619146778780313,success
5,219,9,3,15,0.2,115,1,380.3412517687522,0,9.360110206634987,success
8,40,117,0,18,0.0,199,5,332.8679939786704,0,9.743567750582923,failure
6,244,8,2,35,0.05714285714285714,249,11,134.11320935576268,0,4.380836209894255,failure
9,109,16,1,44,0.022727272727272728,79,3,127.29757595683215,0,4.417636338250528,success
11,133,9,2,38,0.05263157894736842,181,7,41.77601401760998,1,0.27335783240752903,failure
5,81,24,1,8,0.125,55,1,37.485919566330516,0,2.097683168543357,success
11,37,47,3,11,0.2727272727272727,105,2,948.6542776594702,1,1.289181971001903,failure
11,50,45,3,46,0.06521739130434782,54,2,543.2520402496673,0,7.976002870711391,failure
8,242,12,0,42,0.0,189,6,174.08039066434264,1,5.202812029297051,success
5,130,27,3,5,0.6,34,0,236.53727468681137,1,2.9645216252379996,failure
10,126,97,1,28,0.03571428571428571,75,3,220.33955823350007,1,9.253416780334156,failure
6,173,43,0,46,0.0,249,6,231.37643316683554,1,6.496578081937011,success
7,129,157,0,32,0.0,155,7,189.8139534656917,1,9.372849055523732,failure
5,34,89,2,28,0.07142857142857142,247,6,98.33221087297599,0,2.616980360379524,failure
7,45,73,3,17,0.17647058823529413,241,5,601.4637501104388,0,8.678072271285409,success
10,94,34,0,42,0.0,262,5,292.33721578642474,1,8.562771813772738,failure
12,286,35,1,14,0.07142857142857142,42,3,172.32222968349055,1,8.981596725851837,success
8,156,99,2,30,0.06666666666666667,254,11,547.8905462424781,2,8.192615378285133,failure
6,54,33,1,6,0.16666666666666666,169,5,413.29940184552197,1,8.080910682684026,failure
10,119,39,1,37,0.02702702702702703,55,1,531.0012788952665,0,8.505121029050041,success
5,37,31,0,32,0.0,186,4,379.64779944326546,0,8.969956121904225,failure
2,71,36,1,31,0.03225806451612903,111,3,184.27689556612552,0,4.295193847946791,success
5,134,26,3,10,0.3,57,0,258.6243397290446,0,2.2681675778642565,failure
5,169,123,2,21,0.09523809523809523,168,2,283.00286094012324,0,0.8140172443549193,success
12,47,2,1,37,0.02702702702702703,297,13,307.2492381822368,1,2.8238263206669485,success
15,59,27,4,19,0.21052631578947367,273,10,232.65147642775315,1,8.642953662656378,failure
9,171,54,0,7,0.0,282,11,263.5763828442351,0,9.971282553305521,success
7,70,39,1,14,0.07142857142857142,40,1,139.87419649143317,0,4.288384103235098,success
9,46,30,0,33,0.0,191,5,374.74811897639245,0,4.733016339592163,failure
11,152,12,0,11,0.0,154,2,158.3167041740318,0,3.9878049215816214,success
6,104,17,1,40,0.025,88,3,75.13485050575817,1,5.554136252785804,failure
7,106,37,0,48,0.0,166,6,173.45010964972926,0,4.832365311831497,success
5,17,68,2,26,0.07692307692307693,108,2,98.02872026584262,0,6.871452918721726,success
11,36,24,1,35,0.02857142857142857,28,0,164.73942989264023,0,2.8192691490521375,success
5,88,23,0,43,0.0,71,4,228.3383828205433,0,4.089630517272009,success
7,72,61,0,18,0.0,190,8,250.1607238508859,0,4.085681688597904,success
9,145,60,0,6,0.0,254,10,220.19846066861535,1,3.254945278979539,failure
7,91,9,1,10,0.1,290,4,209.8917394265309,0,8.002511388792893,success
6,32,221,2,23,0.08695652173913043,119,2,141.06904994554097,1,5.448685639972888,success
10,59,72,0,31,0.0,101,2,318.58638832982206,1,5.643930809270134,success
1,32,41,1,10,0.1,210,5,358.1820486838931,1,2.4874275071018075,success
10,169,14,0,6,0.0,297,6,412.9143425547483,0,4.297259648710818,failure
8,67,42,2,17,0.11764705882352941,218,5,113.3558958234297,0,3.512048034986952,failure
10,70,24,3,14,0.21428571428571427,80,2,485.01573489526754,0,9.086542296535699,failure
5,41,62,4,44,0.09090909090909091,209,3,123.17012818597313,2,0.474457587076511,success
9,26,73,2,9,0.2222222222222222,281,8,317.4241098057728,1,1.832824213988678,success
11,61,27,1,18,0.05555555555555555,32,1,469.48665302488723,0,6.63935428150229,failure
6,37,66,3,35,0.08571428571428572,203,2,185.79393053321255,0,6.0894470567500285,success
4,4,2,2,29,0.06896551724137931,253,9,95.68318727706969,0,7.175678533627072,failure
9,63,63,0,10,0.0,222,3,234.0455852485196,0,0.549683464723712,success
3,69,69,1,16,0.0625,33,1,180.839990843116,1,8.83734366570809,success
1,54,57,2,7,0.2857142857142857,56,6,282.44235445593887,1,9.31660281109154,success
10,29,153,1,27,0.037037037037037035,33,0,222.74231043331233,1,7.8402067702553335,failure
7,68,19,1,5,0.2,131,3,205.6731053171616,2,1.8301321290308945,success
10,74,30,1,19,0.05263157894736842,169,3,236.671780085013,0,7.909884216299552,success
6,36,12,1,44,0.022727272727272728,101,2,198.13207928111746,1,3.233945868980441,success
10,80,5,2,17,0.11764705882352941,171,7,167.95465658356156,1,1.6050657346822894,failure
5,31,14,0,42,0.0,299,13,185.5398044097815,1,0.9025304208170138,failure
11,237,15,2,18,0.1111111111111111,179,8,582.5760597463169,0,0.5668557482481933,failure
7,28,32,3,23,0.13043478260869565,201,7,309.1725373396529,2,8.439077931306347,success
9,6,46,1,13,0.07692307692307693,53,2,76.89626861200236,1,8.446508018801987,failure
8,52,2,0,32,0.0,136,2,338.69778606186435,0,0.42809302083962786,success
7,81,107,1,37,0.02702702702702703,146,3,350.2676490799387,1,7.184725243791336,failure
4,210,31,2,37,0.05405405405405406,223,6,331.24502517588394,0,2.615631892004714,success
10,67,9,0,49,0.0,60,0,249.97064618510248,1,2.3051211724735827,success
9,38,54,1,43,0.023255813953488372,53,3,289.82491486601157,0,5.663864090319761,success
8,110,72,4,37,0.10810810810810811,66,1,116.6724909190828,0,4.6332285933246204,success
10,64,31,0,8,0.0,39,0,291.7759717040137,0,1.9727308465441276,success
8,59,4,0,22,0.0,291,5,319.7725073312414,1,0.15618700219644394,failure
17,105,6,1,30,0.03333333333333333,125,8,226.7130587916082,1,3.2929931816095754,failure
14,99,129,1,29,0.034482758620689655,199,9,179.7458077974271,1,4.113752216940778,success
11,67,23,2,39,0.05128205128205128,187,10,126.09330293344505,1,4.804685310349326,failure
10,71,89,5,43,0.11627906976744186,20,2,104.4733180797414,2,4.141242222412312,success
14,157,31,2,22,0.09090909090909091,282,11,348.62570682816926,0,3.865763247026945,success
6,56,0,2,37,0.05405405405405406,242,6,46.80546317219667,1,9.636705582873807,failure
10,166,61,0,22,0.0,252,6,166.91870684931789,1,9.207407028774602,success
7,33,83,0,33,0.0,297,8,161.3633421855871,1,3.9729736757535683,success
5,60,74,1,45,0.022222222222222223,35,2,352.6345375055739,0,9.419789937075466,failure
4,105,42,1,12,0.08333333333333333,297,13,166.9484747939557,1,0.9624982853370234,failure
9,123,37,2,6,0.3333333333333333,281,8,292.0225450808067,0,0.22599481821498454,success
2,71,104,3,8,0.375,136,3,127.33871163755359,1,3.3752510139313774,success
5,94,48,2,19,0.10526315789473684,257,6,180.81807547295273,2,1.9342613798901171,success
6,85,54,1,12,0.08333333333333333,20,0,323.7676258814197,1,7.073808632610222,success
7,58,24,2,34,0.058823529411764705,21,0,108.01749473097944,1,6.30003052980419,success
4,187,6,1,43,0.023255813953488372,238,5,150.3053776610771,0,9.74733492669458,success
5,43,10,1,28,0.03571428571428571,89,2,241.55794311003757,1,7.563580508107885,success
8,222,52,0,45,0.0,213,8,125.28440012791283,2,4.008022290378475,success
4,18,58,2,16,0.125,56,2,390.17256980930017,0,2.7614537148864713,success
5,83,136,1,40,0.025,221,5,47.696916875118006,0,0.639803737637944,success
7,71,22,3,18,0.16666666666666666,36,1,287.3857555553809,1,2.7158147497960425,success
11,32,88,0,47,0.0,164,7,160.51583668989272,1,1.9049416376794306,success
11,214,9,3,36,0.08333333333333333,25,1,319.24986317869894,1,8.406949162994195,success
3,223,34,2,18,0.1111111111111111,231,3,334.0715047639337,0,3.325972954646,success
10,20,24,1,32,0.03125,293,7,158.12203560748543,0,6.868574071497848,success
8,20,49,4,47,0.0851063829787234,156,3,67.42770048357828,1,6.514187741704108,success
9,96,4,1,24,0.041666666666666664,51,1,344.6261546221143,0,0.6874524201375839,success
8,262,23,1,17,0.058823529411764705,164,1,256.37516280549744,3,0.3234333663989206,success
4,73,27,0,49,0.0,68,3,92.28086897980153,1,4.5060307400077235,success
5,161,26,1,21,0.047619047619047616,160,4,197.0256580762065,0,9.26547636764352,success
8,62,34,1,34,0.029411764705882353,20,2,207.68826315700358,3,6.428867639331217,success
8,275,185,1,44,0.022727272727272728,57,2,57.310991910648575,1,8.583168001341578,success
10,144,2,2,21,0.09523809523809523,255,14,300.67836112216287,1,0.5353846133764165,failure
7,21,87,2,36,0.05555555555555555,57,2,249.79235043788898,2,3.8456578229912197,success
6,119,11,1,48,0.020833333333333332,55,3,309.02814751822336,1,0.6827758423437045,success
5,68,58,1,23,0.043478260869565216,221,12,130.2033177405001,2,3.4759220590870634,failure
9,26,0,2,13,0.15384615384615385,118,3,263.25568333206786,0,2.9133558268456454,success
8,144,19,0,47,0.0,187,6,110.19641966794417,0,9.222612137681027,success
13,68,54,0,30,0.0,219,10,423.0846442849398,2,8.199879854160205,failure
7,73,51,1,5,0.2,202,6,249.7842492949977,1,8.083268411314007,success
8,56,27,2,23,0.08695652173913043,272,4,324.28334241990456,1,0.34638597447416397,failure
8,47,42,1,49,0.02040816326530612,21,1,49.73088008658303,1,5.127719287457425,success
6,236,38,2,16,0.125,109,6,207.87361622264234,1,1.0624114717414908,failure
12,239,111,4,48,0.08333333333333333,113,5,357.74473651109884,0,8.670330831307428,success
9,120,26,2,32,0.0625,84,4,82.64182043209283,0,4.576106029540575,success
9,71,148,0,49,0.0,113,1,316.4009860905745,2,1.0620014584926747,success
7,286,44,2,42,0.047619047619047616,32,1,277.37295124180946,0,9.83817091006759,success
10,119,85,3,35,0.08571428571428572,252,3,402.3420836875479,0,2.952213675105101,success
10,74,109,2,17,0.11764705882352941,168,8,57.407799982627644,2,2.0770718860398305,failure
8,42,25,1,47,0.02127659574468085,80,5,213.9484210761935,3,5.68917596531611,success
6,246,151,1,15,0.06666666666666667,59,5,431.11696429042433,1,4.8962788783523905,failure
10,91,80,3,16,0.1875,110,2,359.61424108723446,1,2.8174224974777746,success
7,215,16,1,27,0.037037037037037035,216,7,81.11009622581767,2,7.399638472097933,success
15,172,49,5,33,0.15151515151515152,32,1,54.81059767961008,0,2.9658653663241403,success
5,213,16,1,13,0.07692307692307693,223,7,371.6153849674351,1,3.5159543440258343,success
10,16,51,4,18,0.2222222222222222,52,1,292.7669521774157,1,7.0296387849923985,failure
5,200,46,3,36,0.08333333333333333,113,8,256.2687703541295,1,5.756972509471591,success
7,32,25,1,7,0.14285714285714285,67,4,358.06962751053317,1,2.9589343693468457,success
3,41,119,1,11,0.09090909090909091,153,5,339.57485587946735,1,9.235298187592091,success
6,129,36,1,10,0.1,194,7,62.952937669890744,0,7.216355148484128,failure
8,117,240,1,39,0.02564102564102564,256,9,76.50099101898084,1,3.092045972079509,success
5,107,19,2,31,0.06451612903225806,153,5,203.92955651381646,0,8.640273298143272,success
4,38,52,1,32,0.03125,165,6,118.21849701291688,0,3.1964364477005174,success
8,24,67,8,27,0.2962962962962963,229,9,471.0723682201976,1,9.758925049355653,failure
8,213,13,2,14,0.14285714285714285,30,3,124.67318913279964,1,9.089316974766907,failure
5,124,21,2,21,0.09523809523809523,253,10,637.2454585714137,0,4.070315806768523,failure
7,86,26,3,19,0.15789473684210525,216,4,380.2278055121423,1,6.66439026157329,success
8,247,42,2,18,0.1111111111111111,43,1,152.44447851727864,0,5.401828162126803,failure
10,177,27,0,15,0.0,85,3,285.9624477632374,0,8.186274930133555,success
7,190,73,3,33,0.09090909090909091,259,6,125.48189269274329,0,8.637798457950005,success
7,108,13,4,22,0.18181818181818182,245,7,545.734215943697,0,6.339906765746516,failure
2,19,29,2,30,0.06666666666666667,21,2,107.19922977772929,1,5.600303668753068,failure
8,30,36,1,29,0.034482758620689655,263,6,307.7688331564504,1,3.4599578480432016,failure
8,21,10,2,44,0.045454545454545456,159,4,198.24994332473213,1,9.010363555785062,success
8,56,54,3,47,0.06382978723404255,277,12,101.71910731408803,2,6.100771352296922,success
7,151,49,1,5,0.2,280,5,161.7913857120928,0,0.7685135209269125,failure
4,60,47,1,7,0.14285714285714285,135,6,236.3774726713188,1,6.718605131089461,failure
7,117,57,0,23,0.0,126,3,498.4115425891215,2,2.2076072112431486,success
9,50,35,1,15,0.06666666666666667,78,2,299.73077168712405,0,1.4996480531982732,success
13,83,59,2,32,0.0625,180,6,69.01647996854395,1,9.861318164334506,success
6,49,46,0,22,0.0,201,7,137.4454256015708,0,8.975838780563375,success
8,91,6,3,18,0.16666666666666666,122,8,190.3172374610244,2,7.304589414304847,failure
10,58,9,3,17,0.17647058823529413,224,3,663.4310646282453,1,5.91203519672408,success
3,52,111,0,23,0.0,38,2,275.0349576765348,1,3.9124024652729976,failure
7,110,36,1,48,0.020833333333333332,126,6,279.22227212034073,1,3.232694862911912,failure
7,9,51,3,36,0.08333333333333333,210,7,276.5678662263255,1,3.4315353197957026,success
14,131,48,2,47,0.0425531914893617,72,5,220.56912244273266,0,4.580981632381168,success
7,104,41,3,37,0.08108108108108109,56,1,149.68673083225534,0,3.4860401638833127,success
13,165,158,3,10,0.3,62,3,180.2115605889607,1,2.324911201459825,failure
4,101,57,0,34,0.0,198,7,90.44703600516908,1,9.132025920050932,failure
5,166,25,1,14,0.07142857142857142,66,0,416.7053572753932,2,7.612441297851302,success
9,86,110,3,34,0.08823529411764706,77,2,248.89764421700616,1,6.44778446376948,failure
13,32,34,3,13,0.23076923076923078,253,6,78.53627623376171,0,4.4828866520646145,failure
10,59,53,2,10,0.2,150,4,264.9682314169888,0,8.062945681384717,failure
8,130,44,2,49,0.04081632653061224,90,5,55.69841366084861,0,1.694083456768279,success
7,107,110,1,10,0.1,274,9,168.86590842924295,0,1.4789319554097207,failure
5,42,38,0,24,0.0,43,1,364.2829357588983,1,9.545186860243774,success
8,69,32,0,21,0.0,121,4,317.45937845340507,0,9.429409782794595,success
7,132,62,1,6,0.16666666666666666,170,5,168.70138033981843,1,6.717966603598927,success
13,59,79,3,6,0.5,191,5,297.01839723200743,2,4.709732418299887,failure
10,137,108,1,14,0.07142857142857142,210,5,314.4774105255799,1,8.907509097142672,success
5,53,54,1,5,0.2,142,5,125.8599943606319,0,7.423875225325749,success
10,39,80,1,38,0.02631578947368421,293,11,294.46887563296883,1,7.711016428026724,success
13,26,85,1,40,0.025,274,8,208.16559212599788,2,6.5412700640495824,failure
7,124,34,0,44,0.0,187,2,254.96654581692246,0,9.225174420197911,success
8,47,32,0,24,0.0,103,3,534.1882747297482,2,3.1789575912077614,failure
4,104,19,1,36,0.027777777777777776,241,8,159.3959188232718,0,2.737576452583542,success
9,26,14,1,21,0.047619047619047616,261,8,406.26740473388844,1,5.9219898539274665,failure
6,54,13,0,43,0.0,144,3,224.41293288024292,1,3.570924994926572,success
10,77,13,4,26,0.15384615384615385,89,5,168.70986999637867,1,0.6594518427323033,failure
7,142,49,0,9,0.0,292,8,367.1922087720373,1,9.623507929665726,failure
8,19,2,1,5,0.2,200,8,149.15143549197825,1,9.045244876919122,failure
6,51,86,3,35,0.08571428571428572,142,5,321.86966825901754,0,0.2031668871935816,success
8,101,27,4,22,0.18181818181818182,272,10,131.76637521037304,1,8.69460434955144,failure
13,123,30,3,9,0.3333333333333333,226,10,136.5471974700101,0,5.226927710784009,failure
4,43,32,3,29,0.10344827586206896,44,0,361.73205310124945,2,5.100145213759712,success
8,161,59,1,11,0.09090909090909091,63,3,127.03178866535534,0,1.7570718592917447,success
2,56,68,2,18,0.1111111111111111,59,2,182.78999035465435,0,2.0472516639409317,success
7,37,5,2,11,0.18181818181818182,228,7,125.16906700779195,0,2.8810899712867504,failure
7,23,63,0,34,0.0,63,2,471.7584759897443,1,5.605914197645765,success
8,136,26,4,21,0.19047619047619047,132,3,216.9659669036883,2,4.87947426007134,failure
8,195,18,5,17,0.29411764705882354,182,6,215.519598588348,0,2.83477542092436,success
4,105,4,1,28,0.03571428571428571,158,4,425.0268629418293,0,8.079721611808946,success
10,269,5,0,40,0.0,191,9,171.68346964716864,0,3.581002361706474,success
10,55,15,0,16,0.0,39,1,395.9050013843008,1,2.0491324434660214,success
5,90,29,1,22,0.045454545454545456,147,3,92.85317128075253,0,4.193803456336345,success
5,75,11,2,27,0.07407407407407407,124,2,245.1740771016675,0,7.088391405207488,success
4,8,112,2,26,0.07692307692307693,52,2,370.286969713209,0,3.3042017998316524,failure
6,17,5,2,29,0.06896551724137931,183,6,106.60963122689887,0,3.2539030247604415,failure
7,44,22,3,48,0.0625,192,5,204.57886053416516,1,1.246329904736111,success
7,181,76,3,29,0.10344827586206896,102,1,187.32668490231512,2,1.10619713424041,success
8,62,58,3,40,0.075,54,2,134.14584979817465,1,3.000251761672668,failure
7,226,8,1,25,0.04,106,2,581.737588424201,0,7.22395135527305,success
6,45,86,0,33,0.0,254,11,198.5780927971773,0,5.424642663533222,success
9,251,69,1,12,0.08333333333333333,53,2,267.0100639461865,0,8.266925147551634,failure
8,32,27,0,9,0.0,155,7,183.71107181986156,2,7.211044615457306,success
10,27,8,2,6,0.3333333333333333,213,12,104.49582124209411,0,6.413150714313283,failure
7,127,4,3,27,0.1111111111111111,108,2,337.9342136279566,0,1.5132319703948744,success
6,11,20,0,6,0.0,236,7,337.310839287697,0,9.158206669562201,failure
12,18,15,2,26,0.07692307692307693,64,1,350.86340451665666,1,0.39418236156993924,success
9,121,101,2,25,0.08,297,5,118.37720463232412,0,9.579616591331297,failure
6,261,30,2,48,0.041666666666666664,266,7,435.98413865344435,1,8.05449875378196,failure
7,182,67,2,21,0.09523809523809523,161,4,243.5607942032798,2,2.5976288015483715,success
8,99,34,2,44,0.045454545454545456,199,4,161.82751338953264,0,9.856431891921618,success
6,111,16,2,35,0.05714285714285714,131,6,275.3090677968996,0,4.538393695942735,success
6,70,52,2,29,0.06896551724137931,254,6,154.34802985354412,1,8.065461760025821,failure
13,27,12,3,11,0.2727272727272727,67,3,154.91348837333638,0,9.328320660867398,failure
5,84,116,0,29,0.0,261,4,121.16777925587967,1,5.026667861389545,success
6,43,14,1,22,0.045454545454545456,262,3,219.6797028656348,1,6.238308380187364,success
6,124,129,2,36,0.05555555555555555,198,13,187.91716254425154,1,6.5818196631640875,failure
8,208,114,3,12,0.25,160,2,120.83708892017336,0,5.876226129962727,success
8,27,71,0,18,0.0,258,10,99.40097894337569,1,1.9379686156257698,failure
10,12,56,1,10,0.1,199,6,122.86998448451256,0,2.9900046821742934,failure
15,320,68,2,27,0.07407407407407407,70,2,378.8842092020437,1,1.161729075796329,success
6,192,28,1,19,0.05263157894736842,195,2,305.81007211904983,2,4.413197074884405,success
5,10,48,0,26,0.0,189,5,221.35849589998463,0,1.9341952531555089,failure
11,151,57,2,40,0.05,246,11,168.0999684848891,0,1.8344986522769842,success
6,75,29,1,7,0.14285714285714285,24,2,178.1882906760578,0,1.2425374109309382,success
10,212,35,1,49,0.02040816326530612,251,8,289.8891070621938,0,4.289893083153322,success
6,122,57,1,48,0.020833333333333332,272,9,706.3788843369522,1,1.0166398906624443,failure
6,137,20,3,13,0.23076923076923078,182,5,126.86077526008545,1,7.322333792269628,failure
7,151,68,0,9,0.0,93,4,486.62578431424356,0,9.011093553066182,failure
8,5,29,1,16,0.0625,47,3,196.74984045978144,1,3.2014009052069836,failure
8,133,46,3,33,0.09090909090909091,118,5,502.8566770991895,0,8.410239631184972,failure
7,207,25,0,5,0.0,36,1,352.9386041365935,0,5.930651924399718,success
10,91,107,4,37,0.10810810810810811,222,7,301.16044981281624,0,4.118212372447093,failure
6,28,8,1,25,0.04,183,4,238.76023306088612,1,8.141086621718468,failure
9,69,3,2,25,0.08,56,5,99.12954830048956,0,7.899311638507652,failure
10,63,80,0,31,0.0,165,8,246.8483475210149,1,9.409264675233139,failure
13,94,87,1,6,0.16666666666666666,175,9,224.17269979699924,1,9.412293018521355,success
7,239,62,2,12,0.16666666666666666,84,1,157.45307868663394,1,7.002543648193655,failure
9,65,31,2,16,0.125,178,6,163.08472093979123,1,9.1342819690273,success
8,43,27,0,26,0.0,135,5,552.7139128392757,0,0.6428446247567813,failure
10,180,29,1,13,0.07692307692307693,59,1,216.99587918985463,0,1.9786650587602919,failure
6,45,75,0,48,0.0,159,7,227.6241772563501,0,3.131265192763678,failure
12,81,64,0,42,0.0,208,8,235.8064148242487,1,7.948619722850211,success
11,182,11,2,33,0.06060606060606061,129,5,193.45981264762403,2,0.5259393574045022,failure
6,51,54,3,7,0.42857142857142855,172,1,89.80262699475261,1,7.603396761391921,failure
8,152,7,3,26,0.11538461538461539,113,8,243.38495487869477,0,6.73807083155506,failure
8,68,16,1,8,0.125,157,6,375.1173329683913,0,8.7910277120835,success
5,21,3,1,33,0.030303030303030304,34,3,153.51975211026777,2,0.5673163388752736,success
7,120,89,1,45,0.022222222222222223,166,2,452.3492915469745,1,6.252324371078668,success
10,100,11,1,17,0.058823529411764705,87,3,511.10002347149054,0,1.0886904002810551,success
5,102,5,0,28,0.0,162,6,81.64447982909394,1,0.6582697267446025,success
10,22,15,0,6,0.0,248,4,352.34719882061967,1,9.481002454372721,success
6,111,140,0,7,0.0,290,5,262.9742711532622,1,2.3016392844725093,failure
8,114,22,3,19,0.15789473684210525,116,5,121.87244120415258,1,1.9723299916160375,failure
6,221,19,2,28,0.07142857142857142,32,2,252.37796518723047,1,8.75975988678303,failure
10,108,74,0,30,0.0,228,10,177.20624905094857,1,3.193931836511019,failure
5,44,35,0,12,0.0,78,3,263.11205140105324,1,8.487818401970365,success
10,166,63,1,44,0.022727272727272728,288,7,221.31559281126263,0,6.734815156567194,failure
12,250,14,1,9,0.1111111111111111,76,5,200.86503745854625,2,1.9768473315482182,success
7,133,18,3,12,0.25,201,4,256.1007329391647,2,5.243712737585145,failure
10,78,93,0,43,0.0,119,5,256.5505012266266,0,6.642837639026755,success
9,23,100,3,36,0.08333333333333333,288,9,182.18329741745188,1,7.255981248362738,failure
8,72,87,1,35,0.02857142857142857,299,6,74.65155086715934,3,4.8713265273779465,failure
5,168,41,0,12,0.0,75,5,175.60999931996793,0,3.615354719588339,success
10,64,38,4,21,0.19047619047619047,277,9,120.64877679589534,0,9.493873400142098,failure
9,20,25,2,27,0.07407407407407407,99,1,125.6216211022024,1,4.232613990674263,failure
11,126,40,2,43,0.046511627906976744,208,5,191.80419619802083,0,6.951509500670648,success
12,82,47,1,17,0.058823529411764705,215,8,176.8452342608438,2,8.386894509370311,success
11,54,68,0,48,0.0,152,5,180.59474674029678,0,1.7714937656151075,success
3,41,41,4,19,0.21052631578947367,36,0,152.63076107617476,0,4.880984576654284,success
9,61,10,2,49,0.04081632653061224,167,5,130.1994116088134,1,5.565940054629376,failure
6,31,26,4,32,0.125,187,4,192.50197086887806,1,5.7436486737636825,success
11,102,2,2,34,0.058823529411764705,112,3,257.9619891835884,0,1.5753977504667298,failure
6,40,105,1,19,0.05263157894736842,101,2,122.73924908458052,0,0.35644435210949277,success
7,9,93,0,42,0.0,187,5,118.0974643405317,0,6.684177446500913,success
9,144,42,2,12,0.16666666666666666,228,9,142.28508946089858,0,6.2519770262141465,success
9,114,51,3,19,0.15789473684210525,65,1,250.94330637882848,1,7.031930197080946,success
8,69,51,4,42,0.09523809523809523,231,1,215.1281385811491,1,2.308086200454713,failure
6,28,24,1,43,0.023255813953488372,21,0,124.6042127940193,1,3.44344127693361,success
6,223,5,0,38,0.0,71,4,414.50999312183893,0,5.74705494227603,failure
7,153,52,2,40,0.05,25,0,383.2454964787737,1,0.6711013029219108,success
6,20,62,3,24,0.125,167,6,115.26256568601733,0,2.1443262586285385,failure
8,102,27,4,48,0.08333333333333333,131,1,294.8251125734651,1,8.81987676816378,failure
8,51,31,1,17,0.058823529411764705,165,3,76.91318451015887,1,1.6265136151959632,success
10,38,20,1,48,0.020833333333333332,122,4,215.72280315835263,0,1.7254612462294758,success
11,188,1,3,49,0.061224489795918366,41,2,330.3680081124732,2,7.238872910936487,failure
5,166,24,3,25,0.12,33,2,78.72156835464072,2,8.8464032868953,failure
7,38,149,1,27,0.037037037037037035,25,1,579.3140579649967,0,9.71246376210145,success
7,72,121,4,7,0.5714285714285714,296,11,191.65796032655768,1,8.37949381260321,failure
6,57,42,2,26,0.07692307692307693,283,6,289.4033441710325,1,7.152263340613476,failure
10,46,115,1,33,0.030303030303030304,293,10,150.26805905651779,1,8.873787109419771,success
9,93,28,0,44,0.0,217,6,152.00407310044537,0,5.061857858979944,success
13,31,60,1,34,0.029411764705882353,138,7,216.80645235565134,0,2.9846378434650167,success
5,25,6,0,28,0.0,201,7,345.7819736337757,0,7.229700443120014,failure
6,68,54,2,29,0.06896551724137931,182,6,231.9566497204824,0,4.1269107813433115,success
7,61,49,1,16,0.0625,200,6,143.85963466511984,0,3.8251236862425286,success
18,16,65,0,24,0.0,204,8,126.50947622809622,1,4.31534769843101,failure
7,164,28,3,37,0.08108108108108109,92,0,503.92057729229634,0,6.288248511488909,failure
9,321,7,3,43,0.06976744186046512,99,5,238.0029118070789,0,9.032734375846024,failure
9,197,13,1,26,0.038461538461538464,222,2,192.53359521881984,0,9.525006095545143,success
5,22,21,2,23,0.08695652173913043,67,2,348.73546128595484,1,6.577549130918043,success
4,183,13,2,36,0.05555555555555555,298,9,289.31223603728074,0,0.45606244647620087,success
9,29,79,2,30,0.06666666666666667,201,5,185.8828516906538,0,4.133790982718102,success
8,115,30,2,48,0.041666666666666664,81,1,71.70987391568191,2,1.38527834022337,success
1,57,23,2,11,0.18181818181818182,205,3,465.185888860536,0,5.626417246739701,success
7,132,22,3,12,0.25,231,9,371.4083733626647,1,4.015288374856343,failure
5,77,41,4,15,0.26666666666666666,179,3,149.33013020456957,2,7.401683008157139,success
7,154,44,1,44,0.022727272727272728,69,3,79.2544314550642,0,6.0512326088710875,success
9,200,98,0,20,0.0,141,10,218.4352650250779,0,1.9103734752096164,success
7,89,94,3,13,0.23076923076923078,153,5,524.6916539161796,1,1.619938245018169,failure
4,44,22,2,45,0.044444444444444446,224,3,123.70125315920815,1,1.091285690417577,success
7,113,27,6,8,0.75,172,5,163.5754497688282,2,7.451559782457971,failure
2,350,41,2,15,0.13333333333333333,245,10,288.7797311242214,0,3.388389272343986,failure
7,33,31,5,14,0.35714285714285715,76,5,212.21426321105506,0,4.459186514006248,success
8,33,44,1,33,0.030303030303030304,173,6,236.5376401485387,0,4.33576987904079,success
6,63,13,0,45,0.0,133,3,550.6462458356868,2,6.623930181612378,failure
7,67,33,0,9,0.0,25,0,304.7750621838858,1,0.5563612986223532,success
3,72,51,2,7,0.2857142857142857,115,5,113.69206235470512,2,3.6132642656355376,success
8,197,26,1,17,0.058823529411764705,78,3,540.1066549363634,0,1.0587274041591763,success
7,127,49,1,20,0.05,30,1,124.82128523909672,0,0.5801028008382352,success
7,114,39,3,45,0.06666666666666667,66,0,374.4389098764295,2,0.9087085924007908,success
10,85,30,0,12,0.0,285,10,348.8607764662685,0,4.271216202038841,failure
6,45,66,1,32,0.03125,186,6,150.5326255654125,1,6.970940087653439,success
6,64,35,2,28,0.07142857142857142,167,1,259.9290576407463,0,4.683924375011734,failure
9,55,56,3,42,0.07142857142857142,65,2,240.96641314104207,1,2.5221186615540274,success
4,85,10,2,6,0.3333333333333333,88,1,151.82392930205995,2,6.5469908984686676,failure
5,24,114,2,10,0.2,93,4,129.42665389082148,1,2.1005427024090255,failure
6,31,16,3,23,0.13043478260869565,82,3,47.207980245605455,0,3.8482746413155797,failure
13,29,47,1,22,0.045454545454545456,179,2,273.432764588664,2,9.524346178054492,success
6,15,7,1,42,0.023809523809523808,187,6,409.00227179690165,0,8.310708882565038,failure
9,158,40,0,28,0.0,187,8,322.7852224287032,0,9.14402586278459,failure
2,149,12,1,43,0.023255813953488372,111,5,236.9565952906104,1,1.6663245641456494,failure
5,72,51,0,24,0.0,297,5,196.7896611420845,0,6.2456073423133915,failure
8,81,48,0,28,0.0,224,3,157.47281853775237,0,3.1684259552661787,success
4,25,73,2,6,0.3333333333333333,46,2,145.54806137616745,1,8.182789525403594,success
9,374,42,1,40,0.025,177,4,155.3355470945744,1,4.599629931178852,success
6,88,38,1,20,0.05,48,2,210.67592531427238,2,7.390665299863841,success
9,94,10,0,39,0.0,182,6,154.45851305423844,0,3.1860829951807803,success
4,112,58,3,11,0.2727272727272727,56,2,214.49487023581574,0,0.7791027644684816,success
5,169,77,2,34,0.058823529411764705,173,4,333.3814422438549,1,7.546648202252425,success
3,118,20,0,39,0.0,23,0,171.95521534912422,1,6.060812829072885,success
9,87,18,2,43,0.046511627906976744,118,4,252.4460384813687,1,8.67932806105417,failure
9,79,76,2,47,0.0425531914893617,207,6,204.67589366825555,1,1.2446852681925897,success
7,29,17,0,20,0.0,267,7,103.92933411302126,0,9.699431915802514,failure
9,171,68,3,20,0.15,29,0,511.23047150251216,1,9.138837482030517,success
16,118,41,2,28,0.07142857142857142,49,3,271.19384747494354,0,6.5600725570418374,failure
11,89,49,0,18,0.0,94,2,245.60386729213545,1,5.302668917571043,success
8,63,29,0,20,0.0,163,2,108.79563428285218,1,4.051507150650344,success
10,71,118,3,36,0.08333333333333333,137,5,154.34638814432523,0,1.0348703162048063,failure
7,76,74,1,11,0.09090909090909091,59,2,132.0450227003327,1,9.294966639503892,success
11,47,10,2,29,0.06896551724137931,20,0,255.85621737211397,2,2.0317517429532232,success
6,141,49,2,27,0.07407407407407407,282,6,480.16242132595573,0,3.6350994232409284,failure
8,42,14,2,6,0.3333333333333333,21,0,324.3814572521644,0,1.9389594756096162,failure
5,154,16,1,13,0.07692307692307693,292,5,271.896967305303,0,2.686149056379878,success
12,128,16,3,41,0.07317073170731707,158,3,130.12644638103276,0,3.986162971089082,failure
8,80,46,3,46,0.06521739130434782,102,6,259.2759040508879,1,6.998304637475541,failure
12,23,136,1,36,0.027777777777777776,289,6,97.87584378949143,1,8.130136040290912,failure
7,95,66,1,47,0.02127659574468085,98,2,207.81053564415265,0,0.6767727724996369,success
7,62,16,0,26,0.0,206,4,122.1445133934654,1,8.171666280521434,failure
9,143,112,0,22,0.0,207,10,383.35245650597005,0,7.951801152097275,failure
11,85,77,4,46,0.08695652173913043,52,3,270.50314325805164,0,1.4356363586293337,success
8,137,19,2,27,0.07407407407407407,149,1,192.53062164464484,1,2.816749897597831,success
16,27,32,2,13,0.15384615384615385,21,2,221.68200575214584,0,0.9329106359108988,success
13,76,84,2,31,0.06451612903225806,79,1,318.34938510051404,1,4.89512273467074,success
6,29,102,1,38,0.02631578947368421,141,4,249.6818040115715,1,9.690368865082112,failure
5,39,24,2,13,0.15384615384615385,101,3,427.4577141373758,2,8.777506579267992,failure
7,103,4,0,25,0.0,177,5,93.82654879854633,0,8.752798955352501,success
13,30,69,1,21,0.047619047619047616,232,4,176.7156875834491,2,1.359729152207176,failure
9,30,76,3,9,0.3333333333333333,137,6,163.5102755624388,1,9.02279038846137,failure
9,92,2,3,18,0.16666666666666666,86,3,79.31893190774039,1,0.2993751780634329,success
10,31,40,0,22,0.0,164,9,103.36020227959554,0,7.647294547271836,success
9,176,151,1,28,0.03571428571428571,92,2,193.03451834802925,1,3.06532047071717,success
9,13,60,1,13,0.07692307692307693,180,5,128.66146967718024,0,5.0675964547968455,success
8,187,24,1,35,0.02857142857142857,76,2,271.97353722255735,0,7.364522206826898,success
10,129,43,2,25,0.08,245,4,166.98551650794488,0,6.507642394868851,success
4,20,29,0,39,0.0,201,2,369.2560384215659,0,3.416028715450853,success
8,50,3,1,30,0.03333333333333333,27,1,282.69436081402347,1,8.193510523561608,success
8,242,17,0,21,0.0,290,7,246.8174302357712,1,6.555955525081087,failure
4,94,48,1,8,0.125,146,4,408.92022824392075,0,8.452858410674331,failure
4,75,20,2,11,0.18181818181818182,178,10,378.9620159436894,1,3.7269499401044213,success
5,267,9,0,7,0.0,83,0,177.510500016205,1,1.2621573044372223,failure
6,139,51,1,45,0.022222222222222223,24,1,642.2429571465279,0,3.7820892030491056,success
9,69,134,2,35,0.05714285714285714,189,6,693.714028868285,0,4.995637473152277,failure
6,113,21,2,25,0.08,199,14,258.460175323872,0,1.5254878200290332,success
9,51,34,2,18,0.1111111111111111,200,8,166.28731858338426,1,5.660559994220421,success
10,90,13,1,48,0.020833333333333332,32,0,150.13155407173352,1,6.647425465838762,failure
7,186,33,2,31,0.06451612903225806,231,4,429.4200769940428,1,0.12555076919566988,success
10,73,19,2,42,0.047619047619047616,134,1,195.2761901400994,1,5.594334991660783,failure
8,88,39,1,27,0.037037037037037035,55,1,49.45507883359345,0,1.3666318068404915,success
11,41,22,1,14,0.07142857142857142,46,0,214.77308719807814,1,1.5116509874172197,success
5,184,119,3,25,0.12,248,4,80.57647441493607,0,3.830873455812863,failure
7,74,116,1,7,0.14285714285714285,146,4,184.4195823208594,1,1.0192590899512095,success
3,51,21,1,15,0.06666666666666667,116,7,244.77193601831758,0,5.763798848764293,success
4,49,42,3,17,0.17647058823529413,112,5,357.51851025143895,0,7.397905977235291,success
8,175,16,1,13,0.07692307692307693,110,2,254.43506958485222,0,3.3316324820986036,success
8,82,69,2,19,0.10526315789473684,279,11,152.40792572764067,1,9.356770005786842,success
6,149,64,1,6,0.16666666666666666,222,12,312.9091793548795,0,7.137041407464681,failure
8,51,25,2,28,0.07142857142857142,236,10,200.25029212368685,0,9.891083848417844,success
12,105,35,3,17,0.17647058823529413,139,4,59.99047493806053,1,6.107158804815585,success
9,172,33,2,28,0.07142857142857142,152,3,91.20802999130773,0,4.662198109218524,success
10,206,17,1,27,0.037037037037037035,70,3,401.4637015330669,1,7.663503209675252,success
3,85,17,0,38,0.0,85,4,276.3835880189963,2,4.006704774901607,failure
12,87,56,2,7,0.2857142857142857,59,1,418.9942554392772,1,0.10785956314295181,failure
8,148,57,0,18,0.0,139,3,123.28267237934982,1,2.209113065781033,success
6,72,111,2,30,0.06666666666666667,228,8,165.9519652829852,0,2.137664637319207,success
8,118,12,1,5,0.2,201,9,187.97632432271288,1,4.942108925995572,failure
12,128,132,1,33,0.030303030303030304,222,2,155.67677579723698,0,7.145139969880597,success
9,18,57,1,16,0.0625,28,3,236.62127152695248,0,5.613040977096092,success
3,149,8,2,9,0.2222222222222222,286,6,525.1979290508319,2,1.1214284101495826,success
4,184,27,0,45,0.0,248,6,176.6547238886964,0,2.679192449629959,success
6,67,42,1,11,0.09090909090909091,89,0,346.9113832921918,1,1.4524597710867573,failure
8,164,8,0,39,0.0,49,0,266.6729396392787,0,0.8873903715595274,success
5,84,69,2,11,0.18181818181818182,112,2,237.35072634898324,1,1.6512995064345863,success
13,149,23,2,29,0.06896551724137931,242,8,156.54142467556628,1,5.2461937420132605,success
8,60,21,0,36,0.0,137,7,124.12705638300929,1,7.581932649597399,success
3,65,94,0,32,0.0,270,4,569.7919128287226,1,4.03014944476901,success
14,31,24,1,47,0.02127659574468085,195,6,123.96971835916092,0,2.0878185806000737,success
7,93,74,3,30,0.1,228,6,389.77424133670854,2,4.360048547476349,failure
7,68,41,1,14,0.07142857142857142,285,16,378.3386364117391,0,3.366369477914522,failure
15,16,70,1,37,0.02702702702702703,160,3,149.9647339256119,1,0.5422289716795063,success
7,178,31,3,13,0.23076923076923078,79,2,68.59310313910831,1,9.233086778365548,success
5,252,43,1,39,0.02564102564102564,298,4,469.1638707329908,1,0.20510061579792505,success
7,114,98,1,10,0.1,139,7,233.59465587524616,0,0.5079593928170762,success
8,171,47,2,22,0.09090909090909091,170,6,128.5542812807786,0,3.0741624941616648,success
11,41,16,0,8,0.0,220,7,147.08315213753158,1,7.79017554012877,success
9,64,24,1,23,0.043478260869565216,117,1,347.54138610668673,1,4.93978574540707,success
9,118,67,4,10,0.4,45,0,407.4858892606407,0,5.161455257484939,failure
8,92,24,0,37,0.0,87,4,137.505692743382,1,6.209067428635066,failure
6,64,7,1,8,0.125,97,3,151.04641869996254,0,0.4976301508787152,success
14,352,42,1,37,0.02702702702702703,277,6,592.5489267556147,1,9.592139489862436,failure
10,36,18,1,8,0.125,89,3,285.5098248717689,2,5.540105357196838,success
7,335,38,1,25,0.04,123,8,70.23954550020527,3,8.254347922119637,failure
7,119,23,5,32,0.15625,170,2,210.8108008979732,1,4.347868545669361,success
7,92,49,2,11,0.18181818181818182,84,6,112.71272610982177,1,4.41472684180453,success
13,71,132,2,12,0.16666666666666666,269,10,188.24221586941377,1,1.7667943521235985,success
10,39,152,0,39,0.0,73,1,373.7757462300309,1,3.6643967055955304,success
3,44,26,3,16,0.1875,254,10,89.8610265260634,0,1.9306282084986424,failure
13,219,38,2,23,0.08695652173913043,212,8,514.2715400303283,0,9.135882333312631,failure
7,313,44,3,46,0.06521739130434782,200,6,377.25653995133166,1,3.3517157518478036,failure
14,60,17,0,42,0.0,277,10,168.1601415283158,1,4.055221078970789,failure
5,72,5,0,22,0.0,40,0,254.0131383195216,0,1.4283477536802585,success
6,200,100,1,32,0.03125,91,4,369.8477086304627,2,9.922748180375816,success
13,54,82,0,42,0.0,176,6,250.85095941339918,0,5.7572506107665475,success
6,12,7,0,36,0.0,257,6,111.57622868923849,0,5.787593034481361,success
5,33,94,3,34,0.08823529411764706,72,3,246.24287174030397,1,1.5406579109357543,success
9,57,41,3,36,0.08333333333333333,151,5,156.51591605314977,0,6.8245830309819775,success
9,72,44,1,26,0.038461538461538464,214,5,177.221181879034,0,6.842943245649666,success
9,55,94,2,9,0.2222222222222222,23,0,144.8825128598324,0,9.051341699983928,success
8,88,28,2,47,0.0425531914893617,110,3,304.7754939331786,1,2.908342399889042,failure
7,48,27,0,11,0.0,129,3,157.34762429042078,0,8.71073121400316,success
9,129,95,2,13,0.15384615384615385,202,8,237.09246281075127,0,4.492375067108711,success
6,193,2,1,7,0.14285714285714285,47,1,255.78414315937633,1,2.3291775398364405,failure
6,37,10,0,23,0.0,142,5,496.9756585232381,0,6.64130650998044,success
5,73,79,0,48,0.0,79,2,326.63068026585233,0,0.423098665497199,success
7,49,87,1,22,0.045454545454545456,264,4,437.3398213467579,0,8.594484506886468,success
7,144,15,3,34,0.08823529411764706,151,5,129.83109173538296,0,0.7472798362477646,success
10,35,78,2,41,0.04878048780487805,118,6,254.50961048359542,0,4.047259902357173,success
7,139,76,3,12,0.25,88,3,77.44703930443443,0,1.5189848713365857,failure
8,69,46,3,33,0.09090909090909091,261,9,213.6851901657102,0,4.758493935069895,failure
9,275,38,2,48,0.041666666666666664,48,2,312.7696269121696,1,9.578805372454974,success
5,140,23,0,21,0.0,268,8,158.13488538572608,0,1.5121542270613058,success
13,210,21,3,23,0.13043478260869565,36,0,480.1855133041844,0,1.1643529614641752,success
10,212,4,2,18,0.1111111111111111,178,8,233.3889619943041,1,2.059266119466303,failure
12,54,21,2,20,0.1,287,11,275.99247801544357,1,9.390898721013372,failure
4,113,45,1,19,0.05263157894736842,119,6,329.14899579575774,1,2.8835126303579512,success
9,186,6,1,40,0.025,30,2,316.03467627919065,0,6.109473844242789,success
8,134,61,2,22,0.09090909090909091,177,3,240.5246499207324,1,2.9570551902257116,success
7,5,28,1,44,0.022727272727272728,286,8,247.0965917858533,0,7.224045775298264,success
6,23,37,0,41,0.0,281,6,65.57466015370706,0,6.348494989860158,success
9,51,61,2,35,0.05714285714285714,202,4,186.6680864061432,0,9.60026030754974,success
5,19,22,2,44,0.045454545454545456,124,5,256.1854362536563,1,3.355597205866781,failure
8,287,45,1,17,0.058823529411764705,25,1,389.87963511542614,0,3.1944063109249785,success
9,277,53,0,13,0.0,122,1,164.98777563045778,1,7.813792855433512,failure
6,39,55,2,42,0.047619047619047616,37,1,265.51194354463655,0,1.6660537176019372,failure
12,92,55,4,11,0.36363636363636365,162,11,455.9566581695566,0,7.308317314941812,failure
10,38,11,1,37,0.02702702702702703,200,4,349.86717595242357,1,7.743878536837349,success
5,121,16,0,28,0.0,247,7,232.45013255408426,0,8.598013918585599,success
9,54,60,1,40,0.025,106,3,227.4838820972325,1,6.929317254257355,success
8,61,16,1,31,0.03225806451612903,55,1,327.72831431001794,1,1.7535984245978575,success
6,308,39,4,47,0.0851063829787234,236,12,183.71349580445178,0,3.4259223228739706,failure
6,116,48,2,14,0.14285714285714285,28,1,381.1603065680572,0,0.6530286471884252,success
7,183,8,0,17,0.0,120,2,196.03607438666882,2,7.552557895269717,success
8,154,13,3,26,0.11538461538461539,171,5,134.89710883982562,1,6.942333973885601,success
4,108,54,0,49,0.0,208,5,179.72359376965073,0,5.197177575645677,failure
9,37,65,1,10,0.1,222,4,304.0520431956106,0,9.788948343889393,success
8,3,54,3,25,0.12,147,3,263.20816586455874,1,3.2660458315474106,failure
8,75,4,1,31,0.03225806451612903,271,8,213.17859379997358,0,8.915400814501782,success
8,57,7,1,48,0.020833333333333332,124,1,153.19168449389315,0,1.8993879469565853,success
12,19,28,1,38,0.02631578947368421,50,0,143.17633767632037,0,9.555133765400102,success
9,94,6,0,10,0.0,119,4,138.33163514769075,1,2.9592295964030786,success
7,39,17,2,11,0.18181818181818182,244,7,258.09371777120816,1,8.081827379906477,failure
5,288,167,1,39,0.02564102564102564,162,3,130.63229086442084,1,1.211586339695363,success
5,84,92,3,34,0.08823529411764706,213,8,201.33272938103443,1,4.150850231743424,success
4,7,14,0,15,0.0,146,2,307.1420044443193,0,9.662485687756162,success
8,123,5,2,34,0.058823529411764705,274,6,653.9777874097456,0,3.181336117771786,failure
13,129,48,0,25,0.0,46,0,243.72534454257251,0,7.82735947212572,success
6,95,21,0,45,0.0,163,6,184.70088358383535,0,4.8959670998058895,success
11,148,60,2,15,0.13333333333333333,86,3,234.783625716446,1,6.092693777987401,failure
11,86,33,3,10,0.3,46,0,330.2675038711065,1,6.025598399790417,success
11,50,182,1,23,0.043478260869565216,205,6,70.7183723836825,1,5.745308270681155,success
3,172,43,2,29,0.06896551724137931,171,6,121.1346838630388,0,4.885392742110223,failure
8,26,49,2,36,0.05555555555555555,90,0,299.59759498902514,1,1.9870070645604407,success
6,150,118,1,31,0.03225806451612903,102,4,314.65365275361074,0,0.22123910698447039,failure
9,35,4,2,16,0.125,152,3,64.65427066563187,2,6.805895135978741,success
7,220,83,1,17,0.058823529411764705,186,3,186.3637635286059,0,7.0891399390903675,success
10,53,86,3,9,0.3333333333333333,210,9,96.53051391184799,1,7.761170875471908,failure
6,60,41,2,16,0.125,267,9,288.95407677548377,1,9.315434445203802,failure
14,23,38,0,30,0.0,27,1,170.34141015128205,0,1.7093438108589791,success
6,85,23,2,39,0.05128205128205128,108,5,160.0883459965341,0,8.915778859736852,success
7,86,6,0,22,0.0,297,7,283.2000180162421,0,2.4350618467052874,failure
13,340,24,2,22,0.09090909090909091,85,0,439.4335639116879,2,5.467483038678027,success
11,184,12,2,45,0.044444444444444446,187,10,201.4150107267848,1,2.667611468437936,success
6,46,16,1,7,0.14285714285714285,65,1,260.97183586708684,1,1.4750076043232663,failure
12,105,43,0,30,0.0,29,1,218.45742271581884,1,0.6090642121047071,success
8,69,20,4,47,0.0851063829787234,133,8,355.40346238903,0,3.5018018262659076,failure
12,43,55,0,19,0.0,226,5,120.42885131989493,0,9.716142472361085,success
8,50,38,1,42,0.023809523809523808,223,14,233.48473194131927,0,4.7782653078949116,failure
12,59,31,2,30,0.06666666666666667,214,7,139.1123215489949,0,0.47199574318043136,failure
12,86,12,5,45,0.1111111111111111,272,13,84.82403573467711,0,6.7790794163224435,success
8,59,32,2,5,0.4,182,2,210.54461367531007,1,2.097835088867219,success
12,5,72,1,18,0.05555555555555555,255,8,495.12994781977477,0,0.6782911382437835,success
6,73,8,3,39,0.07692307692307693,103,6,84.24821161989607,0,7.946528892591179,success
3,85,12,1,13,0.07692307692307693,227,4,54.204839425142495,0,4.517626993361625,success
6,159,40,0,31,0.0,54,1,258.8805823852282,1,9.77419390476394,success
9,36,4,1,45,0.022222222222222223,56,1,285.51661543651454,1,7.176126548816169,success
7,120,36,3,36,0.08333333333333333,84,6,289.3830789606092,2,2.9569828669339273,success
7,315,8,2,9,0.2222222222222222,181,4,60.12325403418545,0,9.815706451931037,success
8,51,56,0,36,0.0,40,0,209.31602801937052,2,8.721037457929024,success
12,86,40,2,35,0.05714285714285714,33,2,225.79283802541102,2,3.228944652959642,success
5,267,156,2,10,0.2,165,5,182.80074913988034,0,2.9762691725075427,success
7,82,28,2,35,0.05714285714285714,54,2,300.17949534390607,2,5.0740383695251206,failure
9,25,52,1,35,0.02857142857142857,265,9,165.56463807515038,0,5.46353831478672,failure
6,76,19,2,48,0.041666666666666664,258,8,445.954608685858,0,5.828580978166775,success
6,256,27,1,43,0.023255813953488372,35,1,289.0099173549403,2,2.2535405925905585,failure
5,276,4,3,11,0.2727272727272727,80,6,392.7854019601085,1,0.641261669915932,failure
6,167,14,1,14,0.07142857142857142,40,0,104.2962732872152,0,5.4610635010287645,success
9,130,39,0,35,0.0,45,4,233.97150082369888,0,6.103213614047887,success
13,63,39,0,49,0.0,194,4,314.88436224360413,0,9.583597289582647,success
7,69,50,3,9,0.3333333333333333,37,0,262.95396567516696,1,5.4823840703034685,success
4,37,53,3,36,0.08333333333333333,235,8,288.3096834419036,1,1.6474938429358716,failure
9,32,8,5,18,0.2777777777777778,255,11,239.71319631794734,0,3.1419996278686964,failure
9,139,107,2,45,0.044444444444444446,295,8,54.11211805313657,0,0.6144473214402206,success
6,68,8,1,18,0.05555555555555555,122,1,299.19115047247556,1,0.2523710815934726,success
6,137,53,0,12,0.0,261,8,156.9818119452557,1,4.831761096510904,failure
8,20,85,2,24,0.08333333333333333,133,9,141.26293094644137,2,6.653719664450517,success
7,54,12,4,46,0.08695652173913043,85,2,102.76200944559794,1,9.518882548838446,success
13,16,13,1,45,0.022222222222222223,248,3,200.87367282467383,1,6.372053755099142,success
8,228,21,1,43,0.023255813953488372,183,5,493.9028817175295,0,1.8925330423261912,success
4,145,76,3,14,0.21428571428571427,89,2,283.5791389661999,1,9.081614308723015,success
13,83,15,2,14,0.14285714285714285,251,4,259.7534708384774,2,8.811365794139126,success
8,209,54,2,12,0.16666666666666666,120,6,385.01670590068716,1,4.135350725971876,success
9,37,22,1,21,0.047619047619047616,285,9,423.217263143379,0,5.272632809466054,failure
7,209,34,1,42,0.023809523809523808,52,0,288.34165731907945,1,5.043704902188283,success
7,3,68,3,17,0.17647058823529413,172,9,357.3470222732433,1,4.459393890767567,failure
5,110,31,1,41,0.024390243902439025,238,7,209.72996595580287,1,3.364719756050155,success
3,19,32,1,40,0.025,238,8,404.8982670481479,0,9.869613522651793,success
8,97,4,1,25,0.04,164,5,123.78565915666212,0,9.09138529821505,failure
9,59,27,0,48,0.0,105,7,71.75940412847632,2,3.400919151918059,success
8,73,52,2,6,0.3333333333333333,33,2,258.906644095537,2,6.180881903888775,success
11,224,39,2,34,0.058823529411764705,132,0,196.8349308012492,2,0.945755560533771,failure
12,205,102,1,23,0.043478260869565216,254,2,395.78380633169854,2,7.478856655838,success
6,200,61,3,44,0.06818181818181818,268,8,172.76600814986708,0,8.452673299151355,success
7,256,46,1,19,0.05263157894736842,91,2,73.14917042269813,1,4.721507006289813,success
9,76,60,1,28,0.03571428571428571,212,6,347.05033557741194,1,0.8518918132875768,failure
10,83,54,2,46,0.043478260869565216,73,1,257.9031691461884,0,5.865234607957884,failure
8,68,7,3,17,0.17647058823529413,220,10,157.20276823060283,0,0.6433832962892397,failure
10,87,82,2,28,0.07142857142857142,283,6,225.20621126323414,0,8.177839826971164,failure
8,357,22,0,5,0.0,232,3,224.13874410809655,0,5.891726999793266,success
5,134,59,2,47,0.0425531914893617,211,5,20.486450733661748,0,8.721672320894283,success
9,40,7,2,22,0.09090909090909091,260,5,239.4959597102684,0,3.851529364008146,success
13,18,147,0,22,0.0,77,2,365.23463458068466,0,2.5765410058175298,failure
14,13,37,0,43,0.0,60,2,290.84666030615375,1,9.393091120131151,success
9,22,9,2,41,0.04878048780487805,60,2,212.42103844302088,0,9.017863778795526,success
4,95,43,0,15,0.0,234,3,333.3359581323666,1,0.7536522885292485,success
10,36,69,2,32,0.0625,265,10,126.77183230646747,2,8.646535332138592,failure
4,99,100,1,15,0.06666666666666667,135,3,384.3133392318909,1,9.28741287374529,success
9,24,47,1,36,0.027777777777777776,206,7,168.68110596472525,0,4.586651099108521,success
4,90,48,0,38,0.0,214,5,87.37448136955562,0,8.937806421981724,success
9,30,55,2,45,0.044444444444444446,286,11,149.67356081853697,1,4.5280955902159405,failure
3,37,20,1,5,0.2,47,3,297.4063329156828,0,0.6664930145805247,success
11,83,28,2,19,0.10526315789473684,271,7,450.57326935681687,0,5.5091323288622425,success
7,51,79,3,28,0.10714285714285714,135,7,586.6153661869915,1,9.366618951845858,failure
4,146,38,0,44,0.0,220,5,625.482588370379,1,5.38762583075152,success
8,144,63,0,6,0.0,243,11,116.81739675577198,1,1.4764418945982922,success
6,92,11,2,10,0.2,256,5,379.9551196934375,1,4.452136860742575,failure
5,199,16,3,6,0.5,199,5,224.40248168642626,1,1.1517745061933566,success
6,36,32,0,21,0.0,93,5,219.11633893828068,1,5.894332351181026,success
5,29,116,0,11,0.0,159,2,220.16048709213965,1,6.284425509305554,failure
8,16,71,1,7,0.14285714285714285,191,7,345.0499475166172,0,6.674857784767395,success
11,97,24,0,28,0.0,167,6,442.29304482272715,0,0.6236193596352934,success
9,22,56,1,16,0.0625,208,11,363.4434064295502,0,8.496729483719458,success
5,56,19,3,22,0.13636363636363635,159,9,194.99936237215627,1,9.175913106879085,failure
9,41,46,4,12,0.3333333333333333,28,1,162.81170727104188,1,2.9390701524227576,success
9,18,92,2,48,0.041666666666666664,284,10,180.39505614397547,2,7.85249082975847,failure
9,58,55,0,30,0.0,256,5,586.5555154347994,1,4.8853927447338625,success
9,45,11,1,5,0.2,160,3,132.38854174619638,0,5.358267116135535,success
10,66,39,2,5,0.4,154,5,363.8155944369869,2,2.5038670788311843,failure
7,95,14,0,46,0.0,159,3,233.61821646886466,2,8.95790157302345,success
11,44,47,0,7,0.0,234,5,420.92940889826986,1,9.587698381693256,success
11,121,4,0,46,0.0,239,2,205.46879534660525,1,6.580920367153817,success
7,29,65,1,8,0.125,83,0,243.68580342330498,1,1.601743325080748,success
11,242,23,2,28,0.07142857142857142,287,10,286.25878507088885,0,5.391581076096014,failure
7,69,71,1,16,0.0625,87,0,320.19904356844967,1,3.094369999913177,success
6,198,18,1,18,0.05555555555555555,295,13,384.92292993024904,1,4.563560903019853,failure
4,103,6,3,44,0.06818181818181818,112,1,255.45472227503774,1,6.7779555479938,success
7,118,78,2,28,0.07142857142857142,132,2,527.8132160722872,0,0.7999562722757055,failure
9,2,49,2,34,0.058823529411764705,217,5,188.89733654762804,1,2.1126698290597083,failure
10,215,39,3,43,0.06976744186046512,88,3,299.5409467204943,1,7.523771734805855,failure
6,140,69,4,37,0.10810810810810811,82,3,200.51190372792908,1,0.4778690064017168,failure
5,374,57,1,25,0.04,190,4,296.04063963610287,0,6.058466151404758,success
7,88,51,1,19,0.05263157894736842,159,4,264.96548602896627,0,2.745951386153896,success
13,173,41,2,36,0.05555555555555555,66,3,189.50190072225996,0,9.034609732240227,success
7,156,90,1,41,0.024390243902439025,236,7,192.33363816333795,0,8.34770205215716,failure
12,148,34,0,35,0.0,135,4,253.53412741626585,1,9.201419270635933,success
9,140,3,1,5,0.2,140,5,190.5336563065859,1,1.0292566775909826,success
14,36,49,0,37,0.0,214,6,230.9963071383691,2,9.94770010797034,failure
9,83,0,1,38,0.02631578947368421,266,7,194.5743106696923,0,1.5206225048522486,success
5,35,38,2,47,0.0425531914893617,82,4,245.0355558427599,1,8.714242948888556,success
6,99,98,1,48,0.020833333333333332,20,2,114.34633393922819,0,3.8220882063153616,success
5,111,49,0,15,0.0,85,3,122.75706111484955,0,9.55551748608025,success
4,25,39,2,44,0.045454545454545456,263,6,172.01183903464573,2,0.11030301361616734,failure
10,39,43,4,40,0.1,101,6,357.1961372291564,0,6.922787367766485,failure
6,63,6,1,38,0.02631578947368421,125,5,72.40109713185493,0,9.957021450493437,success
12,35,46,0,13,0.0,125,4,165.33722200331198,0,6.969284475810834,failure
4,42,14,2,35,0.05714285714285714,104,3,470.05669291028323,3,7.094780018187817,failure
6,109,18,1,33,0.030303030303030304,83,3,279.94439529184615,0,6.705763583645335,failure
8,65,35,4,17,0.23529411764705882,214,8,262.6888588036603,0,9.79578930114853,failure
12,147,85,3,14,0.21428571428571427,97,4,112.94150223404614,1,7.204299812193362,failure
9,64,30,2,13,0.15384615384615385,50,4,92.92354986900068,0,5.019660904137745,success
5,119,9,1,49,0.02040816326530612,156,4,291.2696509806412,1,2.552868955370865,success
6,42,40,2,7,0.2857142857142857,84,1,174.26949618815917,0,7.79226521571568,success
8,62,36,1,22,0.045454545454545456,121,3,170.39966670751647,1,1.6941317091534474,success
7,99,58,3,31,0.0967741935483871,202,8,305.4456132603808,0,0.7151308216456208,success
5,82,102,0,36,0.0,236,7,187.70241777027684,0,7.654871645498628,success
9,16,26,0,12,0.0,58,3,284.50293907518983,1,3.751458726449005,failure
8,73,15,0,17,0.0,53,1,254.5384865497858,1,2.200440289158214,success
11,137,62,1,22,0.045454545454545456,169,6,519.7402871361139,0,7.692782473801319,failure
6,83,18,0,30,0.0,255,6,178.75081090675997,0,8.689566076384704,failure
12,24,44,4,20,0.2,225,9,281.17070632989174,0,1.1443687687649648,failure
8,158,44,3,25,0.12,77,2,83.48434380791336,1,4.207992438802414,success
8,9,20,3,29,0.10344827586206896,82,7,119.88114776338438,1,0.33515953455989234,failure
5,117,84,2,49,0.04081632653061224,206,7,157.27169680868536,0,8.293776738660089,failure
11,37,57,0,8,0.0,90,4,582.0279655988871,0,0.1813213097536483,success
8,92,41,2,37,0.05405405405405406,145,1,133.75313574387118,0,3.9660678366271767,failure
4,18,14,3,34,0.08823529411764706,25,1,249.0271712424633,0,9.037157506015072,success
7,89,2,4,35,0.11428571428571428,55,1,585.5033555029544,0,5.875338879989232,success
7,237,126,3,37,0.08108108108108109,256,6,174.45613354303364,1,8.048086387827905,success
5,64,14,3,10,0.3,237,9,172.5068104670666,2,1.4361383906518874,failure
6,80,14,1,19,0.05263157894736842,89,1,203.2608061496551,1,1.2354145467759252,success
9,109,23,1,19,0.05263157894736842,53,0,213.0852702122414,0,3.60848722281404,success
8,68,22,1,43,0.023255813953488372,190,5,466.5619779411522,0,6.763832389249822,failure
6,215,38,2,35,0.05714285714285714,69,2,253.83368957629975,1,1.7169038186238161,failure
8,19,13,0,13,0.0,176,4,120.34161654033315,0,0.7489170911222073,failure
9,83,2,4,36,0.1111111111111111,281,9,252.61660683525452,0,9.760716930988169,failure
5,117,136,3,49,0.061224489795918366,84,2,211.1507664817763,1,2.9787334507844028,failure
9,110,19,1,42,0.023809523809523808,173,4,328.3540288175966,1,6.281591360612361,failure
15,50,40,1,46,0.021739130434782608,169,3,183.14379237611615,0,6.629516712141464,success
6,193,164,1,25,0.04,128,3,526.6257058713431,0,0.4825714653420109,success
7,153,5,1,16,0.0625,35,0,348.33311575895846,0,5.702427976337459,success
7,33,99,2,39,0.05128205128205128,164,3,162.86889312639053,0,2.083006813528576,failure
11,197,32,2,19,0.10526315789473684,133,1,183.5826289345761,1,0.9897926867198762,success
7,23,23,2,47,0.0425531914893617,127,3,264.55489722897374,1,4.029403310899353,failure
9,72,77,0,32,0.0,79,1,76.16633926912118,1,7.949096590875169,success
6,141,75,0,36,0.0,44,4,333.7772551175885,0,9.693647277088186,success
12,31,92,1,30,0.03333333333333333,262,8,88.1172571678827,1,5.001019077477432,success
14,163,26,3,14,0.21428571428571427,95,3,184.3795266245545,2,8.886097260222748,success
9,65,83,0,45,0.0,176,4,226.2706540395869,1,9.457347949035446,success
6,129,96,2,27,0.07407407407407407,33,1,232.7909545486475,1,4.485085869389617,success
7,181,15,4,5,0.8,107,2,170.4409283306,0,1.5390952089128942,failure
6,62,45,0,20,0.0,44,3,116.24177081257956,0,3.170038153067782,success
7,195,76,0,25,0.0,130,3,179.50598286219787,0,3.936660155667729,success
9,67,14,0,21,0.0,43,1,179.64895068292094,1,4.599835277049481,success
6,255,66,0,24,0.0,278,10,170.84775624892657,1,6.482207315847841,success
6,15,30,0,30,0.0,98,5,206.18595084788788,0,6.487524485904146,success
5,87,45,0,21,0.0,61,2,272.3556815530387,1,5.47822371132151,success
5,156,49,3,29,0.10344827586206896,273,4,267.5007351312129,1,2.360243795693737,success
6,120,23,2,29,0.06896551724137931,25,2,91.2624989876344,1,3.6983182918142194,success
12,44,41,1,8,0.125,185,7,284.8344083205177,1,4.193050591358004,failure
4,270,12,1,32,0.03125,251,6,241.8414448773963,0,6.670927549205566,success
9,47,45,0,5,0.0,265,4,155.89751500100698,1,1.5005126076326127,success
6,148,85,1,18,0.05555555555555555,296,10,217.61759734758624,0,2.492218308459727,failure
5,71,45,1,26,0.038461538461538464,134,3,240.64505614501354,1,2.9102640072269557,success
11,72,14,0,18,0.0,84,2,303.50704619580443,1,5.23185670906784,failure
6,203,25,1,19,0.05263157894736842,251,4,249.21421087190643,1,7.599236632631826,success
1,59,50,0,9,0.0,95,3,146.7665767549966,1,8.459012376653734,success
9,69,125,2,19,0.10526315789473684,182,1,134.9836354082616,0,7.449227522591815,success
8,33,10,0,48,0.0,170,5,407.20388546608285,0,7.506868530293043,failure
9,163,57,3,38,0.07894736842105263,117,5,320.0875451386609,1,2.484421798197847,success
9,38,39,3,33,0.09090909090909091,117,4,284.182176788879,1,8.859588067149867,failure
10,259,31,2,26,0.07692307692307693,115,6,38.09857235241621,0,0.6203871982839514,success
7,206,32,0,20,0.0,166,5,150.7551713382646,2,5.448385812155603,failure
7,122,6,2,11,0.18181818181818182,229,8,129.50404616927264,0,0.9754557978749224,success
9,18,36,0,5,0.0,274,7,119.12310020173864,0,6.048672575512747,success
7,42,90,0,11,0.0,272,7,491.4360984606669,0,0.5681723587024611,failure
10,232,24,1,46,0.021739130434782608,219,5,101.89365007059087,2,6.4449223410900185,success
11,43,145,4,26,0.15384615384615385,132,2,196.49994314664272,0,0.43345753891547156,success
8,53,2,1,12,0.08333333333333333,246,6,270.73643546815254,0,1.734638993399295,success
9,89,14,0,42,0.0,132,3,328.74580211600676,0,7.558469511032275,success
9,113,126,1,5,0.2,196,5,207.20573975623316,1,3.097305764455241,failure
6,80,29,2,27,0.07407407407407407,247,7,172.03049199791283,1,8.852828548395763,failure
9,215,120,3,36,0.08333333333333333,73,2,129.21719992265488,1,1.0714757029559947,failure
10,187,44,1,29,0.034482758620689655,255,9,373.52797593995285,0,5.352448486449645,failure
9,49,62,0,49,0.0,250,7,371.9233208650093,1,9.265373771957831,success
12,63,32,2,12,0.16666666666666666,59,2,243.7807423956357,2,4.1901288553702285,success
15,89,54,1,28,0.03571428571428571,197,9,155.8072718323758,0,3.3450382053696743,success
11,150,66,1,40,0.025,268,8,439.2162976381487,2,9.6632101173486,failure
8,49,95,0,9,0.0,280,9,217.36303867988553,2,4.299625426233231,success
5,108,63,2,41,0.04878048780487805,57,2,429.8367886613546,0,7.01850311569589,success
7,159,52,2,28,0.07142857142857142,196,6,288.2509328039007,0,9.207406932412376,failure
6,60,120,2,47,0.0425531914893617,249,5,162.3746655045708,0,0.2066482439468048,success
8,192,11,2,46,0.043478260869565216,177,4,160.4720069907281,1,5.736623827291033,failure
8,84,3,1,45,0.022222222222222223,90,0,118.01323742317201,1,7.163122520660496,failure
9,123,14,3,12,0.25,92,3,411.17544399784543,0,4.248020017683166,success
8,154,105,1,6,0.16666666666666666,49,1,99.32519386748982,1,6.762060133255764,success
8,27,19,1,36,0.027777777777777776,230,9,78.69068245038329,0,8.08352179604255,success
5,123,19,1,27,0.037037037037037035,297,10,379.5695438407967,0,3.224315688431124,failure
7,73,56,2,36,0.05555555555555555,150,6,235.26758021920833,0,3.2989618503744285,failure
8,56,46,0,7,0.0,76,4,364.1796595239334,1,0.968892517510992,success
10,205,5,0,22,0.0,49,1,340.12656948572817,1,9.554709376331544,success
11,254,37,4,46,0.08695652173913043,35,0,330.9422242872382,0,0.4260533939167782,success
3,163,62,1,39,0.02564102564102564,252,12,194.70659489461673,0,4.760175577126123,failure
7,41,25,1,32,0.03125,174,12,232.49628748240883,1,5.375288258347647,failure
16,6,9,2,24,0.08333333333333333,192,4,210.2087202690919,2,1.4965302269620564,success
7,129,14,1,26,0.038461538461538464,89,4,112.57525428623573,1,4.95152335193358,success
8,231,19,0,5,0.0,210,3,206.4351516740586,1,3.0178710747981143,success
16,77,10,1,46,0.021739130434782608,37,0,137.04387597357743,0,8.045321224959865,success
8,99,56,0,12,0.0,59,2,301.28937442752715,1,8.248998276384533,success
9,267,62,2,12,0.16666666666666666,157,3,284.6578574940796,0,4.384533891249026,success
8,243,69,1,24,0.041666666666666664,105,5,177.29243385138562,1,4.401490391318002,failure
10,98,61,0,21,0.0,252,7,225.47310721115898,0,0.8513762940621319,failure
9,133,79,1,19,0.05263157894736842,299,11,497.1668149692816,0,3.6357318991007928,failure
12,92,33,0,47,0.0,76,1,315.74081600616944,0,4.115622871024913,success
7,37,11,0,26,0.0,26,2,157.14683330727175,0,4.521618311972917,success
10,68,43,1,20,0.05,159,3,261.77563176871394,0,4.583759479952209,success
9,84,19,1,37,0.02702702702702703,228,7,186.99559698716288,0,1.0125922895251558,success
7,78,60,1,28,0.03571428571428571,79,3,197.31800115202532,0,1.7146395726573456,success
7,37,23,1,24,0.041666666666666664,204,3,197.52054531017586,1,4.395349733858933,failure
8,46,78,1,34,0.029411764705882353,167,10,137.24317991125864,2,3.8459392217506583,failure
2,31,8,1,37,0.02702702702702703,200,5,121.06888968585237,1,1.5098607341559627,success
9,178,41,4,29,0.13793103448275862,69,3,122.2105846700772,1,6.521718489983161,failure
6,235,52,1,40,0.025,34,1,260.98745436209083,0,1.2646345636490999,failure
6,103,14,0,12,0.0,220,2,156.73766968768086,0,0.1512958956168599,success
11,11,60,2,34,0.058823529411764705,91,5,292.70169215252935,1,6.164823156925574,success
5,16,30,3,20,0.15,234,6,262.72313929770456,0,0.9193478904131257,failure
8,123,5,0,44,0.0,154,3,195.6685450567809,1,0.6984907463718927,success
6,76,37,1,19,0.05263157894736842,239,3,347.96471735751226,0,0.9489591104459626,success
12,8,10,4,31,0.12903225806451613,114,2,570.7355608814311,1,9.369829416864045,failure
7,200,78,3,49,0.061224489795918366,123,4,179.33951074686078,2,1.14312318381645,failure
5,77,19,1,14,0.07142857142857142,82,1,154.20069978709586,1,8.406451915114111,success
8,54,27,1,28,0.03571428571428571,162,5,333.01026552160295,2,7.788231939357285,success
8,97,18,0,35,0.0,205,8,196.95028598775468,0,8.427942808751423,failure
6,73,18,2,42,0.047619047619047616,26,2,195.6276685998196,0,6.091418746360367,failure
12,32,23,1,23,0.043478260869565216,253,9,129.35987916537235,0,1.6355945053569574,failure
5,108,16,1,5,0.2,202,4,115.73350010681146,1,7.731965647742657,success
8,67,2,2,6,0.3333333333333333,233,6,217.173122643483,0,5.698104653459536,failure
9,12,31,3,43,0.06976744186046512,268,8,416.0906635443572,1,5.726399826830266,failure
7,107,144,1,16,0.0625,72,4,272.9366440352017,1,6.126853731568213,failure
10,39,11,0,34,0.0,169,5,140.31373669049782,1,1.568625447480706,success
7,150,49,2,44,0.045454545454545456,104,3,168.72247124030037,1,2.985526682692885,success
12,82,33,1,17,0.058823529411764705,125,2,124.94132112589145,1,9.935591432371448,success
5,82,30,0,29,0.0,290,9,540.1544707435053,1,8.74739750400191,failure
10,27,56,2,37,0.05405405405405406,71,1,156.53772355749956,2,3.6564344808322904,success
4,127,3,1,29,0.034482758620689655,99,3,235.4664655766181,0,9.866711731153433,success
10,87,56,1,22,0.045454545454545456,266,10,253.1832426905556,0,0.7894887240349807,failure
6,125,19,1,12,0.08333333333333333,248,12,93.7695029512607,1,3.553419987071413,failure
10,69,48,1,36,0.027777777777777776,215,9,90.2535886056489,0,5.596473359974213,success
6,24,8,0,16,0.0,272,11,95.07840320834487,1,6.247625939584541,success
7,178,45,2,23,0.08695652173913043,37,1,308.74268113650237,1,8.071071779603605,success
7,164,108,4,25,0.16,124,5,227.09173060485261,1,7.392964619776826,failure
8,48,95,0,48,0.0,56,1,221.32608221512194,0,6.911455325948053,success
8,59,51,1,6,0.16666666666666666,94,0,158.19946468388733,1,9.746139561541574,success
7,24,88,1,15,0.06666666666666667,281,12,225.64397316043124,0,6.023819271099743,failure
11,24,48,3,29,0.10344827586206896,52,0,179.96419598917626,1,0.16491719001883282,success
7,95,87,3,5,0.6,55,0,224.05293073978865,1,6.20584971096597,success
10,119,29,1,39,0.02564102564102564,258,3,90.82702295546792,1,7.613466054356659,failure
9,112,93,0,37,0.0,114,1,59.856344949932705,1,9.189163992046064,failure
15,125,22,0,45,0.0,199,2,119.8919758925027,0,3.9841477965944594,success
12,231,2,3,31,0.0967741935483871,156,6,282.3006012987675,0,0.6110862354064945,failure
5,70,108,2,25,0.08,98,5,385.32961606077885,0,1.3553116200867141,success
7,184,22,1,18,0.05555555555555555,151,6,295.0396203416735,1,9.088591896277096,failure
7,284,77,2,7,0.2857142857142857,235,8,171.1787713244966,1,9.51059790054786,failure
7,23,22,1,45,0.022222222222222223,235,9,131.69497223448485,0,2.4027651951554025,success
7,108,8,5,33,0.15151515151515152,127,3,36.59293105429859,2,6.788490159173714,failure
6,79,60,4,21,0.19047619047619047,209,10,373.8535146924192,2,4.785947546269794,success
8,47,30,1,8,0.125,178,5,182.7810084622991,0,6.083258102541393,success
7,59,16,0,48,0.0,215,2,119.09953253111549,0,0.5984056052310923,success
10,13,27,2,26,0.07692307692307693,295,10,257.3808987561524,1,9.643721474730075,success
10,27,1,1,18,0.05555555555555555,25,2,392.77342576917624,0,4.769004922103852,failure
6,123,0,2,18,0.1111111111111111,216,5,78.54231752117319,0,7.748974864060929,failure
7,131,47,0,13,0.0,78,2,349.83314754499435,2,5.2140281040419785,failure
12,82,5,4,6,0.6666666666666666,226,8,182.95385522015457,1,8.582030606800533,failure
6,141,98,2,41,0.04878048780487805,100,3,208.7596879040246,0,6.365308098835728,success
8,64,2,4,9,0.4444444444444444,126,6,395.46235408037614,0,3.2744642083730167,success
8,67,74,4,22,0.18181818181818182,137,4,153.41898933735365,1,5.03610108861962,success
4,64,12,0,47,0.0,161,6,285.92125684849356,0,7.926705200662651,success
10,60,61,2,36,0.05555555555555555,60,1,168.0848606973175,0,2.7552657420260758,success
11,39,16,2,45,0.044444444444444446,199,10,466.57083117994364,0,7.891204089658909,failure
4,59,20,1,13,0.07692307692307693,227,6,250.38545217240807,1,7.116357867340093,failure
5,152,26,0,48,0.0,194,6,180.19510795876872,0,0.1822435172123505,success
1,173,200,3,8,0.375,295,10,136.00228779991323,0,8.680654342625036,failure
9,15,23,4,7,0.5714285714285714,260,6,218.1294242565113,1,5.256362936161395,failure
10,181,49,2,41,0.04878048780487805,91,2,186.48645802181142,0,9.282362959499725,success
13,40,17,3,25,0.12,135,4,181.84407077923095,0,0.20748178238607093,success
8,64,23,3,43,0.06976744186046512,179,4,203.39581279532396,0,8.631528204890737,failure
6,101,17,5,34,0.14705882352941177,138,2,142.16571424944686,0,7.724248957676269,success
11,314,6,1,41,0.024390243902439025,153,7,170.74654728633834,1,6.644623357817979,failure
7,55,42,2,28,0.07142857142857142,97,2,193.9608653246684,0,6.020534714354521,success
10,198,34,3,5,0.6,181,5,173.51700164783352,1,6.033565422173556,failure
7,38,19,2,20,0.1,223,7,133.54511649094798,0,8.405161637480198,success
5,18,33,4,32,0.125,53,3,81.41904866282987,1,9.939962219804409,failure
4,164,18,1,34,0.029411764705882353,35,0,41.98225976497027,2,4.675293441120233,failure
6,69,26,2,23,0.08695652173913043,254,8,308.08785446452936,1,5.707803229661779,success
9,195,112,2,27,0.07407407407407407,49,1,196.13480310158246,1,1.8980917367623449,failure
9,218,16,2,38,0.05263157894736842,247,10,191.91109896007958,1,3.980270315728372,failure
6,38,33,1,41,0.024390243902439025,67,2,209.68659581834186,1,1.7759793834861823,failure
7,38,86,1,27,0.037037037037037035,274,5,385.6595938566902,0,0.2033068077025273,failure
7,83,33,3,47,0.06382978723404255,55,1,338.15929501966,0,7.263137948810839,success
8,192,9,0,20,0.0,158,1,231.41552642867717,0,3.1281974269793578,success
4,166,65,4,45,0.08888888888888889,278,10,148.94167642520327,1,8.713472588844013,failure
7,29,3,4,36,0.1111111111111111,216,6,218.81490456540453,0,4.963752133108323,failure
12,47,134,2,20,0.1,254,3,380.0988374377252,0,8.061019761956274,success
9,99,77,0,39,0.0,195,1,243.2710303333509,3,4.294241052570151,success
7,11,24,1,31,0.03225806451612903,94,6,204.46267481083055,0,8.344208508257022,failure
2,13,31,2,7,0.2857142857142857,278,11,249.83509625059585,0,8.574114722034926,failure
7,201,33,2,24,0.08333333333333333,91,2,83.26275600064757,1,4.721685888308699,success
9,44,38,2,31,0.06451612903225806,92,3,276.8312876283277,1,9.336964698844122,success
10,89,51,1,6,0.16666666666666666,119,4,118.84380529288558,1,3.0230769203240864,failure
8,31,46,1,17,0.058823529411764705,234,7,182.15887778198748,0,3.8016110090102853,success
5,230,5,3,10,0.3,214,5,252.25618182677405,0,4.818730639385868,failure
5,65,41,3,18,0.16666666666666666,62,1,373.8966297696164,0,7.506478093511653,success
11,81,49,1,28,0.03571428571428571,147,3,132.24479724165997,1,4.047040554388158,success
12,81,103,1,31,0.03225806451612903,205,2,202.28339843055687,0,0.9297494924756784,success
9,40,32,0,13,0.0,268,5,178.462818102113,1,0.12309549985384564,success
11,111,27,0,27,0.0,35,0,465.7927813959682,2,8.740126517916066,success
11,210,28,1,39,0.02564102564102564,74,2,198.69809407032238,1,6.435322555320936,success
9,319,28,2,48,0.041666666666666664,193,7,230.10317554294934,0,1.783260003502352,failure
9,29,30,3,41,0.07317073170731707,91,1,147.40091206479397,0,9.031045564119967,success
5,75,13,2,18,0.1111111111111111,276,8,246.64522316157047,0,7.250782604378934,success
5,2,33,0,30,0.0,62,1,378.0272397542671,0,7.676177510456595,success
10,21,26,0,12,0.0,107,1,284.9929568123512,1,4.54989651484475,success
15,98,18,2,49,0.04081632653061224,160,2,353.65846260708304,0,7.555066714956162,success
7,99,33,2,35,0.05714285714285714,205,7,120.05727838520018,1,6.0989331788086485,success
11,51,56,0,12,0.0,97,1,367.28268146636793,0,7.372431242659865,success
7,59,23,2,40,0.05,221,7,173.33735054198692,1,3.4498673287177177,failure
5,19,49,1,34,0.029411764705882353,23,0,184.38720829607783,1,5.396702871443417,success
8,119,33,1,20,0.05,274,11,316.39729826352004,1,0.4520435943693074,success
14,35,11,2,35,0.05714285714285714,180,2,296.41569480459515,0,1.7067994615062698,failure
11,321,14,2,35,0.05714285714285714,130,3,40.16690936545839,1,8.57836339010117,success
11,229,87,2,39,0.05128205128205128,160,6,225.00325413510268,0,6.594907219091654,success
11,48,19,0,41,0.0,283,10,158.2684498865976,2,8.297383156820143,success
13,38,104,3,18,0.16666666666666666,268,5,251.74597268881496,0,5.654703176965127,success
9,149,58,2,43,0.046511627906976744,296,6,195.92868758287904,0,4.378884195025876,success
8,49,47,1,29,0.034482758620689655,82,2,345.39218347933667,2,8.169789817094069,failure
6,9,66,5,5,1.0,50,2,490.5908001306908,0,0.5668636137225871,success
5,144,14,1,33,0.030303030303030304,95,4,347.4533096541826,0,6.897887816934606,failure
11,84,53,0,32,0.0,171,6,324.7567014025602,0,6.1334799296097255,success
7,95,135,2,33,0.06060606060606061,82,4,155.93673067173876,0,0.4529062006353918,failure
7,41,18,1,14,0.07142857142857142,47,1,162.95169674474917,0,3.4227034069758426,success
6,406,77,0,12,0.0,52,2,106.67473838468484,0,5.2325409992195,success
11,282,27,2,44,0.045454545454545456,290,8,85.62600654143085,1,0.4215809121232744,success
7,12,31,3,34,0.08823529411764706,175,7,402.377991013781,0,3.1495049058244993,success
8,53,33,1,34,0.029411764705882353,59,1,205.79166664365877,2,0.24705325561837593,success
7,29,4,2,45,0.044444444444444446,77,1,516.3790367660495,1,2.7911468356218503,success
11,102,8,2,10,0.2,32,2,216.77855200954914,1,9.77706764922407,success
9,130,22,1,19,0.05263157894736842,103,4,195.6716642420309,0,4.59092926927659,success
7,402,3,1,28,0.03571428571428571,294,11,115.17049671044468,0,9.50028528347463,failure
9,221,20,1,17,0.058823529411764705,45,0,176.23300029114748,0,8.06127873536145,success
5,62,20,0,13,0.0,198,6,48.33305231862368,1,2.6958242512664046,failure
5,235,28,4,24,0.16666666666666666,293,9,212.7018085862361,0,9.373711945360395,failure
5,63,82,0,40,0.0,190,7,488.4699709122527,1,3.070897857019147,success
7,112,64,3,17,0.17647058823529413,42,1,189.24629084156908,0,3.5184101448788225,success
10,30,23,1,31,0.03225806451612903,254,8,231.39845893112238,1,3.1032689841351764,success
10,46,8,2,22,0.09090909090909091,119,2,60.43302444008324,0,4.478466700072329,success
5,38,3,1,12,0.08333333333333333,283,11,95.33672147985168,0,0.8290997919651557,failure
5,85,32,0,46,0.0,285,13,165.24805139629984,1,8.181672416517735,failure
3,135,16,1,12,0.08333333333333333,166,5,303.5703268644646,0,0.9110493109263574,failure
11,78,74,2,28,0.07142857142857142,171,5,346.9062506331843,1,4.837939809963247,failure
6,180,65,0,48,0.0,136,3,206.00270584515854,0,0.7878427631657133,success
9,101,37,0,44,0.0,180,4,262.3072770052445,0,6.582329119711254,success
4,167,46,2,31,0.06451612903225806,234,7,119.55519321785627,1,4.557060353227867,success
6,63,111,1,24,0.041666666666666664,120,2,330.77762040188355,0,0.11121684105820992,success
9,23,38,3,39,0.07692307692307693,194,6,363.56854886109636,0,4.369124586113723,failure
4,57,44,2,12,0.16666666666666666,138,4,237.03695452315327,0,3.700601538803003,success
7,66,35,1,28,0.03571428571428571,81,3,122.20617623735903,0,9.14990948638175,success
6,83,39,3,44,0.06818181818181818,108,2,198.3286475154346,1,6.029897319598545,failure
7,195,9,2,16,0.125,29,1,126.33335423537416,0,8.289133848251668,success
3,124,53,1,37,0.02702702702702703,100,0,110.32115830399708,0,1.532029055661519,failure
7,81,24,2,18,0.1111111111111111,187,6,156.4249897160531,1,1.3509927973658515,success
9,55,83,3,25,0.12,33,2,288.2945665035593,0,1.9107081363372853,success
6,29,11,0,37,0.0,208,8,200.4330169946567,1,9.442205648868196,success
9,64,25,1,45,0.022222222222222223,222,9,170.21440490141444,2,1.0842549893149744,success
8,308,11,3,49,0.061224489795918366,275,5,66.97527526031018,0,4.886247401982094,failure
5,21,7,2,5,0.4,193,7,127.17197184715361,1,0.855168310915003,success
8,68,45,1,10,0.1,29,1,117.34272371757505,0,7.611758366827866,success
11,75,68,4,18,0.2222222222222222,65,1,81.65761781459429,1,3.9099105880205287,failure
5,57,52,4,32,0.125,252,6,218.82898310038578,0,6.1564570199578865,success
9,76,27,3,29,0.10344827586206896,255,4,248.20667351418587,1,0.8093078373098189,success
7,43,22,2,43,0.046511627906976744,99,4,227.16312262455713,0,4.3718201838763875,success
13,215,4,2,27,0.07407407407407407,142,5,191.2530081613452,0,1.4244722636364802,failure
9,30,9,1,47,0.02127659574468085,161,3,140.0995699204675,0,3.312520466553539,failure
8,40,40,2,43,0.046511627906976744,23,1,193.01255227531996,0,1.9697554719747752,success
8,44,6,0,21,0.0,296,6,347.4321705582541,1,4.869116684573994,failure
7,30,26,3,35,0.08571428571428572,169,4,128.66851243145058,1,8.946304341356798,failure
6,59,144,1,32,0.03125,87,0,70.10985458439168,2,4.033333564588921,success
14,180,35,1,11,0.09090909090909091,298,10,82.00581664263804,0,9.045939978898557,success
10,21,21,0,22,0.0,268,3,432.6576871764333,0,7.7719564271451915,success
5,113,72,1,20,0.05,89,2,258.09270424635616,2,7.494478557322416,success
12,82,122,0,10,0.0,77,1,174.09746299435494,0,7.832781304130586,success
9,140,114,1,6,0.16666666666666666,244,9,189.95669385252327,0,7.135707962953151,success
13,74,38,3,24,0.125,98,3,287.5930004493658,1,2.112431542636406,failure
8,166,77,1,27,0.037037037037037035,296,9,60.21253444556345,0,8.399696158064993,failure
11,73,37,1,6,0.16666666666666666,228,5,96.2198409940402,1,3.821777304129819,failure
6,16,16,1,29,0.034482758620689655,130,4,65.72296326034426,1,2.7652880235536035,success
9,88,3,0,10,0.0,202,4,450.1949675797486,0,8.347502291974124,success
7,143,16,3,47,0.06382978723404255,145,10,351.5563736601357,1,6.210691776808452,failure
3,13,19,1,44,0.022727272727272728,91,3,141.01538504916724,1,2.605195540206486,success
5,119,22,1,33,0.030303030303030304,90,5,81.83060807144965,1,8.888176828866195,success
6,63,11,1,13,0.07692307692307693,212,3,414.0299979188645,0,5.434520095894629,success
6,66,25,1,13,0.07692307692307693,22,1,232.71179934643777,0,0.33681110883404075,failure
5,58,17,3,18,0.16666666666666666,57,2,199.566673476593,0,5.315403123606581,failure
6,90,81,0,49,0.0,245,9,193.82707706954568,0,9.55521923598242,success
6,159,25,0,19,0.0,134,4,283.25098185036626,2,1.7038417004903934,success
10,45,52,2,20,0.1,44,0,221.9728625259136,0,3.079704919000154,failure
9,127,16,0,49,0.0,272,6,134.9460444720389,2,2.3620332435225824,success
9,33,52,2,48,0.041666666666666664,276,7,125.34281833849556,0,2.281096007452284,success
11,123,43,2,13,0.15384615384615385,141,3,314.571153525466,1,0.8648644734859553,failure
4,126,30,2,32,0.0625,67,0,114.09617279963513,0,4.717747488769831,success
4,145,14,3,8,0.375,289,1,125.41791785450056,0,8.202549278048481,failure
5,94,6,1,44,0.022727272727272728,161,5,171.2689416136813,0,2.4765908841562254,success
8,144,23,0,16,0.0,189,7,319.291575106884,0,7.140321974080236,success
5,28,50,3,26,0.11538461538461539,260,6,213.278803200855,0,5.773225620068348,failure
5,187,88,4,5,0.8,138,5,230.37979026772516,0,2.2014511415806233,failure
10,85,22,2,48,0.041666666666666664,196,7,82.26459454651489,1,5.739444251481216,failure
10,221,6,1,44,0.022727272727272728,187,5,257.87504497785557,1,5.273439244083334,failure
6,72,55,4,8,0.5,298,9,360.59693557895304,1,2.335660170049625,failure
16,63,30,3,46,0.06521739130434782,272,7,337.9424426689121,2,0.2676435721176671,success
10,41,19,1,37,0.02702702702702703,210,5,363.2152324075165,0,4.128221830159179,success
10,92,50,1,24,0.041666666666666664,250,8,184.90290168807041,1,3.299345725026501,success
6,108,30,1,39,0.02564102564102564,169,4,164.2915844600858,2,2.899980601149139,failure
6,35,35,1,6,0.16666666666666666,36,1,218.45183076179762,0,7.016594892845436,success
11,41,92,1,14,0.07142857142857142,177,7,216.92268146137366,0,7.123609634010419,failure
6,27,20,3,12,0.25,122,7,170.5042450382981,0,9.274294868082299,failure
12,78,29,1,18,0.05555555555555555,115,6,278.75429366553266,1,0.3716949850503032,failure
13,209,103,1,31,0.03225806451612903,288,13,146.51268634826624,1,9.112491089643605,success
14,61,62,3,17,0.17647058823529413,29,2,305.7468477201672,0,6.775189455276813,failure
11,38,70,5,17,0.29411764705882354,241,5,574.9747863596593,1,6.628988805808488,success
8,41,75,2,33,0.06060606060606061,217,11,242.45315092730925,0,9.92135469040173,success
17,42,17,3,12,0.25,140,3,43.15691908811779,1,0.8698979980103733,success
7,159,35,1,28,0.03571428571428571,210,9,366.1610640702938,1,8.051815427899431,failure
7,157,13,1,9,0.1111111111111111,234,7,401.2989025441902,0,5.974164018037976,failure
9,63,74,3,32,0.09375,247,10,167.59736908264807,0,1.7009769901004184,failure
10,177,29,2,6,0.3333333333333333,196,11,415.2606612892857,1,7.73090868394887,failure
8,77,45,3,25,0.12,153,7,332.35258363447696,0,3.650607999685048,failure
7,58,57,0,42,0.0,163,7,435.8547041125331,1,2.6015447349765584,success
6,106,1,1,31,0.03225806451612903,31,0,47.119591529376365,1,5.815203362266484,success
8,232,41,1,12,0.08333333333333333,271,11,275.8973464428934,1,4.82220664564493,success
7,32,107,0,16,0.0,189,3,203.8752933130849,1,1.6552046650202095,failure
8,125,82,1,14,0.07142857142857142,105,3,107.13593786444861,0,7.337477495851318,success
10,156,56,1,11,0.09090909090909091,295,9,146.0236294551026,1,3.187929077247052,failure
5,190,47,1,45,0.022222222222222223,270,8,155.24554568049655,1,4.9708999921738695,success
9,151,25,1,14,0.07142857142857142,218,8,85.58348267107107,0,2.9587423367161607,success
9,23,21,0,33,0.0,247,7,216.3364939477422,1,4.458744994375073,success
9,120,47,2,29,0.06896551724137931,135,4,483.76928723294736,1,2.571413378110774,success
7,78,14,1,30,0.03333333333333333,61,2,236.92985979961082,1,4.860191135262094,failure
10,390,10,1,30,0.03333333333333333,245,8,312.4960740003139,0,1.6905707708271993,success
7,280,128,1,10,0.1,206,6,215.7982271217305,2,2.899483434823768,success
3,83,78,0,26,0.0,44,0,149.94121250321433,0,2.211131196449866,success
11,71,47,1,43,0.023255813953488372,127,2,157.21402624047658,1,3.6726914832063686,success
15,195,27,3,16,0.1875,242,12,203.43018700349853,0,8.319274188354965,failure
8,25,19,3,11,0.2727272727272727,162,8,308.6006578147869,0,5.004289203106256,failure
10,68,33,1,30,0.03333333333333333,96,3,209.10060788437553,0,4.297541431393923,success
4,135,46,1,17,0.058823529411764705,60,1,130.62103514535582,0,5.766635331575725,success
9,35,31,0,22,0.0,241,4,115.93910686325795,1,7.867561775586781,success
7,15,8,4,9,0.4444444444444444,229,11,388.8349302122755,0,3.0402187637811258,failure
16,123,33,1,35,0.02857142857142857,138,6,332.1178972345933,0,8.088545800678338,success
4,99,3,2,21,0.09523809523809523,76,2,161.21756645951834,2,2.570963695223171,failure
8,186,70,0,19,0.0,276,9,308.03654855833685,0,8.494587513081074,success
6,32,53,0,38,0.0,219,10,360.6664988293384,1,8.351941285032094,failure
2,60,73,3,26,0.11538461538461539,63,0,426.91527961015527,2,5.949561117260255,failure
8,33,10,2,9,0.2222222222222222,260,9,203.1984545167,2,3.630724560718683,success
8,124,47,2,20,0.1,269,12,407.26993426783423,1,4.201144512186096,success
6,9,22,0,37,0.0,99,5,149.3043575129946,0,8.148948154016015,success
8,101,55,1,45,0.022222222222222223,69,1,172.95566219348993,1,0.9154398560726642,success
9,231,52,2,8,0.25,294,14,248.64473149936265,0,7.8892859101076285,failure
9,259,92,1,37,0.02702702702702703,93,1,224.66369452305509,0,1.4194309016531375,success
4,130,52,3,32,0.09375,210,4,223.55911897256098,2,8.173551622371033,success
4,98,23,2,15,0.13333333333333333,242,4,355.6303940990741,0,9.023355066230543,success
6,215,29,0,9,0.0,149,2,239.70644750705685,1,5.183177160214889,success
6,74,145,2,46,0.043478260869565216,165,6,254.63500116754363,0,7.553633327432906,success
7,100,82,2,45,0.044444444444444446,161,3,343.7848718425861,0,2.104207023458401,success
5,111,78,1,11,0.09090909090909091,171,8,502.1294479836553,0,7.739728644371604,success
4,76,29,3,28,0.10714285714285714,85,4,234.13250928021367,0,7.058460370896254,success
12,52,101,2,48,0.041666666666666664,43,0,251.34992111733396,1,1.2359953372459926,success
3,124,110,2,8,0.25,203,6,294.67706123073026,1,5.089986041458696,success
14,100,0,0,16,0.0,276,10,506.00246314125695,0,7.684758887666494,success
4,131,31,4,8,0.5,65,2,232.3734769254735,0,1.0159773591839505,failure
9,55,12,1,29,0.034482758620689655,136,2,351.32063980414165,0,6.622638058458203,success
6,87,7,0,7,0.0,94,2,297.725942485237,2,8.03226437671526,success
10,99,30,1,21,0.047619047619047616,34,1,161.20222431564565,0,3.5486102456785678,success
11,140,44,1,30,0.03333333333333333,253,8,249.09982976675067,0,3.880463819165141,success
8,50,41,0,13,0.0,276,11,189.97240540116962,0,2.8171708834270532,success
14,109,86,1,17,0.058823529411764705,171,2,233.24825152861118,0,1.9510843263472193,failure
8,122,142,0,9,0.0,299,9,257.3161048161264,0,9.582747326849749,success
11,25,69,2,9,0.2222222222222222,123,6,148.52419476481634,0,7.0653439241185065,failure
7,75,174,1,16,0.0625,150,10,267.7915589885018,1,0.6217897679287309,failure
7,113,57,1,32,0.03125,76,1,552.7998075759031,0,9.283935951813053,success
8,38,76,1,14,0.07142857142857142,297,10,389.6694622785183,1,1.2435053043720057,success
6,194,38,3,5,0.6,138,0,153.86584926778414,0,9.24818629033389,failure
4,103,15,3,39,0.07692307692307693,286,7,287.9504446281463,2,4.572631454070298,failure
12,109,146,3,32,0.09375,101,3,76.05563533623739,0,4.908201047458901,failure
9,220,9,1,6,0.16666666666666666,244,6,259.7549199085127,0,5.446575079463282,success
5,64,54,2,27,0.07407407407407407,126,4,112.92758623518674,1,1.0280453853136509,success
9,174,14,2,9,0.2222222222222222,124,0,300.5488219223434,2,6.68212269572085,failure
7,108,50,2,37,0.05405405405405406,85,5,332.768939802349,0,6.576207331040442,failure
6,99,107,1,35,0.02857142857142857,234,6,140.60346951716204,0,5.819833001238996,success
7,181,3,0,19,0.0,28,0,152.45135913076427,1,8.889051808552702,success
8,125,26,2,5,0.4,39,1,97.11890689013903,0,4.836476641564403,success
10,187,30,1,33,0.030303030303030304,129,4,262.72179530824667,0,7.1343365254072655,success
10,30,88,2,28,0.07142857142857142,258,4,255.02427502612662,0,3.4589202268145645,success
7,181,42,3,13,0.23076923076923078,284,11,61.17736903468091,1,9.25388264175067,failure
7,41,26,1,39,0.02564102564102564,208,8,143.45947622404915,1,9.32790867693173,failure
4,14,77,0,20,0.0,80,2,248.7306225363007,0,4.8727295081254365,success
7,7,40,0,12,0.0,271,6,383.3763583277671,0,7.385953078878471,success
4,225,16,1,12,0.08333333333333333,147,8,179.99894981843224,1,2.408895651503546,success
10,194,8,1,27,0.037037037037037035,255,10,210.6369905828597,1,6.470696962778635,success
9,182,16,1,48,0.020833333333333332,169,3,216.08371969010426,1,0.9421567727186035,failure
7,9,10,0,21,0.0,199,7,156.82465117713136,0,8.639583307124118,failure
10,37,41,1,31,0.03225806451612903,189,3,294.87398936548817,0,7.243603660952813,failure
4,136,55,0,33,0.0,33,0,237.01226633801397,0,9.553546172512561,success
8,132,47,6,15,0.4,144,4,221.76154738540444,0,7.80437157751159,failure
8,125,3,2,27,0.07407407407407407,125,5,307.83621309908534,1,1.9118406234923464,success
5,64,141,0,8,0.0,254,12,117.50381169277857,2,4.728068941528797,failure
7,93,69,3,21,0.14285714285714285,34,3,213.16069202140267,1,5.469946342118165,success
9,68,33,0,15,0.0,52,2,266.7308297734426,1,8.301832238173095,failure
6,93,39,1,12,0.08333333333333333,282,11,113.15993190439731,2,5.548924244765542,success
12,218,108,1,30,0.03333333333333333,60,2,117.73135871526144,1,4.819270451443245,success
10,68,30,0,12,0.0,263,4,170.31638897218926,1,7.158700470182737,success
11,91,19,2,12,0.16666666666666666,72,1,674.6204795577048,0,6.4574850622808775,failure
7,14,37,0,11,0.0,75,5,241.7376465907577,0,7.512904511968605,success
7,235,47,5,38,0.13157894736842105,88,2,37.76374067107828,1,4.803753120663085,success
7,214,45,2,36,0.05555555555555555,277,10,223.8916122538261,0,7.262688062238735,failure
9,41,42,0,17,0.0,144,3,275.61587103293965,1,9.71394599874678,success
5,55,23,1,40,0.025,276,8,235.7198494526083,0,1.897957084225378,success
8,55,56,4,22,0.18181818181818182,87,1,183.1439479660914,1,0.6178400161643247,failure
9,27,38,3,17,0.17647058823529413,125,5,84.06840217384963,0,5.750212449970418,success
2,181,26,2,34,0.058823529411764705,77,1,236.38518361982742,1,1.6686574199137565,success
8,51,131,2,5,0.4,77,3,162.14628351826315,1,1.7340429452492623,success
4,75,9,0,39,0.0,157,3,189.54558934480823,0,6.754142375894362,success
16,34,10,1,7,0.14285714285714285,162,7,447.3106134007145,1,4.277444676374391,success
6,45,66,2,34,0.058823529411764705,293,9,465.34537236135856,2,0.42209322692359963,failure
13,34,12,0,29,0.0,257,7,96.26120512842054,1,5.660079180441097,success
7,37,54,1,37,0.02702702702702703,210,5,170.95474322856532,0,2.519439213762057,success
6,22,105,0,20,0.0,159,6,110.78514740520745,0,4.394456691009814,success
6,7,114,0,7,0.0,219,3,112.32128959566488,1,0.4863739777327838,success
2,79,26,1,33,0.030303030303030304,189,8,248.98802092928454,2,0.728794773124038,failure
9,225,27,3,18,0.16666666666666666,84,4,149.69869487021305,2,1.996324723227791,failure
5,104,36,4,47,0.0851063829787234,182,5,280.42935494134326,1,7.2111462486389195,success
4,131,2,3,49,0.061224489795918366,266,14,174.18544949627156,0,7.920834881258012,failure
6,104,4,0,9,0.0,65,3,359.0654100276238,1,3.5032340039433723,success
9,10,7,1,48,0.020833333333333332,163,3,236.53873269848114,1,1.3432656126140532,success
4,7,24,1,21,0.047619047619047616,74,4,307.1229812258545,1,9.370415746587256,success
5,38,26,1,33,0.030303030303030304,288,5,224.76149737520615,1,7.893161080559065,failure
7,90,23,2,25,0.08,135,5,270.39359026589034,0,1.732484922908593,failure
6,150,26,2,10,0.2,149,2,276.1996303451139,1,2.3467168833463745,failure
6,225,96,0,28,0.0,68,5,275.5332950657946,1,0.46106920068209245,success
17,48,74,0,32,0.0,155,1,395.041083093018,2,9.018733153629098,success
6,69,33,0,21,0.0,201,4,462.5859380048575,0,9.339518825848293,success
13,125,23,1,46,0.021739130434782608,21,1,349.5039259167384,0,0.9206169470851078,failure
6,105,30,1,26,0.038461538461538464,138,4,93.30091767223924,0,1.5542786494472516,success
8,100,67,3,28,0.10714285714285714,101,3,221.86780131824372,1,2.1325479634814615,success
10,34,13,4,44,0.09090909090909091,193,7,162.68200133620797,0,1.89109187725175,success
6,40,91,1,22,0.045454545454545456,52,0,151.76254519787923,0,9.411638774080235,success
12,16,163,0,32,0.0,29,1,124.31364767940934,1,2.6870694676018445,success
9,46,128,0,14,0.0,122,4,54.610296951488216,0,3.8111039833758875,success
8,15,26,6,5,1.2,101,2,306.5704596969445,0,0.7801665066969069,success
1,119,16,1,41,0.024390243902439025,226,8,122.87153838101177,0,6.321673150925349,failure
6,165,1,2,30,0.06666666666666667,199,7,315.787732422442,0,2.7334647980754183,success
2,61,30,0,30,0.0,140,4,205.19314414092676,1,2.5274936982461256,success
12,72,3,1,37,0.02702702702702703,245,6,331.06330985169734,1,9.77352428905812,success
10,113,26,1,13,0.07692307692307693,71,2,227.82344952401323,0,0.481936960305577,success
8,175,18,1,22,0.045454545454545456,103,2,148.09166743124854,1,1.9523367891754677,success
10,148,146,5,9,0.5555555555555556,51,2,188.91285531216747,0,5.180627941453651,failure
5,279,17,2,26,0.07692307692307693,145,5,444.91392726751627,1,5.666376582949754,success
9,126,66,1,14,0.07142857142857142,129,2,208.1957115202884,1,7.159203801972462,success
10,129,69,0,18,0.0,30,1,163.91173051775183,0,2.1702103058777924,failure
8,107,17,1,16,0.0625,254,11,96.52220014241773,2,4.001122661681945,success
16,107,3,2,36,0.05555555555555555,93,4,320.6508142136967,0,2.9430927557549964,success
6,51,69,3,43,0.06976744186046512,81,4,288.96966475875206,0,8.361498782487013,success
9,77,24,1,49,0.02040816326530612,116,6,258.45749284481417,0,3.6620540220140065,failure
8,55,101,1,40,0.025,131,2,144.36384439760266,0,2.6850995989591286,success
11,23,57,1,19,0.05263157894736842,33,1,295.9047612318139,0,6.206573837422621,success
7,217,29,2,37,0.05405405405405406,156,5,343.7179699756253,0,1.164374619398442,success
11,301,39,3,20,0.15,26,0,116.41258728387606,1,8.504692325308877,success
15,106,23,1,8,0.125,42,2,119.35905471638097,0,2.862456541799633,success
11,68,12,2,7,0.2857142857142857,212,4,464.1978278103061,0,8.25772190318844,success
5,55,57,3,30,0.1,167,8,272.2704633356269,0,9.914632586088791,success
8,54,84,1,41,0.024390243902439025,76,4,118.0321786901065,0,0.3111191424998718,failure
9,187,53,1,38,0.02631578947368421,251,9,67.58590559824226,0,2.000524590781058,failure
6,43,72,1,46,0.021739130434782608,57,2,172.25558813495832,1,7.492873795255655,success
8,99,26,1,13,0.07692307692307693,263,8,163.29562275992984,0,0.9200104689853525,failure
12,59,13,3,48,0.0625,130,5,291.07253884305646,1,4.519897926864219,failure
5,246,13,1,18,0.05555555555555555,27,2,74.85262906322671,0,1.5905151672725482,failure
5,48,46,0,37,0.0,38,0,123.28436806865226,2,4.750560783877141,success
6,65,25,2,42,0.047619047619047616,53,1,443.0766614689187,1,0.22440110885828793,failure
9,23,131,3,9,0.3333333333333333,191,4,253.14214860218536,0,1.5903742174840143,failure
8,37,25,1,32,0.03125,282,5,384.43033644075115,0,2.8220538532856425,success
8,78,301,2,37,0.05405405405405406,40,4,192.15682813599977,0,2.0590896688913243,failure
6,64,62,0,21,0.0,63,2,95.47290246650573,0,3.6773681549381916,success
11,54,1,1,25,0.04,149,5,71.79578307094711,0,1.5347253024144567,success
4,102,0,0,11,0.0,102,2,274.07754331008715,1,8.225925978833045,success
8,71,21,1,44,0.022727272727272728,125,5,252.31889311947876,1,5.250566776990284,success
6,128,105,0,39,0.0,120,3,163.04516508324366,0,3.1706026586581815,success
6,81,41,0,11,0.0,200,7,192.56928924366167,1,3.0223932096535977,failure
11,73,16,5,12,0.4166666666666667,170,8,171.26346527283977,1,2.5153550479921636,success
3,78,66,2,48,0.041666666666666664,54,2,474.6337590217372,0,5.101837211191396,success
10,11,129,2,46,0.043478260869565216,170,6,209.12708682951884,0,5.359011878700324,success
9,102,76,0,35,0.0,90,4,111.16078412548607,0,9.916573317807492,success
4,173,55,4,9,0.4444444444444444,21,0,100.21120390420327,0,6.3272438560921,failure
13,15,7,4,9,0.4444444444444444,230,9,127.14126851874808,2,5.36102653530341,success
7,108,21,2,28,0.07142857142857142,111,1,198.67467204447598,1,0.4791053883356756,success
11,65,57,2,26,0.07692307692307693,57,1,235.33104462299454,0,5.545223649245193,success
6,100,63,2,48,0.041666666666666664,55,4,47.75408878788514,0,4.999890415454349,success
9,186,25,2,17,0.11764705882352941,203,4,125.2340491818504,1,8.976657766052089,failure
5,55,18,0,26,0.0,37,1,237.8039595337252,0,7.253246902016809,success
6,137,4,2,30,0.06666666666666667,157,4,246.65264865890248,0,4.847874293418346,success
7,49,37,4,5,0.8,147,4,297.37771945233277,2,2.358206640634273,success
5,246,68,2,21,0.09523809523809523,226,10,193.7403938909956,0,7.173469571209546,failure
11,117,66,2,23,0.08695652173913043,276,10,50.02429773408254,1,2.940689496920914,failure
6,198,2,1,6,0.16666666666666666,109,5,108.96847861761754,0,3.593955524446708,failure
9,147,65,2,15,0.13333333333333333,137,9,206.17013694071244,1,6.95442257813586,success
10,58,120,2,34,0.058823529411764705,238,13,391.4107919855666,1,3.19272787811861,success
9,127,33,3,27,0.1111111111111111,282,12,222.9717119882115,1,3.0389178634871112,failure
11,109,74,4,19,0.21052631578947367,183,6,108.55502728111668,0,4.4776368053024145,failure
10,97,33,1,27,0.037037037037037035,256,6,235.60250672365518,0,6.668337110613727,failure
8,94,9,3,16,0.1875,135,5,346.6470599407079,0,9.424219751045076,success
15,188,20,4,31,0.12903225806451613,240,12,225.78838543653373,1,1.5722592917638647,failure
3,108,58,2,10,0.2,162,11,318.856219676134,1,2.600497074955457,failure
8,10,69,0,34,0.0,26,1,149.35351744175233,0,9.855026193107825,success
7,161,12,0,9,0.0,258,9,164.52225751265652,1,6.2096207855651,success
6,17,125,0,42,0.0,208,5,102.0271320491009,0,0.1952418574149024,success
4,213,132,1,39,0.02564102564102564,28,0,405.9221761837916,0,8.956899366028514,success
8,9,12,0,10,0.0,200,7,123.54612944566482,1,2.8928636062029134,failure
9,139,90,2,18,0.1111111111111111,262,6,208.4986172202853,0,5.545386191822762,success
3,160,57,2,21,0.09523809523809523,268,7,258.84161334860204,1,3.735581622873512,failure
7,95,25,2,13,0.15384615384615385,243,7,162.76974954271589,1,1.8254695818951634,failure
7,57,7,2,44,0.045454545454545456,127,7,380.6651242786839,2,6.059733809709968,success
9,187,133,2,35,0.05714285714285714,224,12,225.15218649844945,0,2.228134781436792,success
10,40,35,2,40,0.05,193,4,210.4442520494955,0,2.3574318986149083,success
8,11,4,4,14,0.2857142857142857,244,4,309.41047703651736,0,8.046656108458372,success
9,65,114,1,31,0.03225806451612903,103,2,460.21554417343407,1,6.466959564606141,success
5,128,52,2,9,0.2222222222222222,128,4,217.508343721993,1,9.192195049224388,success
4,101,16,1,21,0.047619047619047616,109,5,197.22072947167038,1,4.436023933981693,success
11,166,39,0,35,0.0,150,4,344.0951082038002,0,5.09970595434854,success
6,14,76,0,18,0.0,40,3,362.5381506903302,1,0.7871189939236111,success
7,122,24,3,27,0.1111111111111111,48,2,72.927107253881,0,3.66211186734976,failure
5,156,22,1,48,0.020833333333333332,262,8,209.74925180597572,1,0.5827297603911679,failure
6,96,18,2,33,0.06060606060606061,276,10,164.75051171618153,1,3.5659875229244626,failure
10,277,15,1,43,0.023255813953488372,168,9,112.32783443026571,2,4.146333363827969,failure
2,52,44,2,19,0.10526315789473684,130,3,84.30807871538481,1,1.81322002808871,success
7,93,2,1,16,0.0625,254,6,233.3695363225166,1,8.565357394529112,failure
14,73,25,1,37,0.02702702702702703,86,1,119.20955987188997,0,3.43370849228601,success
3,182,56,0,44,0.0,109,3,401.91217966827605,1,0.6419457327938277,failure
11,212,5,0,34,0.0,191,5,490.3971894713022,1,3.9647348776826576,success
5,45,73,0,26,0.0,175,4,297.930011331941,0,5.5255729437826675,success
8,35,92,2,34,0.058823529411764705,81,3,302.0012563806808,0,4.8325671994090325,success
5,114,77,2,36,0.05555555555555555,88,2,270.16999448405153,1,5.677453949558482,failure
10,84,109,2,24,0.08333333333333333,284,10,140.7481282714302,1,8.837084107356121,success
10,130,39,1,42,0.023809523809523808,75,4,241.75935775086845,0,0.39041732156106,success
12,128,16,0,24,0.0,60,3,99.16288335305194,0,7.913520473192704,success
6,63,110,2,6,0.3333333333333333,39,0,390.2971051309649,0,3.8212962792521163,success
7,15,27,2,35,0.05714285714285714,79,1,267.60518000600536,0,3.901437347890818,failure
11,63,20,1,32,0.03125,60,2,294.65742467287754,0,5.943264233933251,success
4,48,29,2,7,0.2857142857142857,226,9,425.54023459149334,0,5.976391694358778,failure
9,50,10,1,24,0.041666666666666664,162,4,275.88005514357457,0,1.1461452259165108,success
12,188,19,0,39,0.0,119,4,350.5454329567483,0,6.37542199468983,success
11,37,37,2,23,0.08695652173913043,32,1,394.48702703580756,0,1.8363086167645677,success
10,28,114,2,10,0.2,89,0,271.4495698151703,1,3.0200196211001407,success
5,90,33,1,15,0.06666666666666667,295,7,217.11841376706465,1,4.88727791095967,success
5,57,68,2,49,0.04081632653061224,163,6,203.19770880628977,0,6.706574533714913,failure
9,139,15,2,10,0.2,209,8,247.2899072770076,1,7.596220384675705,failure
11,109,105,3,22,0.13636363636363635,272,12,345.1757189604236,0,7.218886960085698,failure
10,121,183,3,18,0.16666666666666666,186,6,548.7221935297663,0,5.250602369086492,success
10,113,116,0,18,0.0,247,9,20.73112594072083,1,1.7848670372721505,success
11,107,76,5,5,1.0,243,7,174.28017725660854,1,6.800676976346895,failure
6,64,9,5,21,0.23809523809523808,118,3,233.74801540726918,0,9.768372068324457,success
7,95,26,0,18,0.0,264,7,239.27385664113973,0,8.182010599184293,success
9,76,2,2,35,0.05714285714285714,279,6,466.9319856942009,0,4.366570875714834,success
3,28,24,2,49,0.04081632653061224,217,6,194.90773655583953,0,4.646621924051352,failure
10,106,49,0,14,0.0,214,9,166.41270724089603,0,9.54819775177935,success
3,31,74,4,42,0.09523809523809523,71,0,242.63889166511595,1,0.7708483879681608,success
8,144,31,2,37,0.05405405405405406,296,9,149.1990921954439,1,5.9699238196548645,success
5,36,64,1,9,0.1111111111111111,66,1,148.1253660739533,0,1.4959834052657897,failure
13,51,50,1,20,0.05,120,5,137.8634134169023,0,0.8462947560641658,failure
15,41,18,1,24,0.041666666666666664,279,5,204.88007371185054,1,2.915357934699842,success
7,155,15,1,26,0.038461538461538464,228,4,267.0359574829459,1,2.371579401289859,failure
5,137,75,1,44,0.022727272727272728,185,2,327.4945546535723,0,0.5507426168436639,success
10,118,55,1,21,0.047619047619047616,268,7,211.16663849258967,1,8.544718981133341,success
7,56,32,2,13,0.15384615384615385,228,8,449.8501211917666,1,8.36858443065627,failure
6,114,5,1,42,0.023809523809523808,161,4,265.9972608427127,0,6.839417085326525,success
6,150,88,3,46,0.06521739130434782,71,0,128.68353560219657,0,7.7068794585082525,success
6,80,15,1,13,0.07692307692307693,276,13,310.40478900274815,1,0.7589147454962678,failure
11,43,59,2,19,0.10526315789473684,164,7,197.31282410512523,0,2.80032918276065,failure
9,121,25,3,18,0.16666666666666666,179,5,357.46305092095076,1,5.9574146867197815,failure
14,160,36,3,13,0.23076923076923078,189,8,271.1877538337105,0,8.931908488033214,success
14,142,58,4,13,0.3076923076923077,178,7,210.50925289402429,1,7.0982031557333505,failure
9,153,1,0,37,0.0,121,4,179.7736092099986,0,0.2763717196647101,failure
4,102,17,3,35,0.08571428571428572,200,6,148.40833703708284,1,2.4671208438345285,success
10,158,53,3,14,0.21428571428571427,250,8,389.8256740325887,1,4.104455666569831,failure
8,179,18,0,14,0.0,153,6,329.79693697286274,0,6.256125159242725,success
9,76,129,3,43,0.06976744186046512,222,9,345.48358240395345,1,6.680960248440433,failure
10,72,70,0,9,0.0,241,8,228.78321346901342,0,6.148541508757214,failure
9,61,27,0,22,0.0,101,4,105.50102019088168,0,0.8010559292890489,success
12,28,64,3,37,0.08108108108108109,28,0,67.9659961139898,1,7.602651313430817,success
4,22,49,0,22,0.0,86,4,272.710675400138,1,6.7338785152285014,success
16,296,74,2,16,0.125,46,0,107.23891194240639,0,2.212459756002615,success
3,9,22,3,29,0.10344827586206896,65,2,369.0231653016081,0,5.013517884591583,success
3,73,1,2,31,0.06451612903225806,200,7,534.1313552327889,0,2.6359278891819655,success
11,193,7,2,45,0.044444444444444446,203,11,216.7179989451132,0,6.896983851884737,success
3,53,35,0,13,0.0,204,5,332.59212433699236,0,2.2376162185776294,success
10,47,52,2,17,0.11764705882352941,131,2,189.16261509458076,1,0.29959264713075184,failure
8,27,31,2,26,0.07692307692307693,155,4,289.2943523243901,0,4.373838636372822,success
7,78,21,0,6,0.0,33,1,361.84269843862825,0,0.52589943580582,failure
12,155,94,2,43,0.046511627906976744,48,2,259.2083566976808,1,0.5277790358217808,success
5,66,18,1,19,0.05263157894736842,161,3,109.85566198085613,1,1.9923055435182968,success
7,86,8,2,27,0.07407407407407407,286,6,308.94325937479346,1,7.238533643078155,success
7,127,24,0,17,0.0,212,4,96.07888721258784,1,9.43381777528352,success
12,40,42,3,49,0.061224489795918366,81,1,135.5156736209546,1,5.175257514784871,success
8,30,98,2,24,0.08333333333333333,168,8,569.8936788289149,0,6.811814010055684,failure
17,145,156,0,17,0.0,117,2,347.7835858409259,0,0.5906840791828184,success
9,75,33,1,31,0.03225806451612903,86,2,233.11564006208434,2,7.924498884336271,failure
9,29,28,1,46,0.021739130434782608,282,8,541.446378258245,2,4.53799964238372,failure
9,245,95,2,21,0.09523809523809523,30,0,179.34746096845547,1,4.875468535161531,failure
7,21,24,0,35,0.0,298,5,344.13925773136606,2,8.046613415742167,success
5,66,9,1,30,0.03333333333333333,261,12,379.4824222010701,1,1.2535779024801685,failure
6,333,93,1,26,0.038461538461538464,167,7,35.12387364785157,2,4.611144631764289,success
8,97,94,2,45,0.044444444444444446,138,7,225.82454028135754,1,5.439479537065775,failure
11,177,15,0,36,0.0,139,3,161.3573703755661,0,6.173050756318186,success
7,40,41,2,26,0.07692307692307693,204,6,51.38861892986709,1,7.104091681779952,success
14,116,26,0,32,0.0,129,3,517.2143046278236,1,6.347615523261505,success
10,71,83,1,46,0.021739130434782608,41,1,248.9368797485971,1,8.49194959976246,success
9,95,7,2,5,0.4,283,11,72.13319392955826,0,9.821672317056414,failure
9,46,42,1,8,0.125,122,3,266.17308564225505,1,0.2673940980748276,failure
10,81,49,0,20,0.0,32,0,350.7977717312098,0,4.191081899944498,success
6,255,22,2,47,0.0425531914893617,284,2,106.65209621547226,0,4.149760369858121,success
9,106,122,3,27,0.1111111111111111,153,3,222.0840107388587,1,7.5297123032250415,success
10,191,22,1,42,0.023809523809523808,52,0,321.65278050190676,0,2.9758987197789244,success
3,145,14,1,45,0.022222222222222223,204,8,199.53010369644858,0,0.2491668980312163,failure
12,222,77,1,40,0.025,292,10,362.9790752598132,0,0.8391139882595383,failure
8,181,27,1,18,0.05555555555555555,117,5,133.77032687052537,1,9.243795383669942,failure
9,246,4,1,47,0.02127659574468085,79,2,238.90802560762236,0,9.19039141510068,failure
12,81,38,0,47,0.0,183,6,90.06333273612147,0,2.6375224721900463,failure
12,95,29,1,7,0.14285714285714285,170,4,484.33887925886415,0,9.366285441752064,success
4,62,66,3,5,0.6,274,6,142.3732316293338,1,8.772071961631935,failure
5,27,1,1,48,0.020833333333333332,288,9,185.48490223286058,1,6.921254173456283,failure
5,219,52,1,20,0.05,243,6,419.93563347901693,1,2.5224993888521934,success
8,39,72,3,12,0.25,281,6,476.33137112804377,1,1.2716669341455034,failure
12,18,9,4,5,0.8,263,12,280.3682413412991,0,1.7602738091257135,success
4,58,63,2,25,0.08,210,3,256.08285039192776,2,2.0580914796209564,success
7,148,43,3,6,0.5,190,7,368.015542661141,1,8.090731075604168,success
6,209,23,1,16,0.0625,190,6,279.23133396585746,1,3.276330539659063,failure
9,146,35,2,18,0.1111111111111111,172,7,161.03603857249493,1,6.811873320324274,success
5,134,11,2,26,0.07692307692307693,86,1,183.30644559986536,2,7.707365248338787,success
11,341,28,0,24,0.0,75,2,597.8755631108136,0,4.392126499954304,success
6,26,33,0,21,0.0,130,5,120.56081312690458,2,2.2177675523768747,success
11,94,28,0,11,0.0,210,8,268.8517610132563,0,4.7978289354800605,success
3,53,84,3,25,0.12,34,2,185.42397961101554,1,1.4284132684287754,success
6,124,44,2,38,0.05263157894736842,272,10,131.15982610934572,0,8.172977934147085,success
7,58,82,1,26,0.038461538461538464,37,1,413.69354190241523,1,8.082544807992809,failure
7,7,28,3,26,0.11538461538461539,29,1,168.56756365958503,1,9.3456854417521,success
9,124,57,1,25,0.04,152,2,245.7971856274847,2,8.13726571964329,success
8,114,42,1,17,0.058823529411764705,191,3,87.25881595306798,0,6.525081282952761,success
10,53,43,2,49,0.04081632653061224,148,4,91.38509489377735,0,3.8395765727090625,success
4,62,86,2,10,0.2,72,2,245.30533483632144,0,5.015808888102299,success
5,34,13,3,29,0.10344827586206896,62,2,139.97581123885257,1,1.9460982310756794,failure
4,80,45,1,48,0.020833333333333332,176,7,106.41789601966873,0,6.768164019666737,success
4,493,38,2,35,0.05714285714285714,130,4,104.52232659307985,0,8.363936110353775,failure
7,269,76,1,29,0.034482758620689655,102,1,441.6655650571549,0,7.00197985091032,success
6,64,55,1,36,0.027777777777777776,201,9,226.11807025784708,1,9.573574188719814,failure
7,92,52,0,33,0.0,70,2,291.97121268562273,0,9.733247036251022,success
8,45,41,1,39,0.02564102564102564,191,9,134.28956037284888,1,6.9953084932229945,failure
12,182,81,1,16,0.0625,294,8,145.5371726799687,1,7.4862491392246415,failure
9,19,97,2,20,0.1,275,1,213.96971072154238,1,3.34062093053899,failure
2,33,28,2,13,0.15384615384615385,272,10,146.35837423304085,0,0.546586400132234,success
6,44,40,2,17,0.11764705882352941,208,6,119.74198803830672,0,8.597585500194155,success
10,40,131,1,16,0.0625,31,0,246.0342116418839,0,6.9105818366763945,success
12,25,10,3,30,0.1,233,7,303.7536431038098,1,9.6517359855764,failure
4,50,33,0,19,0.0,148,8,252.5976183691788,0,0.10308568981996857,failure
6,92,6,2,8,0.25,276,6,399.75560367017476,0,7.186189208588557,success
10,44,48,1,14,0.07142857142857142,248,6,455.9942367683729,1,2.75582654863231,failure
9,26,18,1,48,0.020833333333333332,299,10,341.0239207622966,0,4.498521300308674,failure
5,58,18,3,42,0.07142857142857142,260,10,149.0468283147053,1,4.570128042468873,success
9,94,7,1,16,0.0625,111,4,216.50819128547298,0,0.4533105307018511,failure
8,25,37,0,26,0.0,109,4,218.8172398041334,1,8.535180169670094,success
10,115,58,2,42,0.047619047619047616,292,7,200.96718220392182,1,0.9754335942558157,success
3,17,10,2,34,0.058823529411764705,82,0,325.56693040843226,0,9.532910142928241,success
7,58,7,2,19,0.10526315789473684,21,1,134.82513476482427,0,5.753050878376486,success
7,54,54,0,40,0.0,133,10,413.57628422908834,1,2.8193480568903526,success
7,8,61,2,9,0.2222222222222222,225,10,369.26745528513135,0,6.422990212803409,success
14,289,67,0,8,0.0,96,2,52.66725714122549,1,9.280866290272895,success
7,81,24,1,30,0.03333333333333333,184,5,233.06581849540416,0,7.82966882400979,success
7,48,21,1,47,0.02127659574468085,264,13,176.6423580638329,1,1.7393685818797768,failure
8,5,68,1,23,0.043478260869565216,94,7,166.04785732962065,0,3.167857549334927,success
5,128,27,3,18,0.16666666666666666,78,3,107.67713148610785,0,1.1751522411791109,success
7,54,43,0,31,0.0,192,6,296.21729560969436,2,7.339675681624647,success
12,127,14,0,42,0.0,92,3,220.80472393958334,1,2.0894940678749445,success
4,43,16,2,30,0.06666666666666667,247,5,169.62047895501777,1,7.481630806453315,success
4,132,81,1,46,0.021739130434782608,41,2,350.9621709827108,0,1.4041218337261239,success
10,23,36,2,27,0.07407407407407407,190,3,174.51877377384213,0,7.649378423284907,success
5,215,13,3,46,0.06521739130434782,249,5,190.99555713246,0,5.193154174272858,failure
5,72,53,2,6,0.3333333333333333,262,9,145.34492806888008,0,8.403123065221237,failure
9,94,8,0,17,0.0,212,9,154.05630341187273,0,5.237286623125772,success
10,138,12,1,16,0.0625,202,7,349.92411169451793,0,2.561241114596754,failure
8,82,25,2,41,0.04878048780487805,166,5,121.68564939721038,2,6.841887545990879,success
9,129,44,2,44,0.045454545454545456,83,3,226.21398219405057,0,3.07316152274071,success
8,22,23,2,40,0.05,28,1,489.7440198934465,1,1.0109944835297078,failure
5,81,27,2,7,0.2857142857142857,223,8,218.39486668976886,0,8.28536576408714,failure
6,181,38,0,8,0.0,190,7,575.8682835468439,0,7.322373668401838,success
18,77,55,2,35,0.05714285714285714,181,1,332.4130465986622,1,0.6687444729000125,success
9,206,109,1,45,0.022222222222222223,248,5,338.0087797062146,1,9.276806401196913,success
7,76,3,0,32,0.0,194,7,370.36170167135333,1,2.1156662775088244,failure
6,85,27,3,44,0.06818181818181818,228,6,199.16374862212032,0,7.461875367992118,success
10,30,19,3,15,0.2,227,7,596.3899480922149,1,0.3168422546851699,success
11,25,95,0,47,0.0,63,2,484.9045871820794,0,4.840804195498536,success
4,90,58,1,20,0.05,31,1,200.9587217928899,0,2.6422077754138926,failure
8,73,102,2,42,0.047619047619047616,234,10,275.3391449977141,0,5.596047465102991,success
14,4,93,1,33,0.030303030303030304,230,6,181.16489805150707,0,2.774630922173233,success
9,165,20,0,19,0.0,212,7,73.96841229822448,0,5.018879271491902,success
6,23,135,2,25,0.08,98,2,139.1672237281029,2,0.21164553226211888,failure
4,82,41,1,18,0.05555555555555555,43,1,105.97254173275017,1,9.088097343553867,success
8,86,33,0,20,0.0,208,3,190.60960156894132,0,8.104178384592046,success
6,155,4,2,31,0.06451612903225806,73,4,135.6962276473402,0,0.3471892532039529,failure
8,226,53,0,32,0.0,72,1,133.24768968967356,1,9.86605833004804,success
3,225,34,1,18,0.05555555555555555,143,3,167.81868871570276,0,9.287016616104857,success
3,81,69,3,40,0.075,187,3,247.53366208362038,1,6.6284747847916154,failure
5,179,10,3,14,0.21428571428571427,53,1,237.4080612914708,0,4.00112831125614,failure
10,104,23,1,13,0.07692307692307693,171,5,230.03783617491308,0,8.850550490913676,failure
5,82,19,2,32,0.0625,91,1,142.70146005667277,0,8.596203485473252,success
6,53,124,1,18,0.05555555555555555,148,6,92.17323396417046,1,4.270900248721223,failure
13,40,30,2,23,0.08695652173913043,192,2,226.29113539202464,0,7.078520346055618,success
4,151,10,2,17,0.11764705882352941,29,0,141.8635872667101,0,8.123290751073695,success
8,36,1,2,41,0.04878048780487805,119,3,352.28333235053816,0,8.192912966912917,success
11,88,56,3,43,0.06976744186046512,26,0,105.35374312323819,0,9.737634173452694,success
13,161,62,1,7,0.14285714285714285,112,2,181.49763704501143,1,8.020150101042766,success
12,38,12,0,11,0.0,246,8,238.2892839293133,0,5.592369330618915,success
14,86,33,3,32,0.09375,179,5,241.83998948712662,1,8.060106327262808,failure
8,62,93,2,18,0.1111111111111111,197,5,298.75951283557777,0,3.0909749294079245,success
6,75,40,3,41,0.07317073170731707,138,6,500.01465675976783,1,2.5458842131643706,success
9,97,40,3,26,0.11538461538461539,115,3,177.4616783239305,0,3.0317030846704767,failure
8,65,19,4,35,0.11428571428571428,105,7,249.39574548431483,0,5.487661684151094,success
9,183,53,2,5,0.4,290,11,259.29623535989214,0,5.92700156062876,failure
3,17,56,2,16,0.125,252,4,346.251856944667,0,3.2706141932437465,success
10,137,18,1,28,0.03571428571428571,124,2,147.2959026961384,1,4.869829364298262,failure
4,68,25,2,34,0.058823529411764705,160,5,237.1711947621986,1,5.813096326485903,failure
7,22,63,1,31,0.03225806451612903,41,1,193.30419366710666,0,2.846483249011318,failure
8,65,39,1,20,0.05,105,1,460.2514412915938,2,0.6622357887921336,failure
2,300,40,2,25,0.08,150,4,153.42147103001685,0,1.1449016465060489,failure
5,43,13,1,8,0.125,38,1,538.6254125151319,0,6.165896485927122,success
11,42,27,2,6,0.3333333333333333,255,7,172.47559255631847,2,9.225854197187543,failure
7,94,25,1,25,0.04,119,6,136.09096935829595,0,4.511910546686913,success
6,135,79,0,11,0.0,186,6,470.7378634475071,0,5.134360249954095,success
5,160,15,2,41,0.04878048780487805,217,8,435.36607356472723,1,0.497808978934425,failure
7,174,46,0,11,0.0,289,9,716.6010897128078,0,9.528170175286197,failure
10,63,100,0,6,0.0,175,8,111.37424135298289,0,8.597108696397266,failure
14,107,45,0,16,0.0,204,4,179.0893187039025,1,4.932240235491909,success
10,12,48,0,5,0.0,192,8,391.17326071666184,2,8.833721752272963,success
9,68,42,0,7,0.0,134,4,303.14021023425295,0,4.425957890332955,success
8,140,39,0,5,0.0,22,1,171.58608183594103,0,4.6283204165921115,success
8,19,50,3,39,0.07692307692307693,278,9,316.10151089894345,1,6.861840854032244,failure
10,117,13,0,20,0.0,100,1,251.8587646352628,1,3.301160745450394,success
8,33,38,0,12,0.0,70,2,234.59067261291315,0,8.82716793845302,success
6,18,20,0,25,0.0,33,1,236.11567326550949,0,2.2158663522997317,success
11,42,27,4,9,0.4444444444444444,258,11,272.3300872506519,1,9.61037006655143,success
14,109,92,0,35,0.0,196,4,294.6049348627462,1,9.2774878333004,success
8,130,25,2,30,0.06666666666666667,279,7,144.66687418750743,0,3.5218282245975447,success
10,37,14,3,5,0.6,253,6,187.69697710481657,0,6.64014918825046,failure
10,404,68,1,27,0.037037037037037035,195,6,226.99577354634917,1,5.017141196916855,failure
10,115,100,0,17,0.0,219,9,245.7223443802696,1,5.88683948776361,failure
13,53,41,1,36,0.027777777777777776,105,3,138.7715563006563,1,1.8104023839018182,success
9,58,102,3,9,0.3333333333333333,52,0,346.21907275182207,0,7.510999871200443,failure
10,221,32,2,24,0.08333333333333333,191,6,179.5265430993494,0,5.1522587791755505,failure
9,155,59,0,32,0.0,235,3,211.58383539471996,0,1.1313850784604356,failure
4,70,37,2,11,0.18181818181818182,277,7,82.9772136988018,1,8.012656533906549,success
8,74,28,4,17,0.23529411764705882,154,5,160.7984914731435,0,9.02791608359992,failure
4,8,30,0,36,0.0,232,7,350.44396573116614,0,0.1611255472713445,success
10,222,51,0,22,0.0,287,11,129.77045287940422,1,8.087843874752418,success
5,34,83,2,49,0.04081632653061224,259,10,254.56263753393156,1,5.717191712124073,success
4,54,77,2,12,0.16666666666666666,99,2,280.4501485187468,2,0.5989627352298312,success
10,58,15,0,33,0.0,297,7,64.55291231458125,0,4.511179931597897,success
12,288,44,2,24,0.08333333333333333,161,10,110.00215072043207,1,4.214923484632466,failure
6,84,12,1,30,0.03333333333333333,253,7,188.12364998075765,2,2.00108365368864,success
8,165,36,3,22,0.13636363636363635,96,1,552.0924820703938,0,3.66426163819601,success
6,7,94,0,6,0.0,291,10,292.67269521274864,2,5.0792143132103815,success
12,53,123,0,47,0.0,90,1,138.00463747824094,2,5.536390183575127,success
4,121,43,0,46,0.0,293,9,184.08901312567662,0,1.5443883163509158,failure
12,80,2,1,28,0.03571428571428571,229,9,475.7685191416633,0,5.907124245431072,failure
4,360,26,2,47,0.0425531914893617,66,1,343.04696108135585,0,2.640971324937938,success
13,143,28,2,12,0.16666666666666666,222,6,275.99921163854793,2,1.7146940220402123,success
4,124,14,0,26,0.0,70,2,267.92146443981756,0,3.3748370661449245,failure
12,37,70,0,38,0.0,58,7,189.02961257815807,1,6.404751772691862,failure
3,154,45,3,36,0.08333333333333333,164,6,209.64998929354945,1,9.600791560730434,success
8,228,65,0,39,0.0,123,1,478.13819068983526,1,8.263050242282617,success
10,75,82,2,29,0.06896551724137931,79,1,119.5450642115216,0,8.66717728643942,success
10,94,12,0,11,0.0,281,6,357.7864838269433,0,2.24334097508024,success
11,284,128,0,18,0.0,65,0,261.7451469904968,0,4.668865099400762,failure
6,170,27,0,48,0.0,136,3,140.74847978428593,0,4.520024641777097,success
7,50,50,3,33,0.09090909090909091,202,5,111.47499834529418,0,4.65822308595001,success
8,278,50,2,41,0.04878048780487805,140,3,256.31305939855514,2,2.077111823645621,failure
6,130,23,1,41,0.024390243902439025,220,7,174.78378472996525,1,8.44933815425545,success
6,103,12,0,11,0.0,180,4,230.03950271258614,1,3.384067063551545,success
11,194,76,1,37,0.02702702702702703,216,11,364.5539920022698,0,4.795965395950217,success
9,137,4,1,21,0.047619047619047616,295,11,205.13997200690255,0,3.6901680096351486,failure
9,61,21,2,23,0.08695652173913043,170,3,214.7822688930748,2,3.5388429676587427,success
5,138,51,1,29,0.034482758620689655,275,6,222.638694626251,1,6.1783423088014064,failure
6,48,77,1,12,0.08333333333333333,193,11,337.4124023542162,0,9.930801754939752,failure
7,194,47,1,16,0.0625,290,6,312.6841813480884,0,8.860587704589674,success
11,81,64,3,7,0.42857142857142855,254,4,144.70162830119096,0,9.285093192858964,failure
6,24,11,2,35,0.05714285714285714,79,1,363.1779506830047,0,4.396735551206317,failure
6,68,12,3,48,0.0625,216,8,454.80390851066966,1,1.982576856473708,failure
12,168,19,3,12,0.25,251,7,285.8483938486752,2,0.23371675614199264,success
3,67,26,1,8,0.125,99,1,125.9539101488102,0,0.5332540892123023,failure
7,100,58,3,36,0.08333333333333333,130,3,95.98329381486037,1,7.291534180383239,success
7,6,5,1,11,0.09090909090909091,213,3,130.33155598953093,0,3.6954903693402965,success
8,62,28,3,18,0.16666666666666666,268,6,226.30289572814343,1,6.570321080239983,success
7,17,35,2,38,0.05263157894736842,176,3,199.89083206858334,0,5.572040684052005,success
7,66,42,0,9,0.0,24,0,336.7629766398378,0,9.80079375812098,success
5,154,45,0,16,0.0,111,5,252.44419604589194,0,7.1554569314249035,success
8,77,23,0,41,0.0,21,1,136.11945342363546,1,9.82819613548179,success
8,57,64,0,31,0.0,245,9,342.9573300724108,1,3.0721245369211134,success
8,14,24,0,25,0.0,278,10,113.08665428691329,1,3.383358524650854,failure
7,36,21,4,17,0.23529411764705882,60,1,169.92543375550318,1,5.150097118539587,success
6,33,42,1,29,0.034482758620689655,169,5,569.9128072391782,0,5.015902355242681,failure
9,122,19,1,38,0.02631578947368421,81,2,564.7083317146742,1,5.252639215059576,success
6,73,128,5,46,0.10869565217391304,151,5,159.19267301930705,0,8.535812295690183,success
8,140,44,1,48,0.020833333333333332,100,5,121.25486666344264,1,7.1705458183883115,failure
11,152,25,1,21,0.047619047619047616,69,4,322.049580117689,1,1.8629871185504423,failure
7,84,63,0,25,0.0,134,2,231.91712953994502,0,5.909744702622831,failure
10,71,28,2,19,0.10526315789473684,283,8,189.6111596025988,0,1.8339247941991725,failure
12,124,54,3,30,0.1,194,3,122.88029162937124,0,4.269934104148351,success
8,55,87,1,37,0.02702702702702703,255,9,175.51093678525714,0,9.104181993328666,failure
12,16,30,2,39,0.05128205128205128,258,8,113.05847744834367,0,0.8243139823253076,success
12,142,45,3,30,0.1,124,6,233.4337542316231,0,9.636726024339929,failure
11,72,5,2,16,0.125,210,6,256.76506856117317,0,2.2924495759753802,success
9,136,46,2,26,0.07692307692307693,267,10,38.52406787677601,1,1.8378453924611529,failure
8,43,58,0,14,0.0,113,2,316.69959353575496,1,4.857403952842382,success
6,46,71,0,13,0.0,238,8,196.42606691356502,0,8.956720776870226,success
3,166,102,1,40,0.025,240,3,315.5439880244056,0,1.95687835797853,success
3,24,11,4,38,0.10526315789473684,138,2,261.9783307348793,2,0.1747338485169326,success
6,33,24,2,25,0.08,171,5,236.79839645784486,1,4.246957312230776,failure
2,29,102,2,37,0.05405405405405406,36,2,82.67745166009628,2,5.777303961197709,failure
3,126,3,2,14,0.14285714285714285,271,12,267.52524269284964,0,7.497344132473614,failure
14,132,2,2,49,0.04081632653061224,213,7,285.89945741501595,0,0.6544782682082612,failure
7,42,15,1,11,0.09090909090909091,227,4,404.51572974754407,1,5.267413562538871,failure
9,117,15,2,32,0.0625,278,10,261.1090123327672,0,1.7516747905273136,success
7,25,90,1,22,0.045454545454545456,298,6,335.66576553989347,2,4.357665478170739,failure
6,196,136,1,19,0.05263157894736842,154,4,475.77032886856404,0,9.697070226701904,success
11,54,1,3,44,0.06818181818181818,209,5,160.15574762994657,1,9.800431831733906,failure
4,78,6,1,34,0.029411764705882353,268,11,76.49736394155232,1,9.854938991963701,failure
8,58,44,1,29,0.034482758620689655,236,8,208.82710840882277,0,3.696607512441384,success
5,104,36,1,49,0.02040816326530612,268,4,65.04668008166361,0,7.058965441540133,success
12,81,45,2,34,0.058823529411764705,263,11,420.64326187425286,0,8.739367299899094,failure
9,142,36,1,20,0.05,189,5,410.61975329641695,1,5.106179217253966,success
1,68,7,3,14,0.21428571428571427,49,2,25.235936045520507,0,4.797518868905131,success
6,61,11,1,29,0.034482758620689655,189,7,132.81487390817603,1,7.250420993976488,failure
12,20,21,0,16,0.0,68,7,168.43678941305325,0,5.077996196007177,failure
8,150,51,3,44,0.06818181818181818,124,3,353.63735265478067,1,5.864528067551667,success
10,46,42,0,5,0.0,162,7,282.2931974341197,1,4.584926791454407,success
9,35,50,0,13,0.0,62,1,82.96930038750665,0,7.3415731303083485,success
12,11,33,0,24,0.0,103,8,413.08135153331904,0,8.512461427069386,success
12,198,109,0,42,0.0,61,1,140.39783942996402,0,4.594413913151768,success
10,169,45,3,22,0.13636363636363635,111,4,282.8692601453165,0,4.9615704721791785,failure
5,37,66,1,33,0.030303030303030304,91,8,248.64519323817967,0,9.235092561805892,failure
7,233,72,0,41,0.0,67,1,150.42796197678533,0,5.675136319056627,success
11,299,40,4,16,0.25,258,8,128.52340842040064,1,4.801619241456691,failure
7,66,82,4,41,0.0975609756097561,172,13,278.74415595060475,1,9.711209398455786,failure
11,224,53,1,36,0.027777777777777776,222,11,311.2247928095983,0,0.7575505733721113,success
7,21,19,1,16,0.0625,275,6,241.8021105471715,0,6.2677971854426655,success
7,147,23,1,41,0.024390243902439025,43,0,183.69856189663838,0,0.35296270274419783,success
7,80,38,0,43,0.0,213,6,133.5535455549934,0,4.544521164792541,success
8,90,13,1,16,0.0625,241,9,337.45363870262423,0,3.3105370561381466,failure
10,136,50,2,37,0.05405405405405406,187,7,88.43020457153894,1,4.402576228442016,failure
2,79,70,1,47,0.02127659574468085,217,7,86.42986275771494,1,9.039834599066587,success
7,86,122,3,36,0.08333333333333333,253,8,102.94280553479864,1,5.141131404831477,failure
9,56,68,0,37,0.0,132,2,111.95166348097688,2,5.880225069129302,success
6,139,60,2,28,0.07142857142857142,282,8,111.23322214029524,0,3.361919474075178,success
9,129,56,2,35,0.05714285714285714,71,2,191.212813899729,0,9.853933557344623,success
5,84,28,4,34,0.11764705882352941,231,8,95.13194340716623,0,9.75010180366986,failure
7,261,28,0,30,0.0,270,5,353.6757167240303,0,8.730296861627808,success
5,37,58,0,6,0.0,61,2,253.63745616040742,1,7.110584818161245,success
7,55,15,1,21,0.047619047619047616,53,4,367.973353392944,0,4.337353165015856,failure
8,57,29,0,5,0.0,237,9,281.0480022139258,0,1.3529514163618734,success
11,42,82,2,35,0.05714285714285714,292,10,242.6075414659347,0,9.100491562265235,failure
8,60,17,3,33,0.09090909090909091,274,5,355.7676300944157,0,5.3858231760640365,failure
8,51,22,0,15,0.0,216,8,151.7067769438766,2,5.6614346706568055,success
4,16,25,2,49,0.04081632653061224,25,1,146.65412141850098,2,1.1149287237379348,success
9,48,111,4,8,0.5,53,2,400.9615472421352,0,7.946555578419167,failure
6,196,12,1,40,0.025,114,5,220.77896757916142,0,5.568135426721313,failure
9,62,24,0,12,0.0,184,6,184.85830443352714,1,2.6581176846938255,success
10,252,14,1,40,0.025,167,5,395.57850040599595,0,1.8010903394349165,success
6,57,15,4,25,0.16,223,5,178.56335495857283,0,6.1781226361917385,failure
4,104,89,2,15,0.13333333333333333,206,6,214.34253873736037,0,8.652948387510893,failure
8,133,22,1,16,0.0625,158,3,131.07496818248907,1,5.298934766527327,success
4,46,40,3,30,0.1,113,1,179.91945041027085,0,8.620890963243516,success
14,115,43,0,31,0.0,133,2,40.03521095544927,1,1.954295143414033,success
6,94,25,1,38,0.02631578947368421,59,1,644.2248608515608,0,5.578565243886874,success
7,34,52,0,14,0.0,225,8,156.03669751532502,1,4.4671480503700165,success
3,85,25,1,13,0.07692307692307693,129,4,200.86537703823595,3,3.297574460631991,success
7,213,15,2,43,0.046511627906976744,296,11,305.5459587468287,1,1.091433852557928,failure
10,64,32,1,17,0.058823529411764705,234,9,278.84633090318516,0,2.141330907595421,failure
9,255,97,1,16,0.0625,119,4,177.50859882742952,2,8.894171339474376,success
7,59,22,0,21,0.0,216,7,499.35022346085697,0,3.6855290322219574,failure
8,111,30,1,8,0.125,23,1,157.63945322669306,0,8.593885693629026,success
7,64,23,1,43,0.023255813953488372,141,9,365.11859809204276,0,8.159813060189748,failure
3,96,36,4,32,0.125,223,8,294.65869368384233,0,3.1188259442398216,success
3,71,32,1,45,0.022222222222222223,208,8,241.7316015456037,1,4.834073247303646,failure
12,248,17,3,24,0.125,164,4,210.5026156163682,0,4.587551509606605,failure
4,133,56,5,11,0.45454545454545453,72,2,326.6306115309962,0,8.980780699582917,failure
10,190,25,2,12,0.16666666666666666,27,0,224.6619883908809,1,6.188161064369795,success
3,167,32,0,39,0.0,177,4,241.33853721515095,0,4.431088059651261,failure
9,13,18,2,33,0.06060606060606061,102,3,208.68106529457273,0,5.242459545165197,success
12,106,68,0,19,0.0,27,1,359.6446403750522,1,8.431128262464762,success
7,159,42,0,35,0.0,45,2,239.1070096563872,0,3.1476051474616904,success
7,46,14,0,16,0.0,168,7,211.11316114353232,0,4.218809718055675,success
7,77,12,2,25,0.08,67,2,110.38007849491491,1,1.39194602843734,failure
17,26,30,0,20,0.0,70,4,136.2571628205192,1,5.723281100841779,success
6,260,13,1,43,0.023255813953488372,62,2,392.4002583934252,0,9.701090983928669,failure
6,121,30,0,36,0.0,149,4,122.21473586454286,1,3.507953111244189,success
11,94,8,2,10,0.2,81,3,188.19941346544277,1,9.413499989306372,success
6,41,48,0,28,0.0,23,1,248.78324015292065,1,8.065039368400875,success
8,34,38,2,36,0.05555555555555555,232,8,51.71149321121574,0,7.945220644812492,failure
10,37,16,1,22,0.045454545454545456,286,12,544.1050476316259,1,7.451181380720041,failure
11,28,51,2,48,0.041666666666666664,68,4,349.8635672177602,2,7.622654259131072,success
7,67,97,1,14,0.07142857142857142,270,7,302.3458638719846,0,3.4370941766723098,failure
10,155,15,2,33,0.06060606060606061,95,1,271.4763446171007,0,8.339349098160044,success
7,111,24,3,13,0.23076923076923078,61,2,317.93445967328677,1,9.740057203359155,success
4,79,50,0,17,0.0,187,3,126.01053145242881,1,1.1335481493249706,success
9,86,15,4,31,0.12903225806451613,192,9,44.581553321785165,0,1.3562257754274223,failure
11,46,75,2,41,0.04878048780487805,103,5,129.42013360899688,1,0.21491090289427067,success
9,27,76,0,12,0.0,93,4,305.96274244106485,0,7.0511440159119605,success
9,122,8,2,6,0.3333333333333333,134,7,84.58806430902902,1,0.8180915189985379,failure
4,88,23,1,46,0.021739130434782608,46,3,153.1433480921081,0,5.26655504810702,success
2,21,140,3,8,0.375,244,11,227.12884957810792,0,6.909352292694509,failure
9,257,19,0,14,0.0,228,8,255.22911594776272,1,5.986854770751693,success
12,6,26,0,18,0.0,126,3,116.48043566880374,0,6.111815534248723,failure
9,216,14,2,29,0.06896551724137931,45,0,333.0431677342265,1,9.618396337938291,success
6,19,39,2,45,0.044444444444444446,77,0,310.70512293106356,0,3.083131829885556,failure
8,50,20,1,18,0.05555555555555555,129,5,255.2432800830964,0,6.24087419846575,failure
9,215,41,1,14,0.07142857142857142,207,4,118.51148408433544,1,6.303950982935869,success
7,88,22,1,12,0.08333333333333333,269,7,381.7670233305462,0,2.830947998501899,failure
14,63,1,0,10,0.0,123,4,225.86628785099808,1,3.0986893355138503,success
6,71,3,4,9,0.4444444444444444,147,2,148.1620581055308,0,7.434123742558954,success
15,37,72,3,25,0.12,69,6,181.81059067660712,1,3.215561264422888,failure
10,54,98,2,27,0.07407407407407407,229,9,136.8287878555071,0,2.3970002015493073,success
10,90,18,1,41,0.024390243902439025,281,9,55.256384091426746,0,9.838033140632525,success
9,52,90,2,23,0.08695652173913043,250,11,202.96423090666275,2,1.0188519270120722,success
7,52,12,0,24,0.0,225,7,390.4990581268831,0,3.196897315004004,success
11,142,4,2,14,0.14285714285714285,100,5,344.65949200917447,0,8.422950791264599,success
7,83,25,0,22,0.0,56,3,250.77259287550316,0,2.108027175755031,success
12,198,61,1,24,0.041666666666666664,276,3,131.0313648375863,0,2.6461459841463437,success
13,75,74,2,15,0.13333333333333333,148,6,224.62045319027263,0,1.7062076604997818,failure
3,21,12,3,19,0.15789473684210525,74,3,255.75591657899108,2,5.894004891324256,failure
7,64,39,1,36,0.027777777777777776,171,4,177.5527288674977,1,0.1262966985042042,success
10,62,90,1,15,0.06666666666666667,252,7,512.1977233940822,1,8.769423385875932,success
7,264,36,1,33,0.030303030303030304,250,5,80.95338198805896,0,3.816479253771645,success
7,236,15,2,44,0.045454545454545456,286,10,327.7126376551257,1,5.063309865443127,failure
16,60,1,2,43,0.046511627906976744,236,8,179.1411006684344,2,2.562156689459349,success
8,20,100,0,5,0.0,246,13,443.80843235540476,1,0.5162092721589733,success
9,36,80,5,31,0.16129032258064516,285,10,375.3278583065887,0,9.627165120292377,failure
9,37,16,2,39,0.05128205128205128,72,2,256.3226143712291,1,8.819214217970561,success
13,124,155,0,12,0.0,195,4,320.67331782616833,1,2.8355433525841884,success
8,64,32,2,16,0.125,45,2,146.85691554763378,2,1.0837394274711944,success
4,124,63,1,32,0.03125,76,2,139.3387951709126,0,4.556613138351365,failure
7,164,33,1,23,0.043478260869565216,101,6,413.47986906179773,1,5.551311412646966,success
9,218,2,1,33,0.030303030303030304,245,6,112.6454580321068,1,5.747526769201252,failure
8,79,111,3,46,0.06521739130434782,104,2,438.1630879551913,1,9.175265016512144,success
6,35,88,1,46,0.021739130434782608,211,7,502.4875212658324,0,6.762585399035718,failure
3,156,35,1,22,0.045454545454545456,141,7,340.4115942161838,1,6.20033523880375,success
9,216,54,0,38,0.0,111,1,183.53580790749044,0,0.9461821382637506,success
6,87,2,0,23,0.0,191,2,99.9948309752133,0,5.294667789633698,success
6,93,15,1,28,0.03571428571428571,92,6,111.49967241704368,2,5.573955314696594,success
8,29,29,2,38,0.05263157894736842,62,0,349.63204297144466,0,6.3359681148404485,failure
2,69,116,0,36,0.0,170,6,207.49384042024263,1,1.6922808650203363,success
7,12,67,4,6,0.6666666666666666,109,2,181.4646408894472,0,9.61207762410621,success
3,144,14,1,36,0.027777777777777776,297,6,476.6917668384602,1,5.766281274001787,success
8,90,83,0,12,0.0,293,6,230.8276134020334,1,4.222657928390392,success
5,70,3,0,49,0.0,84,3,196.8440624368261,0,6.670745066285261,failure
7,53,25,2,13,0.15384615384615385,250,9,279.0115284646189,0,1.5328481445786108,success
9,18,29,1,27,0.037037037037037035,33,0,281.51316331716976,0,4.4180637179017,success
9,17,44,2,33,0.06060606060606061,112,1,376.70808483326965,1,7.237579150222226,success
12,86,3,1,11,0.09090909090909091,259,12,27.18377192659702,1,9.411129344526142,failure
8,97,16,0,9,0.0,290,9,92.17224695674766,1,4.522048204442804,failure
5,103,70,0,44,0.0,129,5,383.291208103535,0,6.341970834521965,success
11,299,137,1,36,0.027777777777777776,164,2,107.05903586005367,1,4.36594942427613,failure
7,7,24,2,44,0.045454545454545456,114,1,451.2458587747285,0,5.2864615099452115,success
5,28,12,2,7,0.2857142857142857,120,3,303.54853829738386,0,5.079083095237578,failure
10,258,18,1,14,0.07142857142857142,256,8,263.56402824322504,1,6.9944963075803255,success
6,50,22,0,44,0.0,163,4,97.77807163371774,1,6.569131105478315,success
3,230,9,1,33,0.030303030303030304,139,5,238.23821080649986,1,0.177949398396969,failure
7,59,59,0,49,0.0,99,4,214.10198970783898,1,0.9247844587241932,success
14,47,58,1,23,0.043478260869565216,275,8,584.3015700160519,0,7.629518546641009,success
7,114,50,0,29,0.0,139,2,86.13203272938122,0,1.6986365862324937,success
10,22,38,1,24,0.041666666666666664,127,4,303.5625080500365,0,7.7187699656407345,success
3,13,74,2,42,0.047619047619047616,30,0,116.70526659281168,1,8.172920358442553,success
9,29,60,1,14,0.07142857142857142,222,6,123.03539338023425,0,9.35405747435647,failure
4,122,149,1,15,0.06666666666666667,44,0,172.73587747472752,0,8.157739290167848,success
8,160,48,1,18,0.05555555555555555,212,6,153.73968486366803,2,5.381578715027625,failure
6,203,39,0,35,0.0,93,4,342.5365790001509,0,2.191325606165684,success
3,96,27,3,9,0.3333333333333333,35,1,328.10023005805044,0,1.3737297443281278,success
6,342,42,0,47,0.0,121,5,149.85002126135623,0,8.752438468367728,failure
10,73,7,2,32,0.0625,64,8,73.41324852314224,0,3.9643275772919475,success
8,50,23,0,23,0.0,30,1,573.6202436866716,0,0.6169383712845002,success
9,27,26,2,37,0.05405405405405406,24,0,119.29529254481395,2,3.539090477394675,success
8,249,14,2,6,0.3333333333333333,159,5,207.8689278968295,1,8.700086687835812,failure
9,75,5,0,33,0.0,225,5,242.93451003464511,1,5.665944330134244,failure
9,195,22,2,22,0.09090909090909091,22,0,293.3957503259977,1,6.450260163363571,success
10,108,16,0,14,0.0,161,4,150.8521195977087,0,2.608980802900382,success
3,133,20,1,42,0.023809523809523808,273,8,164.38617722407648,0,0.2929326726669209,success
9,116,38,1,19,0.05263157894736842,294,9,444.90807414794966,1,9.176083330183413,failure
8,29,211,2,26,0.07692307692307693,207,7,192.71000712938354,0,0.834103025733949,success
10,140,32,2,31,0.06451612903225806,201,5,97.97532039646478,1,9.99294382206447,failure
9,58,6,2,31,0.06451612903225806,267,6,421.20009999614393,0,8.705050913810144,success
10,54,37,1,26,0.038461538461538464,125,4,251.60096727097755,0,1.2469997247083533,success
5,512,26,4,25,0.16,89,4,260.4701972797392,0,9.993421306875858,failure
7,212,17,0,35,0.0,89,3,98.08297828171938,0,8.10000333294812,failure
8,102,10,4,38,0.10526315789473684,265,5,190.04698599511062,1,8.497130672760507,success
4,243,79,2,10,0.2,221,11,88.21422794289596,1,8.115855669358515,success
11,97,30,1,17,0.058823529411764705,164,4,179.51282947060395,0,9.296107207399606,failure
3,90,38,3,44,0.06818181818181818,171,5,151.7467872577193,0,7.5909864256955855,success
15,92,25,1,19,0.05263157894736842,175,2,139.15488093059938,0,5.31094296266883,failure
9,9,106,2,31,0.06451612903225806,103,5,161.10983267179267,0,0.10051928832555224,failure
6,43,35,1,35,0.02857142857142857,109,4,295.0797226819038,0,2.8655043478520548,failure
13,62,33,2,46,0.043478260869565216,195,4,80.24250722976304,1,6.042408704898568,success
13,136,83,4,27,0.14814814814814814,265,9,103.60470846559055,1,3.1904659823014963,success
7,128,67,3,39,0.07692307692307693,187,4,195.8427423586309,1,4.1597259793492,success
8,121,26,2,12,0.16666666666666666,271,6,141.1819415305887,0,1.1682847327820278,success
5,53,22,2,37,0.05405405405405406,265,7,333.8696813255887,0,9.801763159902107,success
5,354,80,1,32,0.03125,189,6,119.780056172202,0,1.2383762310117632,failure
13,118,21,0,11,0.0,297,6,298.89330072055867,1,0.8064874978166175,success
7,43,31,2,40,0.05,223,8,106.4972382842744,0,5.886434339347959,success
9,289,22,2,47,0.0425531914893617,233,7,165.18636955590225,0,6.2533491336814,failure
6,97,12,3,17,0.17647058823529413,197,1,235.9001183533497,0,5.292158982239948,success
8,51,129,0,46,0.0,173,5,308.59758625110896,0,3.597078150388715,success
6,53,22,2,35,0.05714285714285714,156,4,233.54187022747917,0,9.250581414946573,failure
13,19,130,0,17,0.0,251,9,65.33970148653839,0,3.5001316724079925,failure
6,186,29,1,39,0.02564102564102564,65,4,359.71861857236553,0,3.1758825964170803,failure
7,33,44,1,11,0.09090909090909091,98,2,304.94488663910494,0,9.457214292190049,failure
10,11,90,2,26,0.07692307692307693,202,7,195.43096224056137,1,8.860299092855936,success
6,44,5,1,44,0.022727272727272728,201,4,450.11281376811513,0,4.820165172259759,success
9,123,69,1,38,0.02631578947368421,161,2,252.85351866871056,1,2.680910401650966,success
9,93,37,0,13,0.0,64,4,215.88932573363817,1,1.3819207086217313,success
4,139,31,2,36,0.05555555555555555,60,3,170.90548715261227,0,8.010684273238304,failure
4,144,28,0,39,0.0,222,7,126.00015533325644,0,7.288970252196233,success
10,80,26,1,7,0.14285714285714285,21,0,290.37899852896726,1,1.1456631339484147,success
12,94,65,1,25,0.04,238,5,495.23765919043757,1,7.4301312445153185,failure
13,61,4,2,17,0.11764705882352941,27,1,164.73975543133704,0,8.98646972689238,failure
8,147,11,1,37,0.02702702702702703,281,9,137.0447565894842,0,0.6526964739668881,failure
12,27,38,1,40,0.025,251,9,158.8578937117246,1,4.165014422294537,failure
9,41,36,2,14,0.14285714285714285,229,8,159.734089354829,0,4.142823840002246,failure
6,145,80,2,40,0.05,233,5,266.2222669493731,0,8.1221508943449,success
9,163,33,1,22,0.045454545454545456,218,5,100.80962587803586,1,1.277482714040048,success
5,241,5,3,35,0.08571428571428572,227,2,275.08684465094814,0,1.5989475696327358,success
12,83,3,1,49,0.02040816326530612,189,2,114.25551576344905,1,3.8919921346093695,failure
9,127,22,1,44,0.022727272727272728,190,4,357.78469887326315,1,8.532438530869356,success
14,105,89,0,5,0.0,284,6,331.68494925715424,1,9.867926547033825,failure
9,72,46,0,35,0.0,23,0,35.73028588443878,0,5.506692037166759,success
5,73,96,5,30,0.16666666666666666,185,8,163.4968502378154,1,1.662372201878456,failure
6,201,37,1,20,0.05,34,1,452.4354177453234,0,9.03782364219848,success
5,77,12,2,42,0.047619047619047616,54,2,311.75950818885406,2,1.7062790705682471,success
4,113,37,3,16,0.1875,74,2,174.28368865082695,1,3.7411688896060515,success
5,54,120,2,47,0.0425531914893617,131,5,169.4329100030632,1,7.433305025166307,failure
6,58,18,1,47,0.02127659574468085,59,1,68.01692286010864,1,0.6906743983443473,success
11,21,23,0,33,0.0,38,1,129.65496700018838,2,4.899065405321724,success
6,33,33,1,16,0.0625,135,4,234.47408842752304,1,4.131840187774585,success
5,116,18,0,9,0.0,118,4,153.7289276918669,0,9.459175129440002,failure
9,60,77,0,46,0.0,53,2,155.80468542339412,0,5.507032245123422,success
6,51,9,2,6,0.3333333333333333,235,11,189.4795515924057,0,8.887604996155442,failure
9,151,17,2,16,0.125,63,3,327.38967320906244,0,0.97829841486679,success
15,113,60,3,18,0.16666666666666666,226,11,381.13421943179367,0,5.621934787897877,failure
8,82,14,2,34,0.058823529411764705,125,4,264.4451530764919,2,6.950052307556563,success
5,26,71,1,39,0.02564102564102564,299,7,257.3818902475978,0,1.595673098126268,failure
7,98,21,2,21,0.09523809523809523,83,3,108.8823610296176,2,8.497833275809533,failure
10,82,72,2,7,0.2857142857142857,289,15,228.42874009351064,0,8.803482981924937,failure
9,104,88,1,13,0.07692307692307693,178,6,605.1641554476157,0,6.810832404506269,success
10,100,28,1,11,0.09090909090909091,73,5,286.03763305262004,0,5.2510256639321815,success
7,136,48,1,24,0.041666666666666664,152,1,223.91147656032766,0,6.971534883045164,success
9,29,14,2,16,0.125,119,2,172.3727091161719,1,2.9232764102614817,success
8,79,87,5,11,0.45454545454545453,261,6,297.1390088930178,0,1.1960274411808416,failure
10,68,83,1,33,0.030303030303030304,206,6,173.44421899918635,0,5.565298566089016,failure
14,61,61,1,33,0.030303030303030304,225,2,159.66351212735705,2,4.877087481178224,success
4,216,80,0,22,0.0,146,7,436.9587887463615,2,4.322205519776874,success
9,43,82,1,6,0.16666666666666666,264,9,139.2933462205134,0,1.9711313681393277,failure
11,101,30,3,15,0.2,53,0,409.8579531296298,0,1.9836648474568883,success
10,36,4,3,30,0.1,263,5,124.66852937033926,1,9.853936339374213,success
7,20,12,1,31,0.03225806451612903,148,5,132.38112972897864,0,9.277620896609344,success
6,82,52,1,23,0.043478260869565216,84,5,250.40158598170945,1,2.60511519019319,success
7,121,43,0,42,0.0,286,5,230.13163958778887,1,0.6933614235627159,failure
9,6,108,3,24,0.125,223,6,370.3645796234396,0,3.3141321403116764,success
8,68,65,2,28,0.07142857142857142,154,3,197.50360580294588,2,8.467263761527157,failure
12,99,34,0,43,0.0,296,6,211.34399963960186,0,2.3117605345092134,success
9,92,81,3,17,0.17647058823529413,120,5,400.20927659844557,1,9.842493614181924,success
7,101,119,1,10,0.1,72,3,203.2532467821546,1,2.1164177724595477,failure
6,145,8,2,44,0.045454545454545456,177,9,156.51076176946935,0,5.624322535012137,success
9,12,37,1,41,0.024390243902439025,178,6,111.02825799233256,0,9.923541943910983,success
9,35,41,2,5,0.4,289,5,185.35067230684805,1,1.3879802979815916,failure
8,83,42,4,6,0.6666666666666666,242,6,187.22436318428362,0,2.0560367766798153,success
4,63,154,0,42,0.0,79,2,460.7331354354731,0,5.94561920034647,failure
4,88,127,1,45,0.022222222222222223,70,1,163.15209351036887,0,7.914739586074815,success
6,31,152,0,34,0.0,118,4,251.8160536593629,1,7.052695866488893,success
8,96,9,1,28,0.03571428571428571,177,4,181.79999724028326,1,5.932608013422695,failure
3,186,26,0,45,0.0,216,10,64.30714111490208,1,4.361880677457671,failure
5,214,24,0,42,0.0,20,0,147.21919136061865,0,7.8843191521352844,success
8,224,107,2,31,0.06451612903225806,171,5,323.1308672576006,0,1.4919606395346638,failure
6,52,64,1,34,0.029411764705882353,239,4,202.67982609802434,1,2.525748548874832,success
7,67,89,1,13,0.07692307692307693,234,6,155.68892388769956,2,7.914079072992268,failure
6,156,27,0,41,0.0,250,7,207.05732062162903,1,2.883842122014422,success
8,28,17,1,20,0.05,167,5,159.99319114509,0,1.468394632398701,success
8,195,13,2,39,0.05128205128205128,32,0,299.2870000688016,2,8.44535239978004,success
10,85,84,2,32,0.0625,129,6,161.03772036658262,1,7.710479583053612,failure
9,68,22,1,16,0.0625,95,3,371.1297609535881,1,6.424842136563642,success
16,87,3,1,16,0.0625,162,11,166.06147497544012,0,6.593311141595509,failure
10,42,17,0,13,0.0,205,3,283.62348878978855,2,6.671256987984903,success
6,72,45,2,33,0.06060606060606061,180,3,188.200220033529,0,7.332917266139625,success
8,148,142,0,25,0.0,267,10,306.1722231742981,1,3.2195672900684786,success
5,94,54,2,21,0.09523809523809523,204,6,236.9619875942052,1,8.667403598885397,success
9,220,17,1,37,0.02702702702702703,255,7,361.61982805154264,2,2.6705537723323274,failure
10,170,20,1,38,0.02631578947368421,25,0,304.32653197249624,0,4.195801156614944,success
11,73,35,4,30,0.13333333333333333,201,6,409.9259928280544,0,5.153290755372717,failure
7,196,118,0,22,0.0,140,2,227.26662049945085,1,8.081656879818675,failure
4,36,81,1,38,0.02631578947368421,150,6,164.20275223261868,2,4.388594999014515,success
5,44,78,1,42,0.023809523809523808,185,5,459.8693822954931,0,5.128521277570679,success
6,66,8,2,29,0.06896551724137931,195,5,300.6550144376334,0,8.537494746855447,success
14,29,5,0,38,0.0,242,9,347.51485085521443,0,9.997338303141216,success
10,50,34,1,49,0.02040816326530612,60,2,102.59047859978894,1,7.952757521649614,failure
8,59,86,4,19,0.21052631578947367,184,7,184.6267118271157,1,3.0867199253477358,failure
9,146,99,2,6,0.3333333333333333,202,10,360.77201985176356,2,1.1879027192186358,failure
7,212,5,3,27,0.1111111111111111,297,14,469.07847999754284,1,6.979847451897025,failure
14,151,3,1,49,0.02040816326530612,280,8,218.34925694988252,1,6.900073728903754,success
9,122,17,0,10,0.0,223,3,500.0685406015413,0,4.94034926279237,success
5,43,61,2,43,0.046511627906976744,144,1,396.27902086927344,1,7.27368444714655,failure
9,7,54,4,23,0.17391304347826086,225,8,318.3398500171125,0,0.7241158016927113,failure
6,43,13,1,38,0.02631578947368421,142,2,230.40230090257174,1,9.944226555835442,success
8,27,17,0,41,0.0,113,3,231.38171645167148,1,4.893507662204771,failure
9,123,3,0,27,0.0,298,10,241.80398731934181,1,5.714282662257917,success
9,11,23,3,19,0.15789473684210525,274,18,294.62539949858154,0,5.372226847786891,failure
6,178,24,0,6,0.0,184,4,56.98000012841236,2,5.491914234947426,success
5,113,11,1,42,0.023809523809523808,105,0,159.29867139322255,1,7.846325566297957,success
20,146,42,3,29,0.10344827586206896,146,1,198.92279492504807,1,0.8077421857173814,success
4,266,59,2,48,0.041666666666666664,66,1,165.81430540512028,1,9.214121331111837,success
6,145,147,2,12,0.16666666666666666,22,3,168.1836765508833,1,3.4987704624789577,failure
8,19,42,4,15,0.26666666666666666,47,0,363.4310363728688,0,6.288245406010689,failure
3,79,51,0,33,0.0,53,2,163.97380205521583,0,0.6725030715534781,success
6,18,19,0,9,0.0,62,0,161.933556446876,0,4.937709578612635,success
8,21,18,1,41,0.024390243902439025,31,0,191.76037375610838,0,8.167593054976281,success
8,58,24,3,24,0.125,232,4,167.1719906975267,0,3.2021785840590176,failure
5,216,30,2,16,0.125,248,5,215.53531789796895,1,3.6593409411914295,success
9,61,35,0,20,0.0,275,5,232.4991222601708,2,6.478015642272449,success
5,21,81,0,25,0.0,181,1,232.0491749669471,2,0.7859265458067578,success
8,98,17,4,41,0.0975609756097561,226,9,346.65175623957174,1,3.8972396851410283,success
4,177,22,1,25,0.04,273,6,50.269690472986646,0,7.83675075917778,success
9,98,52,1,32,0.03125,220,4,107.02658834835229,0,6.724225119708837,success
8,34,12,2,38,0.05263157894736842,293,7,143.46200034106806,0,5.497468720520021,failure
9,106,49,2,12,0.16666666666666666,228,9,226.892743399225,1,5.896996555735114,failure
8,21,58,3,35,0.08571428571428572,21,0,458.00569561015396,1,2.623519112447389,success
9,53,9,1,25,0.04,74,2,160.34581657718692,0,9.477405386230418,success
9,112,5,0,7,0.0,55,1,163.93990877542348,0,9.96459918851639,success
14,45,9,2,25,0.08,85,2,360.5452473164755,1,1.7156562268470605,success
11,37,63,1,33,0.030303030303030304,141,4,153.93894036019816,0,0.8518049794362442,success
10,4,36,0,36,0.0,136,5,178.0431939505013,1,1.817803452562891,success
7,43,36,1,30,0.03333333333333333,44,1,103.12188764655204,2,3.223830267764316,failure
11,113,73,5,17,0.29411764705882354,78,2,397.6416779726509,0,7.139199244006485,success
8,12,48,1,19,0.05263157894736842,107,4,291.81426625397467,0,5.413514877360951,success
8,117,65,1,6,0.16666666666666666,97,2,275.10456288968396,0,0.6521407143815506,failure
8,177,7,1,37,0.02702702702702703,253,5,199.7427424073218,0,5.078260917011636,success
6,161,81,1,35,0.02857142857142857,29,1,426.4667530472428,0,6.000050163660748,success
11,50,22,0,5,0.0,200,10,135.37493660547764,2,1.4220960346784723,failure
6,62,99,0,19,0.0,241,11,276.361674129342,1,0.9520911629558918,success
8,31,9,1,43,0.023255813953488372,283,9,171.92580848702124,1,4.252727945981173,success
9,37,18,1,19,0.05263157894736842,83,2,275.830012823874,1,7.774345684405515,failure
6,58,99,0,24,0.0,180,6,202.54468193916122,1,1.7360268069866323,success
6,103,82,0,11,0.0,229,9,167.11017920692987,0,1.3747147554367818,success
10,158,55,0,40,0.0,231,4,84.0107327019239,0,8.413172905072694,failure
11,43,78,5,47,0.10638297872340426,182,7,227.26357883963982,1,2.637003975010633,failure
9,58,3,2,16,0.125,271,9,211.73296252118993,0,1.2781775340094454,success
10,55,20,3,17,0.17647058823529413,92,2,438.8253163725498,0,9.072855044051385,failure
4,46,49,1,9,0.1111111111111111,156,7,463.7241789786985,1,3.896902320627668,failure
5,161,84,0,47,0.0,115,1,231.34027136632955,1,4.2335939705720556,success
7,123,43,1,10,0.1,289,13,119.80015371243432,1,9.68659422512009,failure
9,188,57,2,9,0.2222222222222222,75,2,233.36596887501986,1,7.080271717434558,failure
8,95,18,0,49,0.0,183,7,885.0416203214415,1,9.122192392462416,failure
5,48,105,3,43,0.06976744186046512,115,2,359.54700094114025,0,3.11002757729556,failure
11,38,90,3,47,0.06382978723404255,174,5,153.19584933062308,1,6.103109919109366,success
7,9,14,1,10,0.1,263,3,190.45285688474343,0,4.705849170150217,success
6,40,135,0,10,0.0,40,0,198.417078175232,3,9.990474646138399,success
6,28,45,1,15,0.06666666666666667,91,4,226.36085846736054,1,4.903878996277093,success
11,139,26,1,31,0.03225806451612903,129,3,59.166072081965375,0,6.904827302769468,failure
9,149,11,2,20,0.1,160,6,215.36254774849294,2,2.095231397889001,success
9,31,0,1,49,0.02040816326530612,275,11,468.6396726436233,0,1.4903903259532358,success
13,77,56,1,7,0.14285714285714285,277,8,341.9032436070256,1,1.0792525997655316,failure
4,39,49,1,26,0.038461538461538464,87,3,596.6490952597849,0,5.766567848271839,success
11,185,39,2,36,0.05555555555555555,82,3,506.1222150252031,1,8.749562674405459,success
15,46,88,1,29,0.034482758620689655,253,4,194.53911993635055,0,8.750580315519368,failure
13,90,157,2,22,0.09090909090909091,242,4,110.9131545095741,1,0.7873920687169629,success
11,225,34,2,23,0.08695652173913043,164,5,274.29876902941174,0,7.964501922476826,success
9,132,72,3,34,0.08823529411764706,190,11,371.4124611372463,0,8.812085323040105,failure
4,88,63,0,39,0.0,85,3,135.2990352566477,0,8.092049545951038,success
11,78,5,0,31,0.0,96,4,204.39158201933893,0,0.3408929718031229,success
10,27,34,1,22,0.045454545454545456,78,3,135.28750035984189,1,7.085968331684959,success
5,62,37,4,17,0.23529411764705882,269,9,309.6059334903767,0,3.7751724236319597,failure
9,89,15,0,48,0.0,235,5,224.17687285028194,1,7.30551721053074,success
7,133,67,3,35,0.08571428571428572,106,5,71.31713799879327,0,4.642845436685687,success
8,59,33,1,7,0.14285714285714285,58,2,258.72377424423945,1,6.7324715886798225,success
4,113,72,2,35,0.05714285714285714,117,8,196.5606382188554,1,2.8111285060544007,success
5,52,27,0,28,0.0,112,1,542.2469633141318,0,1.5458014559726148,success
7,160,18,7,41,0.17073170731707318,180,4,296.19159701947876,1,9.224769555535037,failure
9,118,25,0,26,0.0,69,0,184.19017064563013,0,7.216027389542229,success
9,138,30,1,37,0.02702702702702703,164,7,70.20611452925658,1,9.441803137258619,failure
4,231,82,2,49,0.04081632653061224,95,4,149.11490936529555,0,8.090465801119048,success
7,181,46,1,19,0.05263157894736842,185,7,200.16377071970615,2,2.3680576836502114,success
6,34,7,2,42,0.047619047619047616,272,9,356.1849451091302,0,7.036672492773113,failure
12,89,41,1,46,0.021739130434782608,204,3,170.72268082275477,1,5.646035470413365,success
9,187,101,1,18,0.05555555555555555,25,0,162.58127979971874,1,2.8397945136493403,success
10,133,37,1,19,0.05263157894736842,70,3,343.46773043812806,0,8.673844729650973,success
10,24,9,2,33,0.06060606060606061,93,2,89.71663820472851,0,7.817764552539467,failure
9,40,29,2,30,0.06666666666666667,149,6,294.37694500602765,0,1.3714108663953029,success
8,103,41,2,26,0.07692307692307693,251,6,443.8635261737617,1,5.742742938094507,failure
10,104,10,1,8,0.125,23,1,165.00867405106155,1,7.706636615123183,failure
7,25,25,1,37,0.02702702702702703,115,3,280.94478599417886,0,1.6953554883315174,success
10,52,53,3,9,0.3333333333333333,130,7,215.70410695807618,1,9.918805396449281,success
11,141,6,3,32,0.09375,184,5,224.88499565878269,0,6.0864402372703035,failure
9,61,36,2,39,0.05128205128205128,225,5,496.85116054102235,0,8.631336713042687,success
13,158,41,3,46,0.06521739130434782,25,0,335.32621582305853,0,5.507880362331573,success
5,70,59,1,36,0.027777777777777776,42,0,233.5715353248121,0,3.157988305593964,success
6,116,34,3,33,0.09090909090909091,192,6,480.6409093697506,2,8.37139561009714,failure
8,47,13,1,28,0.03571428571428571,38,2,266.9928794260359,1,4.529214248352382,success
7,150,73,1,34,0.029411764705882353,81,5,106.17342755400458,1,5.868134933882641,failure
10,181,73,2,13,0.15384615384615385,38,1,66.65947596741732,0,5.799395345541805,success
3,43,54,1,22,0.045454545454545456,226,8,354.41224181753046,1,0.6837816050145206,success
6,134,48,2,15,0.13333333333333333,105,4,69.74983663824302,1,3.459110924614185,failure
6,140,32,3,26,0.11538461538461539,271,12,157.20209990843483,0,3.401662152523158,failure
10,74,4,0,41,0.0,193,4,74.35261587675087,0,0.5326744782791931,failure
10,184,35,1,27,0.037037037037037035,236,8,273.1262689336357,1,1.1367518732817905,failure
9,14,127,1,33,0.030303030303030304,24,2,77.08282201269031,0,5.7531358628289775,success
4,29,69,1,17,0.058823529411764705,41,0,358.35016922355436,1,3.2887112519057005,success
9,218,31,3,36,0.08333333333333333,52,1,232.9388922143523,2,5.068207470569379,failure
5,165,77,1,48,0.020833333333333332,198,8,210.01834169421807,2,4.886530790258317,success
9,49,7,1,14,0.07142857142857142,289,8,267.2262716236158,0,6.577072171074568,failure
3,185,75,0,47,0.0,188,3,276.2935155559954,2,8.51111928668466,success
15,205,79,1,10,0.1,229,7,451.09910874535285,0,2.346289493952754,failure
2,159,54,0,25,0.0,241,7,359.85344963941213,0,3.679641938811141,success
5,107,24,0,39,0.0,51,1,67.3875009181694,0,5.6162615369753235,success
9,82,35,3,7,0.42857142857142855,166,4,276.100288854389,1,7.440704651847212,failure
7,154,114,2,25,0.08,280,4,395.09827346612457,0,3.8960169885662577,failure
7,75,29,1,24,0.041666666666666664,144,5,281.99696979888876,0,2.7247721452783056,success
8,97,24,0,47,0.0,285,9,140.83066395305025,0,6.7858911709982594,failure
4,43,36,3,38,0.07894736842105263,62,2,111.39967825770759,0,6.672315994405375,failure
9,35,8,2,7,0.2857142857142857,227,1,422.6708261783856,0,7.593059369885588,success
10,94,21,1,49,0.02040816326530612,260,4,170.88580389185938,1,5.0254955421140775,failure
6,84,2,1,49,0.02040816326530612,261,5,147.7196836804019,1,0.8467410277709561,success
8,227,53,1,44,0.022727272727272728,239,7,296.64229828065567,0,5.927135561032378,success
10,204,74,1,41,0.024390243902439025,46,2,163.68557444642312,0,3.211090317448487,success
9,31,13,0,9,0.0,135,3,163.67092807972796,0,9.97891953844571,success
7,136,22,1,15,0.06666666666666667,261,10,350.7445152313779,0,5.856156471638507,failure
9,154,119,2,21,0.09523809523809523,222,5,244.5054809907368,1,4.477241924169778,success
8,73,23,1,8,0.125,180,7,263.6216066382164,0,7.643683165999696,success
11,123,101,0,12,0.0,72,4,596.1167659098348,0,9.78350256552737,success
12,378,9,2,45,0.044444444444444446,242,10,167.99532001062104,1,4.985441943728381,success
7,74,46,2,26,0.07692307692307693,168,6,129.33098373439742,3,3.3804317689440238,success
10,11,45,2,36,0.05555555555555555,64,0,282.7381997783273,0,4.8667707427372,success
9,221,43,1,31,0.03225806451612903,62,1,150.41790996510713,0,6.9686876085485245,success
9,109,32,2,10,0.2,282,6,183.2622380508479,0,6.765155106577231,success
7,119,10,2,35,0.05714285714285714,188,5,246.96425805117207,1,7.475734572276787,success
4,233,18,3,8,0.375,260,7,377.24341283564803,1,6.240699712690261,success
10,31,32,3,43,0.06976744186046512,204,7,347.13397504796114,0,9.547846554192128,failure
5,193,37,0,34,0.0,47,1,299.4866364724467,0,3.7124807011542864,success
9,72,38,1,47,0.02127659574468085,248,7,387.66869825567414,1,0.11233523123234834,failure
7,5,55,1,37,0.02702702702702703,277,10,182.8285627254403,0,1.5796777317399657,success
11,196,24,5,35,0.14285714285714285,234,2,324.11547018497504,1,0.5352877177795842,failure
12,88,16,1,32,0.03125,191,8,393.3911036498562,0,1.605489549842364,success
8,167,11,0,29,0.0,189,0,189.34235701572538,0,2.2271616438283828,success
7,204,132,2,21,0.09523809523809523,290,8,121.25854850558781,1,2.7909178700576573,success
5,144,61,3,35,0.08571428571428572,226,10,191.25373233534563,1,0.34294192881039703,success
8,43,36,1,40,0.025,110,3,488.9503021663609,0,2.8907355707395315,success
7,78,12,1,47,0.02127659574468085,166,6,118.30500474932143,1,1.5725082029500934,success
10,83,5,0,21,0.0,277,7,239.10364051992403,0,0.9513030035785208,success
3,56,24,1,14,0.07142857142857142,155,7,193.67694939524074,1,5.854419710762717,success
7,59,33,4,26,0.15384615384615385,286,19,98.03398710619892,0,2.0102373309325756,failure
9,143,4,1,35,0.02857142857142857,59,3,248.98972921582353,1,0.905783769977892,success
11,32,73,0,34,0.0,168,2,273.6914609729432,0,1.8759202667996822,success
4,46,23,0,24,0.0,122,2,111.11733539107739,2,8.691951189524989,failure
3,130,168,2,18,0.1111111111111111,38,1,506.3158160645202,2,5.341397338647452,failure
7,167,65,2,19,0.10526315789473684,161,9,157.03434018871798,0,5.3914216068179535,success
9,180,2,2,47,0.0425531914893617,263,7,465.98682916909365,1,2.7953460481966355,success
12,201,3,1,23,0.043478260869565216,25,0,102.85738130949296,0,5.209797736949349,success
9,60,13,0,44,0.0,65,5,160.54531005448308,1,7.386365408372293,failure
16,33,84,0,35,0.0,179,7,238.5759507342145,1,6.005533131185266,success
7,60,25,1,41,0.024390243902439025,77,3,175.80833438738392,1,5.417294427019544,success
10,29,96,3,27,0.1111111111111111,87,1,281.8844078698439,0,3.6996807251830957,success
8,113,19,1,48,0.020833333333333332,213,5,280.63763577121694,1,6.342818156255467,failure
7,141,31,0,18,0.0,225,7,307.8874444452324,0,8.585165415962482,failure
10,135,14,7,26,0.2692307692307692,81,3,56.20938787792526,1,1.9877510525024553,failure
7,63,61,1,34,0.029411764705882353,71,1,152.26008633405385,0,8.259295808687806,success
9,137,13,2,12,0.16666666666666666,70,1,376.19126954596084,1,4.892368859064815,failure
7,112,75,3,48,0.0625,128,3,242.50908543029607,3,9.794654931313298,success
8,169,45,2,35,0.05714285714285714,41,1,246.7189054095127,0,2.6933330129549744,success
9,164,45,0,20,0.0,246,10,336.547729843129,1,1.0666363786857924,failure
9,129,129,2,43,0.046511627906976744,147,8,285.08392295476796,1,1.6896809336520893,success
4,282,10,0,28,0.0,237,5,135.84410560442862,0,0.2897475784611472,success
5,109,19,0,25,0.0,257,6,49.899446810286356,1,3.716921549204855,success
9,40,24,2,12,0.16666666666666666,157,6,365.2864287104719,1,3.2703890275654977,failure
8,191,6,1,22,0.045454545454545456,41,0,207.91446031542478,1,6.420232738194101,success
9,40,9,0,42,0.0,120,2,140.69339133218466,1,1.711380270394677,success
3,95,9,2,10,0.2,226,8,301.85508483882825,3,7.631825830375915,failure
5,91,21,1,18,0.05555555555555555,133,4,180.6287413595723,2,3.2934612047179894,success
8,86,17,0,34,0.0,143,5,129.91215189726174,1,8.775379241843147,success
4,21,47,3,18,0.16666666666666666,166,2,272.21173276593964,1,1.9140364781302275,success
5,77,6,0,11,0.0,239,7,202.98900838930246,0,7.994781163819201,success
4,240,6,0,8,0.0,182,6,134.61216060089845,1,1.943556914616808,success
13,75,6,3,23,0.13043478260869565,279,8,338.9199233270865,0,0.29382816599040057,success
9,10,64,1,29,0.034482758620689655,156,2,119.1104748507946,0,0.6785358043860915,success
9,87,29,1,29,0.034482758620689655,55,0,388.3673227221506,0,8.174499872581524,failure
5,135,62,0,23,0.0,168,5,243.22944161481573,0,5.3725677225679735,success
7,95,9,1,34,0.029411764705882353,248,5,165.92543300274545,1,3.280456783503187,success
5,63,63,1,47,0.02127659574468085,259,6,152.80248148577078,2,6.450730543723462,success
14,37,221,0,34,0.0,191,5,285.37080364070954,1,3.834520347687247,success
8,59,109,3,19,0.15789473684210525,74,2,541.3368756350048,0,8.215394465864163,success
8,128,125,4,33,0.12121212121212122,121,2,195.79430452189794,1,7.509174653211047,failure
6,151,41,1,39,0.02564102564102564,118,3,202.40426760311948,1,4.723806626363863,success
6,46,7,2,37,0.05405405405405406,142,3,202.50946660901718,1,0.20945940872206747,failure
7,166,3,1,43,0.023255813953488372,138,2,128.99710026199688,0,5.2424885641631045,success
9,100,69,2,44,0.045454545454545456,94,4,173.13824210849933,1,3.8909433484754397,success
2,109,44,2,27,0.07407407407407407,232,9,260.0110732291715,1,5.97960374132107,success
12,117,77,1,27,0.037037037037037035,147,6,145.40836413834592,1,1.691031507393913,success
8,57,19,3,47,0.06382978723404255,30,0,141.42793730703423,1,6.682022579093035,success
6,224,80,1,41,0.024390243902439025,229,7,368.7396810318385,0,2.1416276087141872,success
9,251,23,1,46,0.021739130434782608,37,1,311.51444002699805,2,9.801177458373894,success
14,33,57,0,34,0.0,77,2,327.71419655423756,1,8.207275123513961,success
5,23,103,1,20,0.05,170,2,317.00668045024855,0,1.8934698496720757,success
3,104,24,3,37,0.08108108108108109,175,9,267.8882695434095,1,5.486833469971871,success
5,42,38,0,31,0.0,258,12,91.84668264501929,0,4.603498932431596,failure
12,131,24,2,14,0.14285714285714285,46,1,507.7198168607148,0,8.124036576617268,success
7,106,56,2,24,0.08333333333333333,207,9,198.70285897863369,0,7.423356168053835,failure
3,59,53,1,8,0.125,218,5,178.05072163314838,1,3.0301535605381837,success
11,22,92,3,24,0.125,125,4,55.523453622255566,0,3.706989740332551,failure
6,94,5,2,19,0.10526315789473684,198,7,180.47126992362968,0,0.6958626289749246,success
9,13,107,2,42,0.047619047619047616,94,3,283.1541093741347,1,5.716335120581199,success
4,150,61,4,19,0.21052631578947367,207,4,115.64561582356313,0,7.613633802147301,failure
6,35,19,3,21,0.14285714285714285,40,1,86.82898337158827,1,4.247718804234323,success
7,93,25,0,24,0.0,187,7,75.1360691285087,2,9.462528827835675,failure
10,34,77,1,21,0.047619047619047616,115,5,137.94072337448685,0,1.4582651019532427,failure
6,78,26,1,16,0.0625,95,2,299.47931540856814,1,8.919484738624345,success
6,22,65,2,15,0.13333333333333333,185,6,145.79902246771272,0,0.3132564483084198,success
8,254,107,3,34,0.08823529411764706,286,6,152.4413032258137,0,9.141124051587083,success
9,94,102,0,30,0.0,245,5,204.9830564201319,2,3.125128305310942,failure
7,24,29,2,29,0.06896551724137931,117,2,196.81443918758558,1,1.1868135577193761,success
7,42,53,0,49,0.0,274,8,128.4193471489879,0,9.893671941562399,success
15,44,26,2,21,0.09523809523809523,295,10,111.57260189797384,0,7.470731457427725,success
12,132,86,1,45,0.022222222222222223,205,9,148.46604130928603,0,5.348994986156154,success
4,111,7,1,5,0.2,175,5,82.66260288305381,0,3.9976980013531813,success
8,46,3,1,30,0.03333333333333333,127,4,282.90963639372507,2,2.625406062227443,failure
8,54,72,0,7,0.0,38,0,265.15005191605104,0,6.015214554958973,success
8,68,3,2,47,0.0425531914893617,151,3,88.17189871823126,0,4.544191394156909,success
7,43,14,2,15,0.13333333333333333,226,6,287.0612797799693,0,5.11407451709642,success
4,42,20,1,32,0.03125,56,2,292.2975497421061,1,4.672770827621644,success
8,90,61,0,32,0.0,119,1,208.85775653079259,1,6.459013870370663,failure
7,144,38,1,34,0.029411764705882353,259,4,104.2367877366529,0,9.246930228328116,success
6,64,15,1,39,0.02564102564102564,83,3,137.07305280712555,0,9.533040767726469,success
7,54,0,2,11,0.18181818181818182,252,5,91.10505406228218,0,8.367401246266363,success
8,92,22,0,37,0.0,97,3,87.55284662410332,1,2.757629162391435,success
6,12,30,0,31,0.0,130,7,309.905334327846,0,2.553525890957885,success
10,113,144,3,33,0.09090909090909091,235,10,184.5183184788144,0,5.811248861620167,success
10,211,1,2,31,0.06451612903225806,268,4,159.68802705565517,0,9.748800702779931,success
9,85,50,1,46,0.021739130434782608,220,3,176.4799765444235,0,5.563109140761204,success
12,57,38,1,35,0.02857142857142857,70,1,299.4134545056517,1,1.2070146114428562,failure
8,61,40,2,9,0.2222222222222222,42,0,128.88650691869847,0,8.664587885451985,success
11,38,2,2,38,0.05263157894736842,197,4,468.7658805415317,1,7.492949932661177,success
9,79,69,2,41,0.04878048780487805,44,1,122.43285560898393,0,2.4642240762005323,success
8,182,47,3,25,0.12,101,1,239.53846717019096,1,6.336147937331631,success
12,90,10,0,30,0.0,151,4,204.8693731025798,1,2.323640299774251,success
8,85,0,5,47,0.10638297872340426,158,5,206.64381724928094,0,4.309909886648373,success
7,100,59,1,9,0.1111111111111111,57,2,325.3247303253717,0,2.4445782515762495,success
3,80,18,1,37,0.02702702702702703,296,8,315.9766468216744,1,6.008065948147283,success
6,58,48,2,46,0.043478260869565216,66,1,321.5716379590973,1,3.1013926411135486,failure
9,231,79,1,6,0.16666666666666666,134,5,152.40994702361502,1,1.7640561074439935,success
9,142,150,1,27,0.037037037037037035,87,5,55.56104616479816,0,0.6900383560299577,success
10,47,130,1,47,0.02127659574468085,247,7,257.68039356090867,1,6.354838588347223,failure
13,112,166,1,33,0.030303030303030304,74,1,121.27774887227982,3,6.006111715004523,failure
7,46,97,1,22,0.045454545454545456,66,3,182.63718147220519,1,2.0268327405386173,failure
4,46,12,2,39,0.05128205128205128,273,12,173.63272779978257,1,0.12761755397310207,success
12,12,17,3,14,0.21428571428571427,258,13,325.80041707956804,1,1.4476322461607556,failure
6,57,66,2,43,0.046511627906976744,34,0,117.45332103838761,0,3.123167603221287,success
7,54,28,1,37,0.02702702702702703,40,1,401.11442404692895,1,5.279029613556505,success
5,87,49,2,36,0.05555555555555555,40,3,145.8639973969213,1,8.867438368570953,success
6,119,32,0,46,0.0,60,1,172.95738222507734,1,2.181942414601913,success
9,136,22,1,41,0.024390243902439025,31,0,224.84845110563035,0,2.2334248395723497,failure
5,102,8,0,27,0.0,201,7,122.80694982053524,0,8.45728677311046,success
7,86,18,3,5,0.6,204,6,156.2130826150038,1,5.131518033750176,failure
10,158,20,0,21,0.0,33,2,254.41535010275854,3,6.944891751299404,success
6,72,14,1,40,0.025,150,5,257.96076884217865,0,3.5327696054658193,success
6,12,47,0,31,0.0,167,5,292.3718696830255,0,8.40493080088458,success
6,54,82,3,43,0.06976744186046512,138,1,372.3285986562703,1,4.552808360855494,success
7,75,26,2,5,0.4,118,8,271.48274668130574,0,9.038993415543406,failure
13,58,56,2,42,0.047619047619047616,44,1,86.65805032401524,1,4.064804202862217,failure
6,13,70,1,18,0.05555555555555555,213,7,162.3997709636481,3,8.106408426682755,success
8,144,44,2,8,0.25,138,4,259.8015963282433,1,0.6512735055814213,failure
8,46,73,3,36,0.08333333333333333,234,9,271.233939992394,0,6.859941325541595,failure
8,55,17,3,25,0.12,128,4,376.3804765169537,1,1.501122836478024,success
7,94,56,0,47,0.0,99,2,430.5978977809118,1,8.98145090159189,success
12,102,45,1,6,0.16666666666666666,70,2,165.36362180497792,1,9.649981631597255,success
5,36,99,3,29,0.10344827586206896,117,5,326.639309131164,0,3.2804782870474405,success
3,30,57,1,42,0.023809523809523808,170,6,375.94997957106403,1,5.670373961175092,success
9,16,3,2,18,0.1111111111111111,23,2,95.71431197073292,0,4.057601813941212,success
12,132,16,1,17,0.058823529411764705,62,3,433.81237854815896,0,6.1678772485179305,success
10,100,76,0,48,0.0,282,8,113.86301442561616,0,3.6090130522281707,success
8,65,104,0,23,0.0,210,8,163.32844656601546,0,8.209611516947108,success
6,16,78,2,16,0.125,259,7,313.9700278547815,0,0.4105387116864535,failure
7,78,41,0,35,0.0,68,1,262.662947643809,2,7.438943198601921,success
6,263,40,2,38,0.05263157894736842,40,1,330.83852960461235,0,0.23695731598975492,success
12,68,85,1,45,0.022222222222222223,126,3,145.1886289412302,1,9.632603380839187,success
3,73,13,3,27,0.1111111111111111,123,1,294.8177105050538,0,0.5014301503754035,success
10,69,55,3,13,0.23076923076923078,283,6,326.2221577691574,0,7.970520344090198,success
7,32,13,0,20,0.0,149,2,264.49564932508713,0,7.026114518610515,failure
8,5,51,1,28,0.03571428571428571,40,2,238.28021097520062,0,8.621436792304365,success
9,131,44,4,12,0.3333333333333333,167,6,347.68396185401957,1,1.3719117623751942,success
9,51,53,1,41,0.024390243902439025,96,3,274.13051463585725,0,3.613230230935523,success
8,23,52,0,35,0.0,223,11,103.79699604374338,0,0.9515459638970813,success
8,73,24,2,36,0.05555555555555555,86,1,249.1066332878601,0,2.9561040735074795,success
7,161,32,4,46,0.08695652173913043,85,1,247.889692748362,0,6.132522324687979,success
6,45,17,3,27,0.1111111111111111,129,7,219.6642807474351,1,9.7020298022923,success
9,18,45,1,42,0.023809523809523808,208,7,240.62805801143608,1,2.617125219570342,success
6,249,15,1,40,0.025,268,8,170.79766830308765,0,3.4728601865433295,success
10,77,86,2,36,0.05555555555555555,49,2,370.8909103064829,1,4.137963152243252,failure
8,131,35,2,27,0.07407407407407407,158,3,105.63105835447453,0,0.40342496349411405,success
13,160,129,0,27,0.0,98,3,198.67952640744363,0,6.915801119821151,success
8,21,37,1,37,0.02702702702702703,267,7,342.7915019631931,2,1.3501991258664532,failure
7,42,5,2,45,0.044444444444444446,35,0,150.5620768413883,0,8.796306771648027,failure
10,83,88,1,30,0.03333333333333333,37,2,338.4643652547499,0,4.206493347625724,success
8,60,89,1,44,0.022727272727272728,241,5,358.99090514738026,1,8.754381124649933,success
17,40,25,1,7,0.14285714285714285,148,1,286.56225571152993,1,7.373693890686474,success
7,111,35,0,5,0.0,66,1,154.94407572138036,1,7.811073293632068,success
7,107,16,3,17,0.17647058823529413,186,4,68.28795574769063,0,3.820264584755513,failure
8,103,101,0,31,0.0,64,3,179.78702736338113,1,8.14761895514004,success
8,90,56,2,31,0.06451612903225806,276,5,319.8550069846449,0,5.652946103049023,failure
9,107,16,3,48,0.0625,55,4,176.25316898080263,0,1.7732599813936822,success
8,153,8,1,26,0.038461538461538464,236,5,134.78466314618242,0,8.934084005077533,failure
9,53,41,1,15,0.06666666666666667,196,9,157.89803676839122,1,4.129337721651704,failure
7,208,23,2,19,0.10526315789473684,166,3,80.2597888634473,1,8.988452864053773,failure
7,54,2,1,34,0.029411764705882353,244,3,258.8827625546351,0,5.800772086535859,success
11,85,8,0,22,0.0,79,2,67.27332467833988,0,0.6083796646464102,success
11,72,59,5,48,0.10416666666666667,25,0,261.1910475021207,0,7.870155618248234,failure
9,30,7,2,28,0.07142857142857142,185,6,235.76379840859678,0,0.3529637267320843,success
7,257,119,3,36,0.08333333333333333,46,2,149.27357766629757,0,1.081638987626256,success
10,95,16,0,26,0.0,207,10,194.61101331624263,2,3.4368125362938176,failure
6,90,32,2,9,0.2222222222222222,258,13,145.33975539561573,1,6.348289927228028,failure
10,124,26,0,9,0.0,75,2,153.73240165732673,1,4.335894960070542,success
9,200,43,2,26,0.07692307692307693,286,6,196.77308627016674,1,4.036284787525101,success
9,78,45,0,43,0.0,44,0,242.17347479573039,0,4.336860029104353,success
5,51,14,1,26,0.038461538461538464,297,5,784.3016497308288,1,1.3570303751703734,failure
11,63,49,0,11,0.0,176,4,172.50849205146667,0,7.0221143157570625,success
12,201,26,2,25,0.08,108,6,245.5651486877265,0,2.0910553362231377,failure
6,173,17,2,39,0.05128205128205128,106,2,155.15362130836925,1,4.406607120017955,success
8,265,60,0,14,0.0,203,7,116.39499252375238,2,9.70159645576313,success
8,42,32,0,16,0.0,235,13,70.9796320721495,1,9.285234641930915,success
13,77,100,1,41,0.024390243902439025,25,0,185.9381520602562,1,7.7081969225538725,success
11,71,12,3,27,0.1111111111111111,109,5,195.69222980777062,1,8.871205570170432,success
7,389,1,1,42,0.023809523809523808,298,10,230.82285509010646,1,6.886207722401738,failure
9,169,49,0,17,0.0,266,10,223.58581319852138,0,8.215094307033633,failure
